{
    "1": 0.005174946581196581,
    "2": 0.004856046728648948,
    "3": 0.004859086491739553,
    "4": 0,
    "5": 0.003886645149297869,
    "6": 0.006042051381734539,
    "7": 0.004548675775005356,
    "8": 0.004566134775154952,
    "9": 0.003865444808990459,
    "10": 0.004786527845713088,
    "11": 0.0037810867700943324,
    "12": 0.00454771548355006,
    "13": 0.005072786804605475,
    "14": 0.003710859044740718,
    "15": 0.004189790142967401,
    "16": 0,
    "17": 0.002803236644863715,
    "18": 0,
    "19": 0.003925472371436084,
    "20": 0.004532299459400426,
    "21": 0.004438405797101449,
    "22": 0.0021735630333279666,
    "23": 0.004870297643654402,
    "24": 0,
    "25": 0,
    "26": 0.0012917810431131924,
    "27": 0.0052656855682480875,
    "28": 0.004503693028283192,
    "29": 0.004393370005264782,
    "30": 0.004588129643236183,
    "31": 0,
    "32": 0.0038443246670894103,
    "33": 0,
    "34": 0.005999637484139931,
    "35": 0,
    "36": 0.0012958963282937365,
    "37": 0.005679613362966099,
    "38": 0.004415164525717464,
    "39": 0.004459474525251774,
    "40": 0.0036362214576165157,
    "41": 0.003770028275212064,
    "42": 0.00326809950401784,
    "43": 0,
    "44": 0.004661365505895256,
    "45": 0.004864055874282864,
    "46": 0.004810305915687857,
    "47": 0.0044824045247836225,
    "48": 0.0005448051817026171,
    "49": 0.004346616593643508,
    "50": 0.004829448906219257,
    "51": 0.005318254756628715,
    "52": 0.0026957360146396174,
    "53": 0.004195297123718104,
    "54": 0,
    "55": 0.0041876196782333255,
    "56": 0.004515692029803568,
    "57": 0.004575441583315599,
    "58": 0.0046721364849905585,
    "59": 0,
    "60": 0.0037129609505180032,
    "61": 0.004526381868041101,
    "62": 0.0053435114503816794,
    "63": 0.004727023418612203,
    "64": 0.004262238959260528,
    "65": 0.004208266068993621,
    "66": 0.00014905436471309902,
    "67": 0.0036999334403508086,
    "68": 0.0036805011746280343,
    "69": 0.008342908527751412,
    "70": 0.007352941176470588,
    "71": 0,
    "72": 0.0027156635594590226,
    "73": 0,
    "74": 0.0036091111643066272,
    "75": 0.006785065440658485,
    "76": 0.004092389791942903,
    "77": 0.004693733865289838,
    "78": 0.005215080551403422,
    "79": 0.004790285746114856,
    "80": 0.004651458144814338,
    "81": 0.002082248828735034,
    "82": 0.004611689351481185,
    "83": 0.004541892793917056,
    "84": 0.004364996882145084,
    "85": 0,
    "86": 0.003444794203242858,
    "87": 0.004380430471932797,
    "88": 0.005457050330106815,
    "89": 0.0034264374675162176,
    "90": 0.004920626640933354,
    "91": 0,
    "92": 0.004954216208828755,
    "93": 0.00034871689333264733,
    "94": 0.004440677341489931,
    "95": 0.0036704964728822955,
    "96": 0.004155980305895127,
    "97": 0,
    "98": 0.00046305728944785046,
    "99": 0.004462467133281487,
    "100": 0.0012310051863661132,
    "101": 0.0047964782023062515,
    "102": 0.00041978816843192974,
    "103": 0.004460785167889317,
    "104": 0.003801694359211872,
    "105": 0,
    "106": 0.006007695658487005,
    "107": 0.005869059264006476,
    "108": 0.003762241464060196,
    "109": 0.004121968886895934,
    "110": 0.004711948790896159,
    "111": 0.001937584478017405,
    "112": 0.004261124712654419,
    "113": 0.0040781861952499015,
    "114": 0.005020934188146016,
    "115": 0.003990495365583792,
    "116": 0.004715483297345358,
    "117": 0.004900502301485902,
    "118": 0.004202143276570758,
    "119": 0.0042295603585425475,
    "120": 0.004370366438416759,
    "121": 0.006496563412108088,
    "122": 0.0045362507651980095,
    "123": 0.004165160995834839,
    "124": 0.0024461547640355586,
    "125": 0.004379770821788019,
    "126": 0.006391149064153173,
    "127": 0.0044728434504792336,
    "128": 0.004378603225571043,
    "129": 0.0041150737747460515,
    "130": 0.00463610142799002,
    "131": 0.004546430872771533,
    "132": 0.004461245061980657,
    "133": 0.004548418650146723,
    "134": 0.0031365277257215,
    "135": 0.0006367771280051982,
    "136": 0.0010921758779775916,
    "137": 0,
    "138": 0.004386535566253415,
    "139": 0.0038583019688687987,
    "140": 0.004436958962657105,
    "141": 0.004544556411776329,
    "142": 0.006590663876142317,
    "143": 0.0020502100460292254,
    "144": 0,
    "145": 0.005459867161994821,
    "146": 0.00046211610667180127,
    "147": 0.0016928657799274486,
    "148": 0.0012281964121777535,
    "149": 0.004917591916708287,
    "150": 0.0042030558282948344,
    "151": 0.0036609009282225135,
    "152": 0.004007089465978269,
    "153": 0.005939788445890968,
    "154": 0,
    "155": 0.005026253972640597,
    "156": 0.004823729478710184,
    "157": 0.00018205356420422365,
    "158": 0.006005960803203179,
    "159": 0,
    "160": 0.0036079374624173183,
    "161": 0.001252828968638862,
    "162": 0.005848450330675462,
    "163": 0.0038599709546740042,
    "164": 0.005831126892055281,
    "165": 0.004554872820805945,
    "166": 0.004603784528383963,
    "167": 0,
    "168": 0.0037401011353878446,
    "169": 0.006338992332968236,
    "170": 0.004264752850996674,
    "171": 0.004281850961538462,
    "172": 0.004538124527278695,
    "173": 0.004075610880590133,
    "174": 0,
    "175": 0.004583304177454342,
    "176": 0.004478384213249594,
    "177": 0.004775832068416571,
    "178": 0.00430487333738065,
    "179": 0.0030188383353262896,
    "180": 0.004573862644460738,
    "181": 0.0027913468248429866,
    "182": 0.0039847710729292015,
    "183": 0,
    "184": 0.0012917810431131924,
    "185": 0.0035071925579999623,
    "186": 0.004611466721728956,
    "187": 0,
    "188": 0.00364860010964705,
    "189": 0.0037133399293976816,
    "190": 0.004892043991613639,
    "191": 0.004933698306807193,
    "192": 0.004385510549397424,
    "193": 0.0038543977738502615,
    "194": 0.004806312769010043,
    "195": 0.00285099086885442,
    "196": 0.004377666481172324
}