{
    "0": 0.005174946581196581,
    "2": 0.37665620641562064,
    "3": 0.32773626373626374,
    "4": 0,
    "5": 0.22110246871829556,
    "6": 0.3902888299440024,
    "7": 0.3787100237748294,
    "8": 0.3748663101604278,
    "9": 0.20780314371257486,
    "10": 0.34834494773519165,
    "11": 0.126263571695994,
    "12": 0.29877311214791774,
    "13": 0.38252915029311346,
    "14": 0.18120550545799716,
    "15": 0.28290468986384265,
    "16": 0,
    "17": 0.08868413475381515,
    "18": 0,
    "19": 0.23524338827136834,
    "20": 0.2863966198218058,
    "21": 0.31431345670550603,
    "22": 0.036474726902425474,
    "23": 0.2624952162265595,
    "24": 0,
    "25": 0,
    "26": 0.015429297513160283,
    "27": 0.3344944912508101,
    "28": 0.32707048046363807,
    "29": 0.3079516718179264,
    "30": 0.35485044756567935,
    "31": 0,
    "32": 0.07073925710123817,
    "33": 0,
    "34": 0.17543183220234423,
    "35": 0,
    "36": 0.00932873656459136,
    "37": 0.3231221876081689,
    "38": 0.32890644700344623,
    "39": 0.27849210987726475,
    "40": 0.13742520748890175,
    "41": 0.23430170978968073,
    "42": 0.16546626231993936,
    "43": 0,
    "44": 0.28675169909691833,
    "45": 0.3634995296331138,
    "46": 0.3594463150018706,
    "47": 0.32167491116839686,
    "48": 0.010481611999638565,
    "49": 0.36170398880335897,
    "50": 0.3132119472598439,
    "51": 0.18249178075469846,
    "52": 0.10914116862072253,
    "53": 0.3180263800683928,
    "54": 0,
    "55": 0.30887234233426036,
    "56": 0.3510281338724942,
    "57": 0.3918633659566302,
    "58": 0.3836168307967771,
    "59": 0,
    "60": 0.25699790062981104,
    "61": 0.3603385731559855,
    "62": 0.27704888569374553,
    "63": 0.3375759878419453,
    "64": 0.29564411492122333,
    "65": 0.09827599904663542,
    "66": 0.0002939209793447032,
    "67": 0.13605573833946197,
    "68": 0.12580952380952382,
    "69": 0.013922162455363197,
    "70": 0.29986691066378307,
    "71": 0,
    "72": 0.07838764647718427,
    "73": 0,
    "74": 0.22250639386189258,
    "75": 0.20432236955398655,
    "76": 0.3043057571359458,
    "77": 0.3869569599838726,
    "78": 0.3992334717342702,
    "79": 0.2589547301767319,
    "80": 0.33668940849175333,
    "81": 0.05028815765012084,
    "82": 0.34031556039173017,
    "83": 0.32512419405982457,
    "84": 0.20461984475825307,
    "85": 0,
    "86": 0.08670844635674867,
    "87": 0.29947444726350125,
    "88": 0.28779346790262494,
    "89": 0.15778091208274564,
    "90": 0.21451811148868483,
    "91": 0,
    "92": 0.3517032427120865,
    "93": 0.0009011715229798738,
    "94": 0.28020882771713335,
    "95": 0.16785880167208547,
    "96": 0.26113776559287183,
    "97": 0,
    "98": 0.002556727388942154,
    "99": 0.23652094717668487,
    "100": 0.016737924133539524,
    "101": 0.4080495841832732,
    "102": 0.0019080732700135685,
    "103": 0.34404895285701975,
    "104": 0.16944417686157404,
    "105": 0,
    "106": 0.1978716594655145,
    "107": 0.23249526899161935,
    "108": 0.17651309846431798,
    "109": 0.34647058823529414,
    "110": 0.3055167597765363,
    "111": 0.0001601152830037627,
    "112": 0.23614639194656128,
    "113": 0.2933155080213904,
    "114": 0.394945793250878,
    "115": 0.2987133203739702,
    "116": 0.3377768934871999,
    "117": 0.34545930384716045,
    "118": 0.28683563457537353,
    "119": 0.0951219512195122,
    "120": 0.34349905260308583,
    "121": 0.09956246961594555,
    "122": 0.3359510782104924,
    "123": 0.21173395294801045,
    "124": 0.07180975564085759,
    "125": 0.30105244538781284,
    "126": 0.09454091112962132,
    "127": 0.3518148410805235,
    "128": 0.26684733514001807,
    "129": 0.24656389301634474,
    "130": 0.3272068569408854,
    "131": 0.371381705905056,
    "132": 0.3537758930027728,
    "133": 0.35536051066299146,
    "134": 0.10306830056046357,
    "135": 0.0023083307397032886,
    "136": 0.0072823793643231475,
    "137": 0,
    "138": 0.26366159441094844,
    "139": 0.18953284806044413,
    "140": 0.2917880553532411,
    "141": 0.3289095127610209,
    "142": 0.09369849878644414,
    "143": 0.03918480778138027,
    "144": 0,
    "145": 0.15979993218040014,
    "146": 0.002721588819418904,
    "147": 0.027491724898859874,
    "148": 0.0012977819726285983,
    "149": 0.13001590949266395,
    "150": 0.34412820298806446,
    "151": 0.15812654937543624,
    "152": 0.1875736160188457,
    "153": 0.276079604578564,
    "154": 0,
    "155": 0.3198080988778663,
    "156": 0.34263521288837745,
    "157": 0.0012598992080633548,
    "158": 0.22367367367367366,
    "159": 0,
    "160": 0.16453471340689385,
    "161": 0.01448087431693989,
    "162": 0.1851923698674426,
    "163": 0.1938991531947652,
    "164": 0.2889999432108581,
    "165": 0.34652635500093126,
    "166": 0.30145837179250506,
    "167": 0,
    "168": 0.2180466038671294,
    "169": 0.09455673404042425,
    "170": 0.24895213958475484,
    "171": 0.24883223043985986,
    "172": 0.29162797517227895,
    "173": 0.2685402763417614,
    "174": 0,
    "175": 0.3466177241740954,
    "176": 0.2878251101702238,
    "177": 0.2541837114168836,
    "178": 0.2794825795486734,
    "179": 0.11498817966903073,
    "180": 0.3499912785627071,
    "181": 0.057902973395931145,
    "182": 0.07431036031988499,
    "183": 0,
    "184": 0.015429297513160283,
    "185": 0.1968282736746715,
    "186": 0.37407598418428745,
    "187": 0,
    "188": 0.18432842644235164,
    "189": 0.19630412159818358,
    "190": 0.30356450987989153,
    "191": 0.3710461377402228,
    "192": 0.34561049445005043,
    "193": 0.21357863279790812,
    "194": 0.3445425511929363,
    "195": 0.06937664288396546,
    "196": 0.25678221552373776
}