{
    "0": 0.004786527845713088,
    "1": 0.34834494773519165,
    "2": 0.3734673366834171,
    "3": 0.35478390145481575,
    "4": 0,
    "5": 0.21180794854123594,
    "6": 0.34786392405063293,
    "7": 0.35124420075917334,
    "8": 0.34614093959731546,
    "9": 0.2223257981822419,
    "11": 0.13803019410496045,
    "12": 0.37798083351905504,
    "13": 0.32064674961740636,
    "14": 0.21496247077642427,
    "15": 0.3254536771728749,
    "16": 0,
    "17": 0.10325192964696951,
    "18": 0,
    "19": 0.2727272727272727,
    "20": 0.37803538743136056,
    "21": 0.27173132183908044,
    "22": 0.04330225711481845,
    "23": 0.2190236342502906,
    "24": 0,
    "25": 0,
    "26": 0.01863876863876864,
    "27": 0.34675890826383626,
    "28": 0.3205746874314543,
    "29": 0.3208592425098926,
    "30": 0.3433260216102039,
    "31": 0,
    "32": 0.08258079847908745,
    "33": 0,
    "34": 0.18050441826215022,
    "35": 0,
    "36": 0.006986109969589874,
    "37": 0.3060558084306353,
    "38": 0.3482775836245632,
    "39": 0.2899380066762041,
    "40": 0.16048915784165407,
    "41": 0.22008288723881886,
    "42": 0.19026116670734683,
    "43": 0,
    "44": 0.30204913392958227,
    "45": 0.34684587036635595,
    "46": 0.33855331841909025,
    "47": 0.3188064389477817,
    "48": 0.011096527860637155,
    "49": 0.3410983346550357,
    "50": 0.2967408173823073,
    "51": 0.16107099562536237,
    "52": 0.1308223477715003,
    "53": 0.3048396068978305,
    "54": 0,
    "55": 0.39177060263433966,
    "56": 0.3558879630559181,
    "57": 0.38296213808463253,
    "58": 0.3616776315789474,
    "59": 0,
    "60": 0.2749893662271374,
    "61": 0.36600968188105115,
    "62": 0.3155241935483871,
    "63": 0.3203434610303831,
    "64": 0.2870354060243086,
    "65": 0.08293643402602241,
    "66": 0.0002999422611147354,
    "67": 0.1489282153539382,
    "68": 0.14085200689485347,
    "69": 0.014080888020967162,
    "70": 0.3044071762870515,
    "71": 0,
    "72": 0.06655101376992302,
    "73": 0,
    "74": 0.22368281564719603,
    "75": 0.23569423450658605,
    "76": 0.30567103302219784,
    "77": 0.4182828906732551,
    "78": 0.32700986127360854,
    "79": 0.2830454705675009,
    "80": 0.3186541675750309,
    "81": 0.057814796668299855,
    "82": 0.31431535269709543,
    "83": 0.2677840051735288,
    "84": 0.25088253195374316,
    "85": 0,
    "86": 0.09886488465763457,
    "87": 0.3947684185265179,
    "88": 0.311456473800273,
    "89": 0.17266101087346158,
    "90": 0.20019731974019567,
    "91": 0,
    "92": 0.4155857316578841,
    "93": 0.0008596652538255104,
    "94": 0.35210742260350614,
    "95": 0.1971746677840297,
    "96": 0.29824342842905194,
    "97": 0,
    "98": 0.0027083494544610383,
    "99": 0.2358222027589227,
    "100": 0.0203835484260041,
    "101": 0.3394736842105263,
    "102": 0.002061756808592252,
    "103": 0.410785691127202,
    "104": 0.19593668203913747,
    "105": 0,
    "106": 0.20486776542736682,
    "107": 0.243368388008162,
    "108": 0.19706284153005466,
    "109": 0.3298703774304232,
    "110": 0.3210108604845447,
    "111": 8.203819333667562e-05,
    "112": 0.2711641791044776,
    "113": 0.3619309082589796,
    "114": 0.3401752393314944,
    "115": 0.3153699337599641,
    "116": 0.31934545454545454,
    "117": 0.3229218147672235,
    "118": 0.32354334438654664,
    "119": 0.10773849232821882,
    "120": 0.3736456167232133,
    "121": 0.09267010273617213,
    "122": 0.31075141282355406,
    "123": 0.21622591839176739,
    "124": 0.09010578718108277,
    "125": 0.3959231217239371,
    "126": 0.08788127479141021,
    "127": 0.3057199211045365,
    "128": 0.3340749414519906,
    "129": 0.32260848126232744,
    "130": 0.38671398469557505,
    "131": 0.36220472440944884,
    "132": 0.3352908790603781,
    "133": 0.34175682221863396,
    "134": 0.12087227414330218,
    "135": 0.0021479580450792235,
    "136": 0.005144801261306116,
    "137": 0,
    "138": 0.40682846565199504,
    "139": 0.20340347246176843,
    "140": 0.3694259962049336,
    "141": 0.34843557250196255,
    "142": 0.08695790511947564,
    "143": 0.049463426668311335,
    "144": 0,
    "145": 0.1746215306980656,
    "146": 0.003406057258584185,
    "147": 0.03304878048780488,
    "148": 0.0005539608198620134,
    "149": 0.1494589720468891,
    "150": 0.38528489019330026,
    "151": 0.1345350626511321,
    "152": 0.21325575512269163,
    "153": 0.2708637292092209,
    "154": 0,
    "155": 0.2817040358744395,
    "156": 0.3407798537774167,
    "157": 0.0016706443914081145,
    "158": 0.2108806602236942,
    "159": 0,
    "160": 0.1872394188250158,
    "161": 0.017645636934977036,
    "162": 0.17936262603959668,
    "163": 0.20882852292020374,
    "164": 0.2797037405862949,
    "165": 0.3208289054197662,
    "166": 0.37107142857142855,
    "167": 0,
    "168": 0.2533658161302731,
    "169": 0.08815121846637604,
    "170": 0.29435433169873004,
    "171": 0.29350551654964896,
    "172": 0.267874708775563,
    "173": 0.30990605303841123,
    "174": 0,
    "175": 0.421483942414175,
    "176": 0.34521862392323627,
    "177": 0.2722069597069597,
    "178": 0.2995241963560404,
    "179": 0.139867978577656,
    "180": 0.4092881944444444,
    "181": 0.06403940886699508,
    "182": 0.08991665688461087,
    "183": 0,
    "184": 0.01863876863876864,
    "185": 0.24210773383405704,
    "186": 0.31766672859000555,
    "187": 0,
    "188": 0.18878757176629518,
    "189": 0.1560411718131433,
    "190": 0.30901237450385244,
    "191": 0.3559477232997586,
    "192": 0.33189737698640626,
    "193": 0.2607904946653734,
    "194": 0.4133924293243891,
    "195": 0.08256880733944955,
    "196": 0.34405063291139243
}