{
    "0": 0.0012310051863661132,
    "1": 0.016737924133539524,
    "2": 0.01916395830998543,
    "3": 0.023615848858567306,
    "4": 0,
    "5": 0.014743463731079222,
    "6": 0.016202806419102257,
    "7": 0.01670092497430627,
    "8": 0.016274089935760173,
    "9": 0.02969561989606533,
    "10": 0.0203835484260041,
    "11": 0.05378224748578924,
    "12": 0.021143090983494747,
    "13": 0.01263783917730145,
    "14": 0.032846715328467155,
    "15": 0.024426078971533517,
    "16": 0,
    "17": 0.06003159557661927,
    "18": 0,
    "19": 0.03018156095260552,
    "20": 0.025460636515912898,
    "21": 0.012236849736124805,
    "22": 0.15575221238938053,
    "23": 0.00777447032043425,
    "24": 0,
    "25": 0,
    "26": 0.0988235294117647,
    "27": 0.01938438598359783,
    "28": 0.025964049777231525,
    "29": 0.02354480052321779,
    "30": 0.014904707607102134,
    "31": 0,
    "32": 0.07176709546377792,
    "33": 0,
    "34": 0.024704956726986624,
    "35": 0,
    "36": 0.006238003838771593,
    "37": 0.022230739747029514,
    "38": 0.018704699555763385,
    "39": 0.030804217490179864,
    "40": 0.06134094151212553,
    "41": 0.016527928580045845,
    "42": 0.03090727816550349,
    "43": 0,
    "44": 0.027913468248429867,
    "45": 0.025619487610247797,
    "46": 0.01644232407565173,
    "47": 0.014209591474245116,
    "48": 0.054187192118226604,
    "49": 0.019725255371609723,
    "50": 0.026909722222222224,
    "51": 0.010039677768426115,
    "52": 0.04638009049773756,
    "53": 0.016538160688345068,
    "54": 0,
    "55": 0.02346254736228505,
    "56": 0.01857441374506617,
    "57": 0.023677445541875255,
    "58": 0.01483679525222552,
    "59": 0,
    "60": 0.0206351765274867,
    "61": 0.014681751446584334,
    "62": 0.028538625553550925,
    "63": 0.028335668690643002,
    "64": 0.018496864037418945,
    "65": 0.0030747428224367655,
    "66": 0.0001277037273525421,
    "67": 0.05997074597757192,
    "68": 0.0541324311261479,
    "69": 0.00466893039049236,
    "70": 0.025053238131028437,
    "71": 0,
    "72": 0.0038816330258471094,
    "73": 0,
    "74": 0.024838832006067502,
    "75": 0.027570361860999426,
    "76": 0.013555959662754174,
    "77": 0.02537359900373599,
    "78": 0.017738359201773836,
    "79": 0.032053899550837074,
    "80": 0.013245976356644353,
    "81": 0.09199522102747909,
    "82": 0.013939349002743382,
    "83": 0.01011365343213338,
    "84": 0.028557114228456915,
    "85": 0,
    "86": 0.11183261183261184,
    "87": 0.022283694482864606,
    "88": 0.025795356835769563,
    "89": 0.03986254295532646,
    "90": 0.01849267271458479,
    "91": 0,
    "92": 0.01768438572766046,
    "93": 0.0002543275420832605,
    "94": 0.027756797583081572,
    "95": 0.034524530587522716,
    "96": 0.029769959404600813,
    "97": 0,
    "98": 0.002266172229089411,
    "99": 0.028798411122144985,
    "101": 0.015594868785109416,
    "102": 0.001250683967794888,
    "103": 0.019995239228755058,
    "104": 0.041548295454545456,
    "105": 0,
    "106": 0.02785336961741636,
    "107": 0.017592504063485993,
    "108": 0.028140189306728063,
    "109": 0.0174774574195703,
    "110": 0.020528260572054195,
    "111": 4.921453600535454e-05,
    "112": 0.026085050416484,
    "113": 0.021448927553622318,
    "114": 0.017078577879957303,
    "115": 0.023529411764705882,
    "116": 0.013171947312210752,
    "117": 0.023173124080431585,
    "118": 0.02407239819004525,
    "119": 0.041554444016929586,
    "120": 0.020562483417352083,
    "121": 0.006979449398991857,
    "122": 0.013025780189959294,
    "123": 0.046201814058956917,
    "124": 0.0464,
    "125": 0.021832806664751507,
    "126": 0.006869669252441048,
    "127": 0.01257075161247861,
    "128": 0.025553078374206825,
    "129": 0.024894599478016463,
    "130": 0.02131885593220339,
    "131": 0.02473446820893351,
    "132": 0.01818181818181818,
    "133": 0.013881042692276652,
    "134": 0.0513126491646778,
    "135": 0.0008981498113885396,
    "136": 0.005732801595214357,
    "137": 0,
    "138": 0.02876655629139073,
    "139": 0.029033915724563205,
    "140": 0.02385144869537378,
    "141": 0.02531455961653685,
    "142": 0.00654791241287052,
    "143": 0.12460567823343849,
    "144": 0,
    "145": 0.03565750624574154,
    "146": 0.00501432664756447,
    "147": 0.17787418655097614,
    "148": 0.0004428557871761617,
    "149": 0.03993660855784469,
    "150": 0.01732127096204766,
    "151": 0.005045850421639556,
    "152": 0.052429220552254456,
    "153": 0.016015222389598033,
    "154": 0,
    "155": 0.025499266614013315,
    "156": 0.015147793334970933,
    "157": 0.02527075812274368,
    "158": 0.011666761057937363,
    "159": 0,
    "160": 0.03819173811379579,
    "161": 0.15451895043731778,
    "162": 0.017096580683863227,
    "163": 0.03248882265275708,
    "164": 0.01265133171912833,
    "165": 0.02356806170547065,
    "166": 0.024633714377716952,
    "167": 0,
    "168": 0.033157276995305164,
    "169": 0.006990719921507706,
    "170": 0.02978424015009381,
    "171": 0.029624445999533473,
    "172": 0.009699091597274792,
    "173": 0.02479023646071701,
    "174": 0,
    "175": 0.01975368857456408,
    "176": 0.020874471086036673,
    "177": 0.03060217176702863,
    "178": 0.027188081936685288,
    "179": 0.041123370110330994,
    "180": 0.019473494410385865,
    "181": 0.17230443974630022,
    "182": 0.050683371298405465,
    "183": 0,
    "184": 0.0988235294117647,
    "185": 0.02479147358665431,
    "186": 0.02051563357103675,
    "187": 0,
    "188": 0.030927835051546393,
    "189": 0.006692625943051838,
    "190": 0.0338352853690277,
    "191": 0.015061238000662032,
    "192": 0.0195176668536175,
    "193": 0.027612473220661748,
    "194": 0.02502576181363168,
    "195": 0.09692451071761417,
    "196": 0.02855985416244683
}