{
    "0": 0.0047964782023062515,
    "1": 0.4080495841832732,
    "2": 0.35244574020084224,
    "3": 0.31805015310767193,
    "4": 0,
    "5": 0.2110777486743755,
    "6": 0.3649393605292172,
    "7": 0.38233335799363766,
    "8": 0.3539398280802292,
    "9": 0.18973214285714285,
    "10": 0.3394736842105263,
    "11": 0.11681598897312198,
    "12": 0.3026772434308379,
    "13": 0.3980477910882931,
    "14": 0.17213186813186812,
    "15": 0.2735632183908046,
    "16": 0,
    "17": 0.0838270404102927,
    "18": 0,
    "19": 0.21798941798941798,
    "20": 0.2936110378767906,
    "21": 0.33367300724637683,
    "22": 0.032924961715160794,
    "23": 0.2686769694685262,
    "24": 0,
    "25": 0,
    "26": 0.014046822742474917,
    "27": 0.32452916858061553,
    "28": 0.284523408555069,
    "29": 0.30129504008457403,
    "30": 0.34847537681461416,
    "31": 0,
    "32": 0.06309543707170316,
    "33": 0,
    "34": 0.15521158761715423,
    "35": 0,
    "36": 0.007610832751950276,
    "37": 0.28590551181102364,
    "38": 0.32439549916207805,
    "39": 0.24915884540463965,
    "40": 0.12535360678925037,
    "41": 0.2454212454212454,
    "42": 0.15343684577808792,
    "43": 0,
    "44": 0.2770276156459622,
    "45": 0.34527772910460836,
    "46": 0.3460476965536763,
    "47": 0.32882730652247383,
    "48": 0.009917493124427036,
    "49": 0.3352217546131434,
    "50": 0.28243209977845246,
    "51": 0.19574159206387612,
    "52": 0.10176331257127819,
    "53": 0.2971497877501516,
    "54": 0,
    "55": 0.3223233636757694,
    "56": 0.3454100367197062,
    "57": 0.33610207227264943,
    "58": 0.37388218594748046,
    "59": 0,
    "60": 0.24656301145662848,
    "61": 0.3494338540920166,
    "62": 0.25802428072509564,
    "63": 0.3001895571256247,
    "64": 0.2868936294564582,
    "65": 0.0983067285261199,
    "66": 0.0002919090119609718,
    "67": 0.1275173765817145,
    "68": 0.11356109464877114,
    "69": 0.013311364523262368,
    "70": 0.2763664357197845,
    "71": 0,
    "72": 0.08490743646062128,
    "73": 0,
    "74": 0.22341936022717782,
    "75": 0.18653754564216543,
    "76": 0.31104709586655055,
    "77": 0.37150916784203103,
    "78": 0.36999406704242066,
    "79": 0.2332844448278837,
    "80": 0.33522473700988203,
    "81": 0.0448575814429473,
    "82": 0.32848837209302323,
    "83": 0.31164832946401533,
    "84": 0.19061178703943393,
    "85": 0,
    "86": 0.07881857989181763,
    "87": 0.30533888022187555,
    "88": 0.27073426291609576,
    "89": 0.1508413985526201,
    "90": 0.22433699531173465,
    "91": 0,
    "92": 0.34068058778035576,
    "93": 0.0009241807901381905,
    "94": 0.28014725689144293,
    "95": 0.16589861751152074,
    "96": 0.25280847565987763,
    "97": 0,
    "98": 0.00247270972800193,
    "99": 0.23543063434760186,
    "100": 0.015594868785109416,
    "102": 0.0017123287671232876,
    "103": 0.34807040740434675,
    "104": 0.16042019051010414,
    "105": 0,
    "106": 0.17382697947214076,
    "107": 0.22816846986089645,
    "108": 0.17167454422687373,
    "109": 0.31746277915632753,
    "110": 0.2905592695255177,
    "111": 0.0001411420153315514,
    "112": 0.22413341482580984,
    "113": 0.29487614523243977,
    "114": 0.36991579848722705,
    "115": 0.2855539245315603,
    "116": 0.3377669778744085,
    "117": 0.31212532970985535,
    "118": 0.2678665035820374,
    "119": 0.08082736674622117,
    "120": 0.3357452966714906,
    "121": 0.09531431440856165,
    "122": 0.3359010995837734,
    "123": 0.1925086336668733,
    "124": 0.06964053702901689,
    "125": 0.3105590062111801,
    "126": 0.09053382991930478,
    "127": 0.3367378142009663,
    "128": 0.2731745209735888,
    "129": 0.24841660802251936,
    "130": 0.33514569705207714,
    "131": 0.34324516243564707,
    "132": 0.336750305997552,
    "133": 0.34129271305063813,
    "134": 0.09277454134423094,
    "135": 0.002024701356549909,
    "136": 0.00613300964671309,
    "137": 0,
    "138": 0.25615322652823774,
    "139": 0.19351181651696173,
    "140": 0.29621264767199446,
    "141": 0.3007922310247892,
    "142": 0.09148172989997376,
    "143": 0.03559567401856425,
    "144": 0,
    "145": 0.1385020117610647,
    "146": 0.0025459299525218467,
    "147": 0.02513115586393637,
    "148": 0.0013391207979312893,
    "149": 0.11633944507545027,
    "150": 0.33385863998108894,
    "151": 0.16117146456842657,
    "152": 0.16471006759160442,
    "153": 0.25908923980903414,
    "154": 0,
    "155": 0.28680089485458615,
    "156": 0.3558084000561877,
    "157": 0.001245019920318725,
    "158": 0.2131664437225301,
    "159": 0,
    "160": 0.15084548626644,
    "161": 0.0126529244176303,
    "162": 0.16479423250225292,
    "163": 0.16805845511482254,
    "164": 0.2817177379850868,
    "165": 0.310634328358209,
    "166": 0.2948584332117422,
    "167": 0,
    "168": 0.2075800679085987,
    "169": 0.09046604699199587,
    "170": 0.23412877082395317,
    "171": 0.23377673916951286,
    "172": 0.3027019216876174,
    "173": 0.2628606723727168,
    "174": 0,
    "175": 0.35215640208088606,
    "176": 0.2992080033347228,
    "177": 0.23191743432275674,
    "178": 0.26017251895094534,
    "179": 0.10996413262181787,
    "180": 0.357106897130391,
    "181": 0.054145803275905964,
    "182": 0.0691943914378163,
    "183": 0,
    "184": 0.014132798126777053,
    "185": 0.19345516362090948,
    "186": 0.3323943661971831,
    "187": 0,
    "188": 0.17545647558386412,
    "189": 0.21122851285286232,
    "190": 0.2784191829484902,
    "191": 0.3622714011243151,
    "192": 0.3584828711256117,
    "193": 0.20817324484806146,
    "194": 0.34615384615384615,
    "195": 0.0638591646530894,
    "196": 0.24587719298245614
}