{
    "0": 0.00041978816843192974,
    "1": 0.0019080732700135685,
    "2": 0.0020007444630560207,
    "3": 0.0019290695948953852,
    "4": 0,
    "5": 0.0014965447422861922,
    "6": 0.00199780633030398,
    "7": 0.001770057218128679,
    "8": 0.0016882154327596147,
    "9": 0.002178912964532139,
    "10": 0.002061756808592252,
    "11": 0.0018931710615280595,
    "12": 0.00181068302987627,
    "13": 0.001529105125977411,
    "14": 0.001649222962258167,
    "15": 0.002061281337047354,
    "16": 0,
    "17": 0.0014608136732159813,
    "18": 0,
    "19": 0.0020308206904790346,
    "20": 0.00216134435618955,
    "21": 0.0014720642355302777,
    "22": 0.0017681426814268142,
    "23": 0.0011402785190936,
    "24": 0,
    "25": 0,
    "26": 0.0014077897700610043,
    "27": 0.0020933830891053063,
    "28": 0.0020438109212870766,
    "29": 0.0020923869306293257,
    "30": 0.0017289212335651965,
    "31": 0,
    "32": 0.0025122021246052253,
    "33": 0,
    "34": 0.0024883523930537906,
    "35": 0,
    "36": 0.0006055834796826743,
    "37": 0.002156862745098039,
    "38": 0.0018000094737340724,
    "39": 0.0021296189708760217,
    "40": 0.0021215439364905557,
    "41": 0.001682207055657022,
    "42": 0.002072002072002072,
    "43": 0,
    "44": 0.0020777516539996718,
    "45": 0.0021278751646570068,
    "46": 0.001642238370899536,
    "47": 0.0015215215215215216,
    "48": 0.0006275986506629011,
    "49": 0.001944602542212104,
    "50": 0.002152411213037462,
    "51": 0.0011981787682722263,
    "52": 0.0017611835153222965,
    "53": 0.0019091078413112311,
    "54": 0,
    "55": 0.0019049580394377799,
    "56": 0.001889734019936694,
    "57": 0.0022037463688270057,
    "58": 0.001675442795595979,
    "59": 0,
    "60": 0.0018177929854576562,
    "61": 0.0017808332643087883,
    "62": 0.0023029134532990573,
    "63": 0.002103049421661409,
    "64": 0.0015910537321574688,
    "65": 0.0005996511120802443,
    "66": 0.0004435944237999316,
    "67": 0.0019238697265356603,
    "68": 0.0019934011547979103,
    "69": 0.0009106337182830415,
    "70": 0.00223257619879635,
    "71": 0,
    "72": 0.0006385582773116696,
    "73": 0,
    "74": 0.0019121534221922276,
    "75": 0.002480829950383401,
    "76": 0.0015814443858724301,
    "77": 0.0020542533579141426,
    "78": 0.0020090406830738324,
    "79": 0.002292920607623961,
    "80": 0.0016140535265192749,
    "81": 0.0015078407720144752,
    "82": 0.0017250632523192516,
    "83": 0.0015034364261168386,
    "84": 0.002248010207181481,
    "85": 0,
    "86": 0.0022947292936536393,
    "87": 0.0018909549322407816,
    "88": 0.002197802197802198,
    "89": 0.002013902423179367,
    "90": 0.0015593252374427066,
    "91": 0,
    "92": 0.002074501668620907,
    "93": 0.00014476074667593136,
    "94": 0.002131598137656364,
    "95": 0.0019007793195210036,
    "96": 0.0020067284424246,
    "97": 0,
    "98": 0.0005824451045488962,
    "99": 0.0019351166761525328,
    "100": 0.001250683967794888,
    "101": 0.0017123287671232876,
    "103": 0.0018595336861679302,
    "104": 0.001960399921584003,
    "105": 0,
    "106": 0.002765369070410551,
    "107": 0.002039399461945674,
    "108": 0.00201514411333659,
    "109": 0.001904496469713861,
    "110": 0.0020667405988506905,
    "111": 3.511513374476565e-05,
    "112": 0.0017592212513927168,
    "113": 0.001875586120662707,
    "114": 0.0019345477994518782,
    "115": 0.001876574982574661,
    "116": 0.0016516516516516516,
    "117": 0.0018294737855664147,
    "118": 0.0018294711165317663,
    "119": 0.0030593242883745677,
    "120": 0.0019919326726756635,
    "121": 0.0011465798045602606,
    "122": 0.0016455187040626028,
    "123": 0.0020495621389975778,
    "124": 0.0015399281366869546,
    "125": 0.0019484181920730143,
    "126": 0.0011691348402182386,
    "127": 0.0015465956911124698,
    "128": 0.0019050729370781625,
    "129": 0.0018883039597161822,
    "130": 0.0019893569403690256,
    "131": 0.0018505191734347693,
    "132": 0.0018369175627240143,
    "133": 0.0017628205128205128,
    "134": 0.0017716674934448303,
    "135": 0.0004481848513520243,
    "136": 0.0004891470498318557,
    "137": 0,
    "138": 0.002016942315449778,
    "139": 0.0020164986251145736,
    "140": 0.0021301523058898713,
    "141": 0.0019739234325489583,
    "142": 0.0011219785848435328,
    "143": 0.0016844039506929026,
    "144": 0,
    "145": 0.0028939286557996694,
    "146": 0.0006616819956328988,
    "147": 0.0014728682170542635,
    "148": 0.00022761414849547048,
    "149": 0.0025575447570332483,
    "150": 0.0017580383992597732,
    "151": 0.0009277596388874021,
    "152": 0.0022721371072448714,
    "153": 0.0021409880263262232,
    "154": 0,
    "155": 0.002229240200631618,
    "156": 0.0017736214124475975,
    "157": 0.00031756113051762465,
    "158": 0.001850016518004625,
    "159": 0,
    "160": 0.0017974835230677051,
    "161": 0.0013356379635449402,
    "162": 0.0022611394369319443,
    "163": 0.002149449993678088,
    "164": 0.001818493738205524,
    "165": 0.0019932536031892056,
    "166": 0.0021333333333333334,
    "167": 0,
    "168": 0.002077954788741263,
    "169": 0.00118828994274603,
    "170": 0.0023279412642511787,
    "171": 0.002384642899725766,
    "172": 0.0013622767791038588,
    "173": 0.002085329425689004,
    "174": 0,
    "175": 0.002023706273489448,
    "176": 0.0019876662759288517,
    "177": 0.002271694684234439,
    "178": 0.001954761239877129,
    "179": 0.0019424210891432535,
    "180": 0.0021084914701935977,
    "181": 0.002143860427293561,
    "182": 0.0025396825396825397,
    "183": 0,
    "184": 0.0014077897700610043,
    "185": 0.0019071458370582275,
    "186": 0.0016566958122411412,
    "187": 0,
    "188": 0.0017709923664122138,
    "189": 0.0010322637324020997,
    "190": 0.0021693180554010457,
    "191": 0.0017426545086119555,
    "192": 0.0017207701609152637,
    "193": 0.0018580676096859267,
    "194": 0.0021173311299318323,
    "195": 0.0019199527396248708,
    "196": 0.0018893850910340088
}