{
    "0": 0.004460785167889317,
    "1": 0.34404895285701975,
    "2": 0.35664609658144775,
    "3": 0.3702749140893471,
    "4": 0,
    "5": 0.20544741210200695,
    "6": 0.3271135683022345,
    "7": 0.3831824512534819,
    "8": 0.35725758728548485,
    "9": 0.23579244617013767,
    "10": 0.410785691127202,
    "11": 0.1320643872635413,
    "12": 0.360373061490077,
    "13": 0.3035806953814219,
    "14": 0.21664222873900293,
    "15": 0.3513744654856445,
    "16": 0,
    "17": 0.10899216973983329,
    "18": 0,
    "19": 0.27892739071874617,
    "20": 0.464608834486429,
    "21": 0.2918221297938712,
    "22": 0.04128938790293372,
    "23": 0.22334926742062103,
    "24": 0,
    "25": 0,
    "26": 0.016925079891111375,
    "27": 0.3325923867741039,
    "28": 0.33138444567015996,
    "29": 0.3628214201462609,
    "30": 0.36813643926788686,
    "31": 0,
    "32": 0.07265796465288206,
    "33": 0,
    "34": 0.15645658880564126,
    "35": 0,
    "36": 0.005934959349593496,
    "37": 0.28346231011751216,
    "38": 0.40037910699241785,
    "39": 0.29824351774405544,
    "40": 0.15570419918246006,
    "41": 0.2320572076393128,
    "42": 0.18446601941747573,
    "43": 0,
    "44": 0.3239843028624192,
    "45": 0.3128422357681579,
    "46": 0.35217755443886095,
    "47": 0.345049983876169,
    "48": 0.009992946155654832,
    "49": 0.3644093531733981,
    "50": 0.2731804586241276,
    "51": 0.16884358075820324,
    "52": 0.12812268117734354,
    "53": 0.3237152286657237,
    "54": 0,
    "55": 0.6208903113180099,
    "56": 0.3909657320872274,
    "57": 0.3957141254347582,
    "58": 0.36070932418076324,
    "59": 0,
    "60": 0.30237132553819257,
    "61": 0.3636285689788219,
    "62": 0.29794408789296206,
    "63": 0.33862138308568873,
    "64": 0.28926345360372224,
    "65": 0.07679362616847005,
    "66": 0.0002847039079357468,
    "67": 0.1474098683401009,
    "68": 0.14069923254964065,
    "69": 0.012692425323682333,
    "70": 0.29370161521552135,
    "71": 0,
    "72": 0.06880594420787346,
    "73": 0,
    "74": 0.24453581475871022,
    "75": 0.20194174757281552,
    "76": 0.321087786259542,
    "77": 0.4278810408921933,
    "78": 0.3205244495753278,
    "79": 0.26473935806965626,
    "80": 0.339513497478493,
    "81": 0.059216114549205195,
    "82": 0.3303511014209458,
    "83": 0.2807774198831686,
    "84": 0.24207011686143573,
    "85": 0,
    "86": 0.09342105263157895,
    "87": 0.5865760162013598,
    "88": 0.3022680412371134,
    "89": 0.17779632721202004,
    "90": 0.20881574594773403,
    "91": 0,
    "92": 0.38652101823856433,
    "93": 0.0007991157448206844,
    "94": 0.43578975887293414,
    "95": 0.2105899419729207,
    "96": 0.2899755501222494,
    "97": 0,
    "98": 0.002840036843721216,
    "99": 0.23799150419344298,
    "100": 0.019995239228755058,
    "101": 0.34807040740434675,
    "102": 0.0018595336861679302,
    "104": 0.20457385653586604,
    "105": 0,
    "106": 0.1854592544630469,
    "107": 0.22340344749031818,
    "108": 0.21341956345998384,
    "109": 0.3556987987108116,
    "110": 0.3306053929283391,
    "111": 6.374182738713144e-05,
    "112": 0.24741794812944687,
    "113": 0.4025448923772149,
    "114": 0.36301085965348584,
    "115": 0.33318150762924165,
    "116": 0.33911496553257725,
    "117": 0.31819957039640695,
    "118": 0.31674629996503906,
    "119": 0.08897898218286568,
    "120": 0.39979847738468427,
    "121": 0.08228877295209702,
    "122": 0.33476333476333475,
    "123": 0.21058823529411766,
    "124": 0.09020428254984002,
    "125": 0.5876158382476833,
    "126": 0.07763673510399571,
    "127": 0.32933797909407664,
    "128": 0.4241019698725377,
    "129": 0.3575525812619503,
    "130": 0.4987593052109181,
    "131": 0.3657059549175732,
    "132": 0.35512186011765806,
    "133": 0.34882967522475095,
    "134": 0.12032019704433497,
    "135": 0.0019181052456008674,
    "136": 0.004517824872679481,
    "137": 0,
    "138": 0.3039546660236315,
    "139": 0.21220863143318716,
    "140": 0.44843970720431486,
    "141": 0.3082308018667798,
    "142": 0.0771414311560297,
    "143": 0.048807205452775074,
    "144": 0,
    "145": 0.15151515151515152,
    "146": 0.0031887755102040817,
    "147": 0.03171933197164484,
    "148": 0.0004770393431921464,
    "149": 0.13106216773353585,
    "150": 0.36719211822660097,
    "151": 0.1263051532502526,
    "152": 0.20125631235373814,
    "153": 0.24836186852673853,
    "154": 0,
    "155": 0.27773343974461295,
    "156": 0.3585279313474709,
    "157": 0.0012948793407886992,
    "158": 0.1922287158426789,
    "159": 0,
    "160": 0.19526702100733992,
    "161": 0.017169428878025517,
    "162": 0.15795068027210885,
    "163": 0.2223582710909759,
    "164": 0.2688829137130286,
    "165": 0.3395574743658931,
    "166": 0.5132646048109966,
    "167": 0,
    "168": 0.27739905610907184,
    "169": 0.0776926575016616,
    "170": 0.3073998986315256,
    "171": 0.3058957202373438,
    "172": 0.2701779801324503,
    "173": 0.3329289007522446,
    "174": 0,
    "175": 0.5967002749770852,
    "176": 0.3692650334075724,
    "177": 0.267637430861271,
    "178": 0.3264698881218757,
    "179": 0.13070942662779397,
    "180": 0.5949630014280151,
    "181": 0.059495758718190385,
    "182": 0.07911536707706339,
    "183": 0,
    "184": 0.016925079891111375,
    "185": 0.24059451927542963,
    "186": 0.3454233081989119,
    "187": 0,
    "188": 0.19672686230248307,
    "189": 0.16405550581915845,
    "190": 0.3276454556227041,
    "191": 0.3401332899869961,
    "192": 0.3560450318159569,
    "193": 0.2436846434026554,
    "194": 0.5257112328035262,
    "195": 0.08004881025015254,
    "196": 0.3139605279089478
}