{
    "0": 0.003801694359211872,
    "1": 0.16944417686157404,
    "2": 0.18343949044585986,
    "3": 0.21061875168873279,
    "4": 0,
    "5": 0.12485593545908567,
    "6": 0.1439363171147754,
    "7": 0.1692942254812099,
    "8": 0.1582318448353631,
    "9": 0.21463005659190945,
    "10": 0.19593668203913747,
    "11": 0.18694120834462205,
    "12": 0.20074349442379183,
    "13": 0.12797736544282143,
    "14": 0.233252427184466,
    "15": 0.25250866630176977,
    "16": 0,
    "17": 0.2256052824651504,
    "18": 0,
    "19": 0.24697387980462943,
    "20": 0.23311148086522462,
    "21": 0.12637192286228066,
    "22": 0.09813936519518424,
    "23": 0.08373745974160589,
    "24": 0,
    "25": 0,
    "26": 0.04236383054467782,
    "27": 0.17274220032840723,
    "28": 0.20808812433982193,
    "29": 0.23754536456614977,
    "30": 0.15848369188063843,
    "31": 0,
    "32": 0.1387126019945603,
    "33": 0,
    "34": 0.144296710986704,
    "35": 0,
    "36": 0.00996076063990341,
    "37": 0.1905375789609385,
    "38": 0.19704373320302956,
    "39": 0.2384985563041386,
    "40": 0.2275022275022275,
    "41": 0.1654477880350078,
    "42": 0.2104089219330855,
    "43": 0,
    "44": 0.3323643410852713,
    "45": 0.19567926879933528,
    "46": 0.1668182645079134,
    "47": 0.15048543689320387,
    "48": 0.028288543140028287,
    "49": 0.19789241514520278,
    "50": 0.20157142857142857,
    "51": 0.09491277296571916,
    "52": 0.19626168224299065,
    "53": 0.18259761325454757,
    "54": 0,
    "55": 0.21972164643174416,
    "56": 0.2099009900990099,
    "57": 0.22234715390021081,
    "58": 0.15008032468081509,
    "59": 0,
    "60": 0.21325511336610115,
    "61": 0.16689731525048437,
    "62": 0.20081135902636918,
    "63": 0.224328103153643,
    "64": 0.1595664770898165,
    "65": 0.028357651543444384,
    "66": 0.00022691350683087902,
    "67": 0.217998217998218,
    "68": 0.20402215097639173,
    "69": 0.015432980851671906,
    "70": 0.18026660022424318,
    "71": 0,
    "72": 0.03554709014136222,
    "73": 0,
    "74": 0.19531519118153634,
    "75": 0.18995371164066518,
    "76": 0.15299354163030196,
    "77": 0.27194148936170215,
    "78": 0.15807019168441522,
    "79": 0.21732691595705295,
    "80": 0.14231585328887542,
    "81": 0.10283566791937138,
    "82": 0.14413636006598068,
    "83": 0.10895562051554611,
    "84": 0.2204690831556503,
    "85": 0,
    "86": 0.1615625,
    "87": 0.22555572827607648,
    "88": 0.20201876599374466,
    "89": 0.21862348178137653,
    "90": 0.15109140518417463,
    "91": 0,
    "92": 0.18866468188333885,
    "93": 0.0007330234879441031,
    "94": 0.24350530552506403,
    "95": 0.27754997437211687,
    "96": 0.24597938144329898,
    "97": 0,
    "98": 0.004628369180506398,
    "99": 0.23008356545961003,
    "100": 0.041548295454545456,
    "101": 0.16042019051010414,
    "102": 0.001960399921584003,
    "103": 0.20457385653586604,
    "105": 0,
    "106": 0.15151947496076473,
    "107": 0.13661046013146613,
    "108": 0.2536739769387294,
    "109": 0.18928363424577752,
    "110": 0.19994480474679177,
    "111": 0.0001248583338135577,
    "112": 0.23262779552715654,
    "113": 0.2060705252194614,
    "114": 0.15824271422357547,
    "115": 0.2320785597381342,
    "116": 0.14259722538094155,
    "117": 0.19600201156650743,
    "118": 0.22564906778184352,
    "119": 0.13863039847291816,
    "120": 0.21647350993377484,
    "121": 0.0451505016722408,
    "122": 0.13678973175656187,
    "123": 0.23135011441647596,
    "124": 0.16394557823129252,
    "125": 0.2131219086412569,
    "126": 0.04383944417173281,
    "127": 0.1338885778275476,
    "128": 0.22333500250375563,
    "129": 0.23565069141882933,
    "130": 0.20580260303687636,
    "131": 0.23770615826902708,
    "132": 0.16774193548387098,
    "133": 0.15375395942128242,
    "134": 0.1939873417721519,
    "135": 0.001847514103790703,
    "136": 0.008009858287122612,
    "137": 0,
    "138": 0.24079814025571483,
    "139": 0.22410791993037424,
    "140": 0.21261572257963282,
    "141": 0.21927710843373494,
    "142": 0.041799307958477507,
    "143": 0.098490294751977,
    "144": 0,
    "145": 0.16547422491286,
    "146": 0.005281026027913994,
    "147": 0.07404718693284937,
    "148": 0.0009086379224433567,
    "149": 0.17175141242937852,
    "150": 0.19456749825134065,
    "151": 0.04585471493809143,
    "152": 0.22194071446668356,
    "153": 0.12625815283034061,
    "154": 0,
    "155": 0.1513353115727003,
    "156": 0.15600867678958785,
    "157": 0.003918774492340577,
    "158": 0.09239349163456563,
    "159": 0,
    "160": 0.25198637911464244,
    "161": 0.0417120058034095,
    "162": 0.11144864249098159,
    "163": 0.2339658899831852,
    "164": 0.1096156253912608,
    "165": 0.21566352429296592,
    "166": 0.22243497686293282,
    "167": 0,
    "168": 0.32778969957081544,
    "169": 0.04457634545671832,
    "170": 0.25773195876288657,
    "171": 0.25711229946524067,
    "172": 0.10089820359281437,
    "173": 0.2618416066691929,
    "174": 0,
    "175": 0.20708168221909753,
    "176": 0.22799295774647887,
    "177": 0.2158494662565587,
    "178": 0.22157690953889475,
    "179": 0.2132442284325638,
    "180": 0.20329601207699083,
    "181": 0.1185064935064935,
    "182": 0.13740022805017105,
    "183": 0,
    "184": 0.04236383054467782,
    "185": 0.21683569979716025,
    "186": 0.18405187123194175,
    "187": 0,
    "188": 0.2101109215017065,
    "189": 0.06728273941388696,
    "190": 0.2526813306671514,
    "191": 0.16380226789510985,
    "192": 0.18554664807714652,
    "193": 0.2414379919166135,
    "194": 0.22074824862125503,
    "195": 0.1320754716981132,
    "196": 0.22808334897691007
}