{
    "0": 0.006007695658487005,
    "1": 0.1978716594655145,
    "2": 0.20780298837852795,
    "3": 0.19787635208891535,
    "4": 0,
    "5": 0.11784461526979625,
    "6": 0.2306417595661344,
    "7": 0.17573907215727158,
    "8": 0.18673330304407088,
    "9": 0.16316867161504992,
    "10": 0.20486776542736682,
    "11": 0.16522544780728846,
    "12": 0.18333001394144594,
    "13": 0.1679948055014462,
    "14": 0.13431255789334393,
    "15": 0.15741360089186177,
    "16": 0,
    "17": 0.0824662214629601,
    "18": 0,
    "19": 0.1674236689376735,
    "20": 0.20282106700034125,
    "21": 0.1441358359553,
    "22": 0.04469987228607918,
    "23": 0.11881746983701404,
    "24": 0,
    "25": 0,
    "26": 0.03075684380032206,
    "27": 0.22976958525345623,
    "28": 0.19982680233816844,
    "29": 0.17694893201778164,
    "30": 0.17174833201807876,
    "31": 0,
    "32": 0.15157612340710933,
    "33": 0,
    "34": 0.30913705583756346,
    "35": 0,
    "36": 0.016648280012034902,
    "37": 0.21389945924294013,
    "38": 0.16611739556426472,
    "39": 0.199900174694285,
    "40": 0.15457364341085272,
    "41": 0.1153781512605042,
    "42": 0.10199844277186608,
    "43": 0,
    "44": 0.19366639990854007,
    "45": 0.1927624872579001,
    "46": 0.1842164599774521,
    "47": 0.1695482034863038,
    "48": 0.012552957790679428,
    "49": 0.18064163324826832,
    "50": 0.24969153112731352,
    "51": 0.0909603650720402,
    "52": 0.08942491542873952,
    "53": 0.1589853826311264,
    "54": 0,
    "55": 0.18591665804983973,
    "56": 0.18765454711969962,
    "57": 0.21360726822217635,
    "58": 0.18597737819025523,
    "59": 0,
    "60": 0.13833469055374592,
    "61": 0.17768408372233097,
    "62": 0.2913087417887822,
    "63": 0.2233588129496403,
    "64": 0.1526289764298665,
    "65": 0.058294852730166186,
    "66": 0.00037317127038162475,
    "67": 0.15366614664586584,
    "68": 0.14174072939013177,
    "69": 0.020624529285672905,
    "70": 0.3117845117845118,
    "71": 0,
    "72": 0.036768635498834946,
    "73": 0,
    "74": 0.1282578133448686,
    "75": 0.26076115485564305,
    "76": 0.136266758336198,
    "77": 0.2086140254003313,
    "78": 0.21351655416264867,
    "79": 0.2371753034851847,
    "80": 0.16535739790949816,
    "81": 0.07568359375,
    "82": 0.17049885706602125,
    "83": 0.15288195815238848,
    "84": 0.17225629648962548,
    "85": 0,
    "86": 0.12381716118684843,
    "87": 0.18671358498613777,
    "88": 0.26595137541376557,
    "89": 0.1136091525874684,
    "90": 0.12501041753479455,
    "91": 0,
    "92": 0.2016100805040252,
    "93": 0.0010326734853489449,
    "94": 0.1994008388256441,
    "95": 0.13003014811901953,
    "96": 0.17188084257758943,
    "97": 0,
    "98": 0.0035842293906810036,
    "99": 0.1627933999535208,
    "100": 0.02785336961741636,
    "101": 0.17382697947214076,
    "102": 0.002765369070410551,
    "103": 0.1854592544630469,
    "104": 0.15151947496076473,
    "105": 0,
    "107": 0.21945200816882232,
    "108": 0.12405279882669273,
    "109": 0.17021091162628552,
    "110": 0.20421810699588477,
    "111": 0.0002415526259557587,
    "112": 0.13516983774950392,
    "113": 0.16537362188648427,
    "114": 0.2041924294978133,
    "115": 0.16392048474540236,
    "116": 0.16647158278059565,
    "117": 0.241904375190336,
    "118": 0.167979297929793,
    "119": 0.2082139446036294,
    "120": 0.17724842002916869,
    "121": 0.10540550693061869,
    "122": 0.16061304591614228,
    "123": 0.20948165072111952,
    "124": 0.059318215948340594,
    "125": 0.1821154828819622,
    "126": 0.10130111524163568,
    "127": 0.15796828482896896,
    "128": 0.1817775792764627,
    "129": 0.16183009595132225,
    "130": 0.19861848032836119,
    "131": 0.2039390088945362,
    "132": 0.18899113837764145,
    "133": 0.169489113419667,
    "134": 0.10110656358951038,
    "135": 0.0029315960912052116,
    "136": 0.013780524875873949,
    "137": 0,
    "138": 0.2012279163012154,
    "139": 0.12636620410168242,
    "140": 0.19020550940096195,
    "141": 0.2259173040682851,
    "142": 0.09913037500429657,
    "143": 0.05542090806269187,
    "144": 0,
    "145": 0.3325624421831637,
    "146": 0.005106093271303755,
    "147": 0.03888174807197944,
    "148": 0.0022901576480613547,
    "149": 0.2895174708818636,
    "150": 0.17029393913118876,
    "151": 0.08336254644885367,
    "152": 0.2269581629443221,
    "153": 0.2664526484751204,
    "154": 0,
    "155": 0.26606965174129354,
    "156": 0.17483731019522777,
    "157": 0.002364438839848676,
    "158": 0.23419260700389105,
    "159": 0,
    "160": 0.1295373665480427,
    "161": 0.021891978267817195,
    "162": 0.2868090813296293,
    "163": 0.15172786177105832,
    "164": 0.23357338601746225,
    "165": 0.2098856900931414,
    "166": 0.19444444444444445,
    "167": 0,
    "168": 0.14104763161366934,
    "169": 0.10080143168378462,
    "170": 0.18243852195184757,
    "171": 0.18260087381135956,
    "172": 0.13436194149791064,
    "173": 0.1735844669224509,
    "174": 0,
    "175": 0.19588414634146342,
    "176": 0.15966304241355667,
    "177": 0.2299949031600408,
    "178": 0.18292824747063613,
    "179": 0.0897380850150279,
    "180": 0.19136150234741783,
    "181": 0.09019419033862944,
    "182": 0.17177811295458353,
    "183": 0,
    "184": 0.030927835051546393,
    "185": 0.10130311614730879,
    "186": 0.20346946151066136,
    "187": 0,
    "188": 0.13522599925289502,
    "189": 0.0837853057111526,
    "190": 0.21672727272727274,
    "191": 0.1970209884901828,
    "192": 0.15738519533927348,
    "193": 0.13687015503875968,
    "194": 0.23097345132743363,
    "195": 0.10163398692810457,
    "196": 0.19354442808051056
}