{
    "0": 0.005869059264006476,
    "1": 0.23249526899161935,
    "2": 0.23620093247104829,
    "3": 0.24275391735000407,
    "4": 0,
    "5": 0.1675550703230364,
    "6": 0.2757352941176471,
    "7": 0.23645936163211584,
    "8": 0.23663066385669126,
    "9": 0.14401694316978467,
    "10": 0.243368388008162,
    "11": 0.13178599527930762,
    "12": 0.2170926517571885,
    "13": 0.24282475253000055,
    "14": 0.1339572437838334,
    "15": 0.16730512991339108,
    "16": 0,
    "17": 0.06774412077808961,
    "18": 0,
    "19": 0.14805740287014352,
    "20": 0.22258036414321805,
    "21": 0.2238952706198903,
    "22": 0.03369376327476347,
    "23": 0.18434062108341456,
    "24": 0,
    "25": 0,
    "26": 0.016412213740458016,
    "27": 0.26548672566371684,
    "28": 0.22085013440860216,
    "29": 0.1918397748903418,
    "30": 0.226596620039243,
    "31": 0,
    "32": 0.07347601758073763,
    "33": 0,
    "34": 0.1809943865276664,
    "35": 0,
    "36": 0.02476713120080872,
    "37": 0.2422125883108542,
    "38": 0.20294527071580334,
    "39": 0.18459766040411202,
    "40": 0.12186028257456828,
    "41": 0.12968645763842562,
    "42": 0.10226462196861626,
    "43": 0,
    "44": 0.21841804933719602,
    "45": 0.2098932611119962,
    "46": 0.23239114824727464,
    "47": 0.22243810717643372,
    "48": 0.010625177876861777,
    "49": 0.19691681210005818,
    "50": 0.252415562206071,
    "51": 0.16735971821339465,
    "52": 0.07698106096296994,
    "53": 0.1730901582931865,
    "54": 0,
    "55": 0.22148923888843078,
    "56": 0.20287738260425034,
    "57": 0.260701044826424,
    "58": 0.23402231803195536,
    "59": 0,
    "60": 0.1449553983389726,
    "61": 0.21954692556634303,
    "62": 0.22303710094909404,
    "63": 0.2337394885876094,
    "64": 0.2208016089642293,
    "65": 0.09998397050573055,
    "66": 0.0003319881664662442,
    "67": 0.11847783444488034,
    "68": 0.129267318826113,
    "69": 0.01728556119834133,
    "70": 0.29837745516652436,
    "71": 0,
    "72": 0.06487955681888914,
    "73": 0,
    "74": 0.15777242924724044,
    "75": 0.20150709219858157,
    "76": 0.17221401123263375,
    "77": 0.26793267932679327,
    "78": 0.25122984421973216,
    "79": 0.23206034889203206,
    "80": 0.22193028551410054,
    "81": 0.04936831875607386,
    "82": 0.2182153041825095,
    "83": 0.21092374687297322,
    "84": 0.13991370960641014,
    "85": 0,
    "86": 0.0913835548990645,
    "87": 0.2118136439267887,
    "88": 0.30394389288641954,
    "89": 0.09308065226972234,
    "90": 0.2065544860019105,
    "91": 0,
    "92": 0.23317899001591666,
    "93": 0.0009120799099688863,
    "94": 0.2176698853894053,
    "95": 0.11028828352287755,
    "96": 0.16611944271896353,
    "97": 0,
    "98": 0.0023146617287216455,
    "99": 0.20298453793599425,
    "100": 0.017592504063485993,
    "101": 0.22816846986089645,
    "102": 0.002039399461945674,
    "103": 0.22340344749031818,
    "104": 0.13661046013146613,
    "105": 0,
    "106": 0.21945200816882232,
    "108": 0.10924582419436477,
    "109": 0.18515930687534934,
    "110": 0.21051379638439582,
    "111": 0.0008681876359340178,
    "112": 0.15314147437559417,
    "113": 0.18350221659278024,
    "114": 0.26052317089363963,
    "115": 0.171121277791155,
    "116": 0.2246249413970933,
    "117": 0.28819938111566445,
    "118": 0.16685988737992713,
    "119": 0.09454808911429088,
    "120": 0.18982149639194834,
    "121": 0.12527864467231387,
    "122": 0.22356220490357814,
    "123": 0.19544517522332383,
    "124": 0.05386439070649597,
    "125": 0.2087398210110457,
    "126": 0.12053874338444837,
    "127": 0.2039040835191126,
    "128": 0.21038534646621737,
    "129": 0.16965362743408582,
    "130": 0.24526755715807588,
    "131": 0.26208695652173913,
    "132": 0.239382519205682,
    "133": 0.20154614073532992,
    "134": 0.07869445237415548,
    "135": 0.002208666386201094,
    "136": 0.022996870678989884,
    "137": 0,
    "138": 0.19689165988976234,
    "139": 0.11737531012062623,
    "140": 0.2265988622651267,
    "141": 0.25245332175423363,
    "142": 0.11861885622052727,
    "143": 0.038808576695449695,
    "144": 0,
    "145": 0.161270455745205,
    "146": 0.003295271668327075,
    "147": 0.026873434790984398,
    "148": 0.004036520903411821,
    "149": 0.1311867525298988,
    "150": 0.2122242314647378,
    "151": 0.12157105800794252,
    "152": 0.1736652669466107,
    "153": 0.2195016652275811,
    "154": 0,
    "155": 0.3050360892388451,
    "156": 0.2105001861735137,
    "157": 0.0016080211880438895,
    "158": 0.19616403414107722,
    "159": 0,
    "160": 0.10312701780278571,
    "161": 0.014236575578062297,
    "162": 0.18285185430025783,
    "163": 0.12796165671911738,
    "164": 0.21858355745398936,
    "165": 0.2260533245556287,
    "166": 0.21237514812933808,
    "167": 0,
    "168": 0.1336422276732988,
    "169": 0.1213815556656522,
    "170": 0.1758862662899845,
    "171": 0.17650273224043717,
    "172": 0.1989820543196876,
    "173": 0.17700932979542924,
    "174": 0,
    "175": 0.228538283062645,
    "176": 0.18955979742890533,
    "177": 0.22330813203024155,
    "178": 0.1831865218506799,
    "179": 0.08454400599868779,
    "180": 0.22915384615384615,
    "181": 0.0637345528850832,
    "182": 0.08068645112354224,
    "183": 0,
    "184": 0.01651078450085894,
    "185": 0.1296123504962253,
    "186": 0.23522423522423522,
    "187": 0,
    "188": 0.15251785552843322,
    "189": 0.13787759160160248,
    "190": 0.22060671333692336,
    "191": 0.25780677808109725,
    "192": 0.1865619301444803,
    "193": 0.14345549738219895,
    "194": 0.2574231637437055,
    "195": 0.07066929133858267,
    "196": 0.19101423487544483
}