{
    "0": 0.003762241464060196,
    "1": 0.17651309846431798,
    "2": 0.20026092628832354,
    "3": 0.21820433436532508,
    "4": 0,
    "5": 0.11538125600489126,
    "6": 0.1413422208756249,
    "7": 0.1983257636476979,
    "8": 0.17331156556109298,
    "9": 0.24706772606886115,
    "10": 0.19706284153005466,
    "11": 0.1278072682727644,
    "12": 0.2222222222222222,
    "13": 0.14083253892596123,
    "14": 0.20212975744429107,
    "15": 0.31681260945709283,
    "16": 0,
    "17": 0.17583892617449665,
    "18": 0,
    "19": 0.29176424668227946,
    "20": 0.22781456953642384,
    "21": 0.12912380276693863,
    "22": 0.06450777202072538,
    "23": 0.09815140845070422,
    "24": 0,
    "25": 0,
    "26": 0.02547121752419766,
    "27": 0.18381751227495907,
    "28": 0.19537480063795853,
    "29": 0.2798443579766537,
    "30": 0.19331457320712886,
    "31": 0,
    "32": 0.08668730650154799,
    "33": 0,
    "34": 0.1224885015734689,
    "35": 0,
    "36": 0.006331567385967179,
    "37": 0.1727521679598357,
    "38": 0.22647435151797138,
    "39": 0.2615732683605987,
    "40": 0.16868008948545862,
    "41": 0.21613358419567263,
    "42": 0.1931216931216931,
    "43": 0,
    "44": 0.2271018198225297,
    "45": 0.1922598307615729,
    "46": 0.2019084990635869,
    "47": 0.1814015498708441,
    "48": 0.02531645569620253,
    "49": 0.2693731490621915,
    "50": 0.17531904348903482,
    "51": 0.09026782129953546,
    "52": 0.19414560920690518,
    "53": 0.23648648648648649,
    "54": 0,
    "55": 0.2093786943386313,
    "56": 0.2624225489004981,
    "57": 0.2021513353115727,
    "58": 0.17134464751958225,
    "59": 0,
    "60": 0.31626701231367466,
    "61": 0.21292217327459617,
    "62": 0.18936694984927377,
    "63": 0.2382912290661368,
    "64": 0.14811942613416051,
    "65": 0.02786173265943667,
    "66": 0.00024830261881668284,
    "67": 0.16122540250447226,
    "68": 0.15059445178335534,
    "69": 0.014055559238878208,
    "70": 0.13761955366631243,
    "71": 0,
    "72": 0.03526352366220548,
    "73": 0,
    "74": 0.17370822905932579,
    "75": 0.15991902834008098,
    "76": 0.20817515670521763,
    "77": 0.26216732833406853,
    "78": 0.15891072044122717,
    "79": 0.1811448850486036,
    "80": 0.1746613784329866,
    "81": 0.06888888888888889,
    "82": 0.17751937984496124,
    "83": 0.1313545942532365,
    "84": 0.23065448443035613,
    "85": 0,
    "86": 0.10498747437941243,
    "87": 0.23132022471910113,
    "88": 0.16774350847251004,
    "89": 0.2562094428283732,
    "90": 0.13651599796851194,
    "91": 0,
    "92": 0.21571729957805907,
    "93": 0.0007346515818208532,
    "94": 0.228747823333861,
    "95": 0.44312483504882555,
    "96": 0.26749123130884256,
    "97": 0,
    "98": 0.003915984336062656,
    "99": 0.20166352793471437,
    "100": 0.028140189306728063,
    "101": 0.17167454422687373,
    "102": 0.00201514411333659,
    "103": 0.21341956345998384,
    "104": 0.2536739769387294,
    "105": 0,
    "106": 0.12405279882669273,
    "107": 0.10924582419436477,
    "109": 0.24543985222812284,
    "110": 0.21490445859872612,
    "111": 0.0001235776685646929,
    "112": 0.223731728288908,
    "113": 0.23504867872044508,
    "114": 0.1592387768379961,
    "115": 0.2835704236360794,
    "116": 0.17495134002096122,
    "117": 0.16903424732958924,
    "118": 0.2668731659602217,
    "119": 0.09910581222056632,
    "120": 0.2514090968672172,
    "121": 0.03994195537819699,
    "122": 0.16424470121216417,
    "123": 0.16598324121946872,
    "124": 0.1399948625738505,
    "125": 0.21102835489350583,
    "126": 0.038256484149855906,
    "127": 0.16823340992967065,
    "128": 0.21263527347177538,
    "129": 0.22962718574727814,
    "130": 0.20644288700356572,
    "131": 0.21988832757245413,
    "132": 0.16884637907476088,
    "133": 0.19892289280218842,
    "134": 0.1937039857831937,
    "135": 0.0017840076457470533,
    "136": 0.0050006579813133304,
    "137": 0,
    "138": 0.23496715512885297,
    "139": 0.2590775269872424,
    "140": 0.20373961218836564,
    "141": 0.19913192160989082,
    "142": 0.0368921740859823,
    "143": 0.06540138497050525,
    "144": 0,
    "145": 0.12586362270952237,
    "146": 0.0037564564094537487,
    "147": 0.04862907397827212,
    "148": 0.0008238636363636364,
    "149": 0.13256484149855907,
    "150": 0.2304665542439573,
    "151": 0.047105208549491594,
    "152": 0.1621727237202032,
    "153": 0.11937742031575811,
    "154": 0,
    "155": 0.12437234453456933,
    "156": 0.1790744466800805,
    "157": 0.002313624678663239,
    "158": 0.09348659003831418,
    "159": 0,
    "160": 0.27546802820325794,
    "161": 0.02860114404576183,
    "162": 0.10067980380345926,
    "163": 0.25875897002954834,
    "164": 0.11252160438643542,
    "165": 0.23378016085790884,
    "166": 0.22510017172295363,
    "167": 0,
    "168": 0.3789090909090909,
    "169": 0.03878820050049291,
    "170": 0.2559003902620331,
    "171": 0.25565024082993704,
    "172": 0.11562362381954298,
    "173": 0.31335830212234705,
    "174": 0,
    "175": 0.21863162878787878,
    "176": 0.26420336157799695,
    "177": 0.1859932865425694,
    "178": 0.251336032388664,
    "179": 0.2,
    "180": 0.2161214953271028,
    "181": 0.07423067888184168,
    "182": 0.0967533863685229,
    "183": 0,
    "184": 0.02547121752419766,
    "185": 0.21552784120850166,
    "186": 0.21212779830471637,
    "187": 0,
    "188": 0.16594938887932517,
    "189": 0.07491359716038236,
    "190": 0.21103008204193255,
    "191": 0.16356877323420074,
    "192": 0.22637040378975862,
    "193": 0.2289025715320536,
    "194": 0.21324309978768577,
    "195": 0.09097490347490347,
    "196": 0.2536676902081201
}