{
    "0": 0.004121968886895934,
    "1": 0.34647058823529414,
    "2": 0.3624808868501529,
    "3": 0.32199235219139133,
    "4": 0,
    "5": 0.1822174991144173,
    "6": 0.3044111224341243,
    "7": 0.36139800049574483,
    "8": 0.36058804096465147,
    "9": 0.24137539718565593,
    "10": 0.3298703774304232,
    "11": 0.1149750054336014,
    "12": 0.3146201150565364,
    "13": 0.2978522390879889,
    "14": 0.20407929414460868,
    "15": 0.3379190751445087,
    "16": 0,
    "17": 0.10451475293281194,
    "18": 0,
    "19": 0.2964739745742384,
    "20": 0.29282931452037486,
    "21": 0.2587492828456684,
    "22": 0.03880090497737557,
    "23": 0.21549765187092865,
    "24": 0,
    "25": 0,
    "26": 0.015989340439706862,
    "27": 0.2849762872628726,
    "28": 0.29350253807106597,
    "29": 0.3319093000328623,
    "30": 0.36918958384035044,
    "31": 0,
    "32": 0.06788115376274127,
    "33": 0,
    "34": 0.15096882898062342,
    "35": 0,
    "36": 0.004891684136967156,
    "37": 0.2769836906725307,
    "38": 0.35482621744602577,
    "39": 0.31289418360196214,
    "40": 0.13808106251431188,
    "41": 0.2529513888888889,
    "42": 0.16972271914132378,
    "43": 0,
    "44": 0.2739697443922796,
    "45": 0.2993524332810047,
    "46": 0.35587392550143265,
    "47": 0.33923418856741794,
    "48": 0.010954962930175944,
    "49": 0.5789087350134573,
    "50": 0.2599073110753807,
    "51": 0.15813953488372093,
    "52": 0.12387938060309699,
    "53": 0.46893809114359414,
    "54": 0,
    "55": 0.3072490142553837,
    "56": 0.4517133956386293,
    "57": 0.3417889160554197,
    "58": 0.36690186016677356,
    "59": 0,
    "60": 0.35295434198746645,
    "61": 0.38448393711551604,
    "62": 0.2702812057454987,
    "63": 0.3359458879106721,
    "64": 0.2474600870827286,
    "65": 0.07117907319723667,
    "66": 0.00029098180244573936,
    "67": 0.13704299839043457,
    "68": 0.12221972590429117,
    "69": 0.012239234923938358,
    "70": 0.23885350318471338,
    "71": 0,
    "72": 0.06598789330709504,
    "73": 0,
    "74": 0.2066515345899536,
    "75": 0.18375741343026591,
    "76": 0.36441437769989404,
    "77": 0.3726547578923716,
    "78": 0.3029827315541601,
    "79": 0.23321110529072814,
    "80": 0.347978653410337,
    "81": 0.0509467989179441,
    "82": 0.34913017396520696,
    "83": 0.2894423389279913,
    "84": 0.23967694232738027,
    "85": 0,
    "86": 0.0809222924287773,
    "87": 0.32166209660409195,
    "88": 0.2432008850373375,
    "89": 0.1825569417420167,
    "90": 0.18998986512824512,
    "91": 0,
    "92": 0.35530399853934636,
    "93": 0.0008255918601105252,
    "94": 0.27694303318560154,
    "95": 0.2322511594719943,
    "96": 0.2834398605461941,
    "97": 0,
    "98": 0.0028712361039534714,
    "99": 0.22122265385401757,
    "100": 0.0174774574195703,
    "101": 0.31746277915632753,
    "102": 0.001904496469713861,
    "103": 0.3556987987108116,
    "104": 0.18928363424577752,
    "105": 0,
    "106": 0.17021091162628552,
    "107": 0.18515930687534934,
    "108": 0.24543985222812284,
    "110": 0.31422610768925097,
    "111": 6.341900939507324e-05,
    "112": 0.24048838983974707,
    "113": 0.3186641697877653,
    "114": 0.3277838005265603,
    "115": 0.37973364215402433,
    "116": 0.349567892192764,
    "117": 0.28161386406715405,
    "118": 0.3344401190748798,
    "119": 0.08811600081119449,
    "120": 0.3893701208426906,
    "121": 0.07506172839506173,
    "122": 0.33475315969555197,
    "123": 0.18474374255065554,
    "124": 0.08615313546598914,
    "125": 0.3171774768353528,
    "126": 0.0712888715040094,
    "127": 0.342183502731107,
    "128": 0.26749691230959244,
    "129": 0.276657060518732,
    "130": 0.32104484967964514,
    "131": 0.31589147286821706,
    "132": 0.32491258741258744,
    "133": 0.3935392791895034,
    "134": 0.11469534050179211,
    "135": 0.0019711985982587745,
    "136": 0.0038446449588073754,
    "137": 0,
    "138": 0.27721221613155833,
    "139": 0.21707235745248415,
    "140": 0.2892298187808896,
    "141": 0.2870379595496662,
    "142": 0.07077951679076128,
    "143": 0.04211479678478433,
    "144": 0,
    "145": 0.1373678247734139,
    "146": 0.0027727233341998093,
    "147": 0.028176919622810957,
    "148": 0.00047043676339506783,
    "149": 0.12318544264976487,
    "150": 0.3576352818963075,
    "151": 0.11802701115678214,
    "152": 0.17384927797833935,
    "153": 0.22508979646135427,
    "154": 0,
    "155": 0.22760894034410678,
    "156": 0.335340109460516,
    "157": 0.0012149326264634416,
    "158": 0.17785743134087237,
    "159": 0,
    "160": 0.20245771991726488,
    "161": 0.015290178571428571,
    "162": 0.14795745545694736,
    "163": 0.22951593860684769,
    "164": 0.23785210257587058,
    "165": 0.3402502606882169,
    "166": 0.30945831570038085,
    "167": 0,
    "168": 0.2877077254852214,
    "169": 0.07110793715568252,
    "170": 0.27695362691274383,
    "171": 0.27548882681564246,
    "172": 0.25326578254606863,
    "173": 0.3329835606855544,
    "174": 0,
    "175": 0.36170848267622463,
    "176": 0.3271611253196931,
    "177": 0.2365792759051186,
    "178": 0.3155696059613865,
    "179": 0.13926860614557776,
    "180": 0.35081038859597735,
    "181": 0.053129468705312946,
    "182": 0.07314725697786333,
    "183": 0,
    "184": 0.015989340439706862,
    "185": 0.222777114319835,
    "186": 0.3603578154425612,
    "187": 0,
    "188": 0.1743128853589717,
    "189": 0.16179845936173556,
    "190": 0.28377211911955114,
    "191": 0.3192375954934794,
    "192": 0.3651965484180249,
    "193": 0.22546652030735456,
    "194": 0.32854465958775764,
    "195": 0.06805869074492099,
    "196": 0.2797327394209354
}