{
    "0": 0.0037810867700943324,
    "1": 0.126263571695994,
    "2": 0.1411042944785276,
    "3": 0.1471082934402898,
    "4": 0,
    "5": 0.09687589567211236,
    "6": 0.12984559789750327,
    "7": 0.1168228391277695,
    "8": 0.11986964946274441,
    "9": 0.1494229183841715,
    "10": 0.13803019410496045,
    "12": 0.14224940175485243,
    "13": 0.09214973534851094,
    "14": 0.15384615384615385,
    "15": 0.14670458347273335,
    "16": 0,
    "17": 0.14376637963309621,
    "18": 0,
    "19": 0.1525830997196636,
    "20": 0.1617999042604117,
    "21": 0.09024946030223074,
    "22": 0.10043478260869565,
    "23": 0.06626506024096386,
    "24": 0,
    "25": 0,
    "26": 0.047619047619047616,
    "27": 0.14240506329113925,
    "28": 0.16877828054298644,
    "29": 0.14500076557954372,
    "30": 0.11211286417897988,
    "31": 0,
    "32": 0.14142461964038727,
    "33": 0,
    "34": 0.13541971336648143,
    "35": 0,
    "36": 0.009136890194158916,
    "37": 0.16727748691099475,
    "38": 0.13100891926329203,
    "39": 0.16803584764749813,
    "40": 0.2067741935483871,
    "41": 0.08721704394141146,
    "42": 0.12782859894077997,
    "43": 0,
    "44": 0.1712955263595543,
    "45": 0.14601409978308025,
    "46": 0.11936246606532971,
    "47": 0.10711641299876594,
    "48": 0.019772822885990745,
    "49": 0.11938938254727728,
    "50": 0.1741776554122591,
    "51": 0.06243705941591138,
    "52": 0.13006056742110297,
    "53": 0.11214953271028037,
    "54": 0,
    "55": 0.14906219151036526,
    "56": 0.12693144099805426,
    "57": 0.17529053680132817,
    "58": 0.11172402437016302,
    "59": 0,
    "60": 0.11574208539064769,
    "61": 0.11431341441917857,
    "62": 0.16850915982312065,
    "63": 0.17072799268961317,
    "64": 0.12109704641350211,
    "65": 0.026214569673189116,
    "66": 0.00021997533133784282,
    "67": 0.22840755735492577,
    "68": 0.20953947368421053,
    "69": 0.01533674149811069,
    "70": 0.18555614127569847,
    "71": 0,
    "72": 0.024094470307709778,
    "73": 0,
    "74": 0.13069604406609914,
    "75": 0.1708229426433915,
    "76": 0.09526163988463124,
    "77": 0.168215754990096,
    "78": 0.1288337924701561,
    "79": 0.20814568239671039,
    "80": 0.09986130374479889,
    "81": 0.13597972972972974,
    "82": 0.10294564227148496,
    "83": 0.08407218107854386,
    "84": 0.15023963325692852,
    "85": 0,
    "86": 0.19166356531447712,
    "87": 0.14496781743709772,
    "88": 0.17263188155814288,
    "89": 0.12856099342585828,
    "90": 0.10352058271713939,
    "91": 0,
    "92": 0.12783137583892618,
    "93": 0.0006340756976789698,
    "94": 0.17342063351619183,
    "95": 0.1387802071346375,
    "96": 0.16564295621161085,
    "97": 0,
    "98": 0.00424038602134815,
    "99": 0.1608492263404102,
    "100": 0.05378224748578924,
    "101": 0.11681598897312198,
    "102": 0.0018931710615280595,
    "103": 0.1320643872635413,
    "104": 0.18694120834462205,
    "105": 0,
    "106": 0.16522544780728846,
    "107": 0.13178599527930762,
    "108": 0.1278072682727644,
    "109": 0.1149750054336014,
    "110": 0.15159718462371413,
    "111": 0.000125481414272063,
    "112": 0.14167450611476953,
    "113": 0.13681521430598922,
    "114": 0.1293489493627282,
    "115": 0.13062995660631452,
    "116": 0.10064318082151733,
    "117": 0.17255001911558557,
    "118": 0.14349258649093904,
    "119": 0.12870514820592824,
    "120": 0.12867881258759079,
    "121": 0.0476690384540612,
    "122": 0.10179010179010178,
    "123": 0.23345817727840198,
    "124": 0.10547014658562746,
    "125": 0.13898445025457548,
    "126": 0.045552726992208595,
    "127": 0.0978460284025277,
    "128": 0.15451333119177643,
    "129": 0.15480491329479767,
    "130": 0.14479343151309787,
    "131": 0.1648905529953917,
    "132": 0.13884785819793205,
    "133": 0.10022779043280182,
    "134": 0.1450483494498166,
    "135": 0.0018122021612188737,
    "136": 0.007344349858120514,
    "137": 0,
    "138": 0.1723552706015463,
    "139": 0.13041692339289382,
    "140": 0.15509330070357907,
    "141": 0.2024568496345825,
    "142": 0.04351815903716514,
    "143": 0.11987659762009696,
    "144": 0,
    "145": 0.16554721453970764,
    "146": 0.006274837900020916,
    "147": 0.08695652173913043,
    "148": 0.0007735792918774175,
    "149": 0.16519607843137254,
    "150": 0.12804407713498622,
    "151": 0.04062242131321466,
    "152": 0.25363583478766727,
    "153": 0.11249592701205605,
    "154": 0,
    "155": 0.1742802759933381,
    "156": 0.11227570015093075,
    "157": 0.003923278116826504,
    "158": 0.082791831051288,
    "159": 0,
    "160": 0.15216798472866103,
    "161": 0.05084745762711865,
    "162": 0.1079752188022421,
    "163": 0.16154210028382213,
    "164": 0.09324738719569435,
    "165": 0.1610121571953633,
    "166": 0.1569713758079409,
    "167": 0,
    "168": 0.15436241610738255,
    "169": 0.04653626731866341,
    "170": 0.17204522096608427,
    "171": 0.17151043798608268,
    "172": 0.07787749497327252,
    "173": 0.14859506981554904,
    "174": 0,
    "175": 0.1383777239709443,
    "176": 0.1250498338870432,
    "177": 0.20224078997341435,
    "178": 0.15320523720455706,
    "179": 0.12541155342711763,
    "180": 0.13310377582521965,
    "181": 0.13941747572815533,
    "182": 0.148573302722204,
    "183": 0,
    "184": 0.047619047619047616,
    "185": 0.12047736313695775,
    "186": 0.13845129798091857,
    "187": 0,
    "188": 0.1565105837075048,
    "189": 0.04737412858249419,
    "190": 0.18489767113620326,
    "191": 0.1263094104406545,
    "192": 0.11406181976491075,
    "193": 0.13977002379064235,
    "194": 0.16526162790697674,
    "195": 0.19137353433835846,
    "196": 0.1731126812941614
}