{
    "0": 0.004711948790896159,
    "1": 0.3055167597765363,
    "2": 0.3147410358565737,
    "3": 0.30444989862341265,
    "4": 0,
    "5": 0.17041898801801114,
    "6": 0.2845940959409594,
    "7": 0.29578868676800396,
    "8": 0.2915839947089947,
    "9": 0.24822415153906865,
    "10": 0.3210108604845447,
    "11": 0.15159718462371413,
    "12": 0.29878577623590635,
    "13": 0.25030145332233295,
    "14": 0.19301686936053356,
    "15": 0.29877744510978044,
    "16": 0,
    "17": 0.11465703971119133,
    "18": 0,
    "19": 0.27218225419664266,
    "20": 0.3170761520596504,
    "21": 0.2190149843187362,
    "22": 0.04735959765297569,
    "23": 0.17425091534035717,
    "24": 0,
    "25": 0,
    "26": 0.021393307734503566,
    "27": 0.2914317925591883,
    "28": 0.2867945823927765,
    "29": 0.31192108745338626,
    "30": 0.2940703194142731,
    "31": 0,
    "32": 0.08653846153846154,
    "33": 0,
    "34": 0.17391304347826086,
    "35": 0,
    "36": 0.007262619922890702,
    "37": 0.2760723724334214,
    "38": 0.301254390366282,
    "39": 0.29788622129436326,
    "40": 0.16292765002804263,
    "41": 0.20914855072463767,
    "42": 0.16199176531137416,
    "43": 0,
    "44": 0.2807934434018292,
    "45": 0.2892347600518807,
    "46": 0.2918829831067161,
    "47": 0.27321637426900586,
    "48": 0.011941918849233275,
    "49": 0.330106183635228,
    "50": 0.269506582468158,
    "51": 0.13628430905917818,
    "52": 0.1276595744680851,
    "53": 0.2935120435120435,
    "54": 0,
    "55": 0.31584961718660726,
    "56": 0.343010413379615,
    "57": 0.32349023090586143,
    "58": 0.30443906376109764,
    "59": 0,
    "60": 0.2813004380908462,
    "61": 0.3091063829787234,
    "62": 0.2861124013005109,
    "63": 0.319674067076051,
    "64": 0.22566752799310938,
    "65": 0.061642414338702566,
    "66": 0.00030225862759470143,
    "67": 0.1659103800340329,
    "68": 0.15085967831392125,
    "69": 0.01474974242177756,
    "70": 0.28488843813387427,
    "71": 0,
    "72": 0.0559039909720263,
    "73": 0,
    "74": 0.19884917561137547,
    "75": 0.21204247627654768,
    "76": 0.26631074821386513,
    "77": 0.34990791896869244,
    "78": 0.28878803160194993,
    "79": 0.27314989320266364,
    "80": 0.2648460280207667,
    "81": 0.06688166012338755,
    "82": 0.27645228215767637,
    "83": 0.23040518983303201,
    "84": 0.22783995883185384,
    "85": 0,
    "86": 0.10056018581773467,
    "87": 0.30805025593299207,
    "88": 0.2760511882998172,
    "89": 0.18092324065451643,
    "90": 0.17975715377430584,
    "91": 0,
    "92": 0.3105743628756181,
    "93": 0.0008436466626995187,
    "94": 0.30621583831193594,
    "95": 0.21780840426969328,
    "96": 0.25567089580930413,
    "97": 0,
    "98": 0.003279239889010342,
    "99": 0.22041763341067286,
    "100": 0.020528260572054195,
    "101": 0.2905592695255177,
    "102": 0.0020667405988506905,
    "103": 0.3306053929283391,
    "104": 0.19994480474679177,
    "105": 0,
    "106": 0.20421810699588477,
    "107": 0.21051379638439582,
    "108": 0.21490445859872612,
    "109": 0.31422610768925097,
    "111": 0.00011041894789145817,
    "112": 0.22257319888227434,
    "113": 0.2874439461883408,
    "114": 0.29459241323648105,
    "115": 0.30174563591022446,
    "116": 0.2662439441436307,
    "117": 0.2987836042113871,
    "118": 0.2938639724001971,
    "119": 0.10737925962245648,
    "120": 0.32239955971381395,
    "121": 0.07835496329285689,
    "122": 0.26548611589609317,
    "123": 0.21571447248006276,
    "124": 0.08667313826099016,
    "125": 0.3114476212001356,
    "126": 0.07564359169024777,
    "127": 0.2616407982261641,
    "128": 0.2865810135617416,
    "129": 0.27980258162490507,
    "130": 0.31326741280017384,
    "131": 0.3036396315434734,
    "132": 0.2839416058394161,
    "133": 0.2960019267822736,
    "134": 0.12705090450147244,
    "135": 0.0020668274199104374,
    "136": 0.005804988662131519,
    "137": 0,
    "138": 0.28711466529085516,
    "139": 0.21193650793650792,
    "140": 0.2984078670100679,
    "141": 0.31981406159209763,
    "142": 0.07376603435590671,
    "143": 0.052233580730990055,
    "144": 0,
    "145": 0.1653898152320865,
    "146": 0.003350593968930856,
    "147": 0.036260072242289526,
    "148": 0.0007756748371082842,
    "149": 0.14987623762376237,
    "150": 0.31881896808827914,
    "151": 0.09697381683504841,
    "152": 0.21680178920883422,
    "153": 0.22428694900605012,
    "154": 0,
    "155": 0.25622119815668204,
    "156": 0.28311047437121933,
    "157": 0.0012214983713355048,
    "158": 0.17717976318622175,
    "159": 0,
    "160": 0.2005685856432125,
    "161": 0.019273127753303965,
    "162": 0.16363497983103736,
    "163": 0.23088517402027953,
    "164": 0.2173601576025312,
    "165": 0.3137409747292419,
    "166": 0.31626289278004316,
    "167": 0,
    "168": 0.26910394265232973,
    "169": 0.07623383192427198,
    "170": 0.2751301561874249,
    "171": 0.27428799574128293,
    "172": 0.20506129683422775,
    "173": 0.3154692556634304,
    "174": 0,
    "175": 0.33511548331907615,
    "176": 0.2835190996645385,
    "177": 0.27743142144638405,
    "178": 0.300012542330365,
    "179": 0.13057107809731497,
    "180": 0.3276188472864956,
    "181": 0.06648612051455653,
    "182": 0.09253182832392702,
    "183": 0,
    "184": 0.021393307734503566,
    "185": 0.20106139187070318,
    "186": 0.3096074985354423,
    "187": 0,
    "188": 0.18392486888644957,
    "189": 0.12431630666543061,
    "190": 0.29168722249629997,
    "191": 0.27966169313013645,
    "192": 0.2906999226604795,
    "193": 0.21638081034054188,
    "194": 0.3485209923664122,
    "195": 0.08919527293190771,
    "196": 0.2944516129032258
}