{
    "0": 0.001937584478017405,
    "1": 0.0001601152830037627,
    "2": 0.00010875968640957086,
    "3": 0.00012838383097351624,
    "4": 0,
    "5": 6.274987898237624e-05,
    "6": 0.0002536006925922363,
    "7": 6.186696834178849e-05,
    "8": 6.187298360365934e-05,
    "9": 5.694598673158509e-05,
    "10": 8.203819333667562e-05,
    "11": 0.000125481414272063,
    "12": 6.438498542139972e-05,
    "13": 0.0006809437880902932,
    "14": 5.7369055131661984e-05,
    "15": 8.427992171331716e-05,
    "16": 0,
    "17": 5.853658536585366e-05,
    "18": 0,
    "19": 6.63023196340112e-05,
    "20": 6.52048363358608e-05,
    "21": 0.0002527401241796477,
    "22": 5.89257829763413e-05,
    "23": 0.00032305455776138577,
    "24": 0,
    "25": 0,
    "26": 8.859575724762515e-05,
    "27": 0.0001985505807604487,
    "28": 0.00012973413768498698,
    "29": 0.00014888429828969162,
    "30": 8.793682618406937e-05,
    "31": 0,
    "32": 0.00019466046348656356,
    "33": 0,
    "34": 0.0005946021275607376,
    "35": 0,
    "36": 0.003345632515724473,
    "37": 0.0002930268760587885,
    "38": 5.456728145803776e-05,
    "39": 5.64881327847708e-05,
    "40": 7.734026817737991e-05,
    "41": 9.12100841869077e-05,
    "42": 8.631354834997267e-05,
    "43": 0,
    "44": 0.00021475256769374417,
    "45": 0.00026717029803307387,
    "46": 0.00011484910594388296,
    "47": 6.150169568960973e-05,
    "48": 0.00016747118510491578,
    "49": 6.367514758989566e-05,
    "50": 0.00022154527831625589,
    "51": 0.004486719310839914,
    "52": 5.824451045488963e-05,
    "53": 8.158011620634331e-05,
    "54": 0,
    "55": 6.465676494494938e-05,
    "56": 6.362826549348265e-05,
    "57": 0.00014705476871042158,
    "58": 7.02265684665151e-05,
    "59": 0,
    "60": 5.579267442184841e-05,
    "61": 7.079833977893219e-05,
    "62": 0.00022327450670288677,
    "63": 0.00010198499893379319,
    "64": 7.218066821253598e-05,
    "65": 0.003366721849690362,
    "66": 1.7667220239567508e-05,
    "67": 5.803886669439635e-05,
    "68": 0.00028065693077451633,
    "69": 0.0010376940133037694,
    "70": 0.00029246981620099986,
    "71": 0,
    "72": 0.0001584196605686577,
    "73": 0,
    "74": 0.0001125640207868225,
    "75": 0.00035671037933332706,
    "76": 7.0482097547223e-05,
    "77": 7.419223207330192e-05,
    "78": 0.0002306661816762334,
    "79": 0.00015996687744655223,
    "80": 8.658908284843447e-05,
    "81": 6.857971412056313e-05,
    "82": 8.700418490129375e-05,
    "83": 8.233773291286197e-05,
    "84": 9.49721731532661e-05,
    "85": 0,
    "86": 0.00014597119501751654,
    "87": 5.561786816711316e-05,
    "88": 0.00040611385955844346,
    "89": 5.7568314399754374e-05,
    "90": 0.0026133518521902813,
    "91": 0,
    "92": 0.00011709496401581683,
    "93": 2.6435444644178915e-05,
    "94": 6.56229492828349e-05,
    "95": 5.735479677283677e-05,
    "96": 6.617633156232866e-05,
    "97": 0,
    "98": 8.494412564180006e-05,
    "99": 0.0009980509759243742,
    "100": 4.921453600535454e-05,
    "101": 0.0001411420153315514,
    "102": 3.511513374476565e-05,
    "103": 6.374182738713144e-05,
    "104": 0.0001248583338135577,
    "105": 0,
    "106": 0.0002415526259557587,
    "107": 0.0008681876359340178,
    "108": 0.0001235776685646929,
    "109": 6.341900939507324e-05,
    "110": 0.00011041894789145817,
    "112": 9.445189564954568e-05,
    "113": 5.553755727310594e-05,
    "114": 0.00012317329602942083,
    "115": 5.58191459670667e-05,
    "116": 0.00010390959864917522,
    "117": 0.00012773722627737227,
    "118": 0.00014037714660053343,
    "119": 0.00022144555809094674,
    "120": 6.426263219741481e-05,
    "121": 0.0034262292487616517,
    "122": 7.74526678141136e-05,
    "123": 9.53034461726136e-05,
    "124": 5.856629704825863e-05,
    "125": 7.383888355608063e-05,
    "126": 0.0032161963539238387,
    "127": 0.0001286008230452675,
    "128": 7.462199296687717e-05,
    "129": 5.64381860766995e-05,
    "130": 8.260670032124827e-05,
    "131": 0.00010158378353419218,
    "132": 6.296719409187813e-05,
    "133": 6.150331678601239e-05,
    "134": 5.829204313611192e-05,
    "135": 6.203329637182757e-05,
    "136": 0.0032930004594884364,
    "137": 0,
    "138": 6.591957811470006e-05,
    "139": 0.0001045726780112178,
    "140": 8.362680146068146e-05,
    "141": 7.401102764311883e-05,
    "142": 0.004216296802447471,
    "143": 5.889628364450203e-05,
    "144": 0,
    "145": 0.0002553022494964872,
    "146": 2.887169419101513e-05,
    "147": 4.915985802633002e-05,
    "148": 0.021244845866876104,
    "149": 0.00022976841258747955,
    "150": 5.431830526887561e-05,
    "151": 0.0012173022921248841,
    "152": 6.71520802755154e-05,
    "153": 0.0003420062613454,
    "154": 0,
    "155": 0.0001993385584197889,
    "156": 9.678412740310589e-05,
    "157": 2.9591927322226496e-05,
    "158": 0.0003527070264278336,
    "159": 0,
    "160": 5.777897615654251e-05,
    "161": 7.879677327213451e-05,
    "162": 0.0005929599482507682,
    "163": 6.688771463789858e-05,
    "164": 0.00033063736710921206,
    "165": 0.0001752977755634901,
    "166": 0.0001301320840653263,
    "167": 0,
    "168": 5.729783414186944e-05,
    "169": 0.0031009982337097688,
    "170": 5.681818181818182e-05,
    "171": 5.680580934076858e-05,
    "172": 0.00012233912405187178,
    "173": 5.629257125701312e-05,
    "174": 0,
    "175": 8.21160390872346e-05,
    "176": 0.00011064394777605666,
    "177": 0.00015032366564258668,
    "178": 6.557868505368084e-05,
    "179": 8.718058004145922e-05,
    "180": 5.468215994531784e-05,
    "181": 0.00011725391334935803,
    "182": 0.00016505815872769287,
    "183": 0,
    "184": 8.859575724762515e-05,
    "185": 7.575183698204681e-05,
    "186": 6.330888404525681e-05,
    "187": 0,
    "188": 6.653992395437263e-05,
    "189": 0.00042444821731748726,
    "190": 0.00010298179094696437,
    "191": 8.808865241979529e-05,
    "192": 7.250251493098666e-05,
    "193": 8.530078002824404e-05,
    "194": 7.392963746754026e-05,
    "195": 7.815629304702077e-05,
    "196": 6.585198355581896e-05
}