{
    "0": 0.004261124712654419,
    "1": 0.23614639194656128,
    "2": 0.2661390616167326,
    "3": 0.2398697539797395,
    "4": 0,
    "5": 0.1635203164329378,
    "6": 0.22027657311185664,
    "7": 0.21955297430482223,
    "8": 0.20976287674802396,
    "9": 0.1988256401892024,
    "10": 0.2711641791044776,
    "11": 0.14167450611476953,
    "12": 0.26516998075689546,
    "13": 0.19009140283481255,
    "14": 0.23984048613748576,
    "15": 0.28007489467935714,
    "16": 0,
    "17": 0.15077554744525548,
    "18": 0,
    "19": 0.27729605379578837,
    "20": 0.25078191640602787,
    "21": 0.1629522256447424,
    "22": 0.06492922938665469,
    "23": 0.11640309618162291,
    "24": 0,
    "25": 0,
    "26": 0.026564215148188804,
    "27": 0.2029638530089116,
    "28": 0.24085163007318697,
    "29": 0.2667814113597246,
    "30": 0.2143098211272359,
    "31": 0,
    "32": 0.09567470599960136,
    "33": 0,
    "34": 0.1493421832404883,
    "35": 0,
    "36": 0.0073950381679389315,
    "37": 0.2255210152520666,
    "38": 0.24445701357466063,
    "39": 0.2308050255932992,
    "40": 0.17529961405646963,
    "41": 0.21962145817000783,
    "42": 0.32758239327582395,
    "43": 0,
    "44": 0.2492753623188406,
    "45": 0.27215604136667104,
    "46": 0.20088828151691152,
    "47": 0.2033212161269002,
    "48": 0.01747487986020096,
    "49": 0.25151549811277596,
    "50": 0.21929388363998012,
    "51": 0.12451521917969209,
    "52": 0.20746132848043677,
    "53": 0.242999890194356,
    "54": 0,
    "55": 0.2551342812006319,
    "56": 0.2644542090656799,
    "57": 0.26297095014588356,
    "58": 0.21380345086271568,
    "59": 0,
    "60": 0.24746139936013353,
    "61": 0.2217867640509486,
    "62": 0.22334546434829491,
    "63": 0.23981295925183702,
    "64": 0.20917079082920917,
    "65": 0.043419056141306464,
    "66": 0.00023929354370580788,
    "67": 0.17262512768130744,
    "68": 0.1746975599753947,
    "69": 0.015288571792585044,
    "70": 0.201683464392513,
    "71": 0,
    "72": 0.04837832940750136,
    "73": 0,
    "74": 0.24244256348246676,
    "75": 0.1942751877568372,
    "76": 0.21099200272247745,
    "77": 0.3164201183431953,
    "78": 0.21257030622265868,
    "79": 0.21342745569240013,
    "80": 0.20139513951395138,
    "81": 0.07045601901880268,
    "82": 0.1904146063141879,
    "83": 0.14632356794717258,
    "84": 0.25026455026455025,
    "85": 0,
    "86": 0.11818181818181818,
    "87": 0.2562423250102333,
    "88": 0.20494785350472958,
    "89": 0.2284313725490196,
    "90": 0.17824121635504417,
    "91": 0,
    "92": 0.23688295560384973,
    "93": 0.0006769334912844813,
    "94": 0.26502478314745975,
    "95": 0.22308546059933407,
    "96": 0.3136544730170228,
    "97": 0,
    "98": 0.0036271708067707187,
    "99": 0.24996099235450148,
    "100": 0.026085050416484,
    "101": 0.22413341482580984,
    "102": 0.0017592212513927168,
    "103": 0.24741794812944687,
    "104": 0.23262779552715654,
    "105": 0,
    "106": 0.13516983774950392,
    "107": 0.15314147437559417,
    "108": 0.223731728288908,
    "109": 0.24048838983974707,
    "110": 0.22257319888227434,
    "111": 9.445189564954568e-05,
    "113": 0.26334374575580605,
    "114": 0.21386892177589853,
    "115": 0.2892561983471074,
    "116": 0.20032951396689883,
    "117": 0.22769580022701474,
    "118": 0.28313908313908315,
    "119": 0.10969957081545065,
    "120": 0.2851966873706004,
    "121": 0.058577405857740586,
    "122": 0.19229671897289585,
    "123": 0.19637358877865208,
    "124": 0.15652577798420808,
    "125": 0.24850997667789582,
    "126": 0.05576776165011459,
    "127": 0.18828828828828828,
    "128": 0.25018003744778916,
    "129": 0.2768979591836735,
    "130": 0.2542793351525676,
    "131": 0.2603464233769668,
    "132": 0.21906571971591476,
    "133": 0.2191803971271652,
    "134": 0.15752250321474495,
    "135": 0.0020912013483566903,
    "136": 0.005450581395348837,
    "137": 0,
    "138": 0.2881583361288158,
    "139": 0.24442082890541977,
    "140": 0.2503116775176617,
    "141": 0.2498673036093418,
    "142": 0.054166387343299593,
    "143": 0.07336343115124154,
    "144": 0,
    "145": 0.14385814385814386,
    "146": 0.004113475177304964,
    "147": 0.04992164763823595,
    "148": 0.0005851701173126759,
    "149": 0.14652999495883046,
    "150": 0.2570352315532905,
    "151": 0.07238000095142952,
    "152": 0.17928141528360386,
    "153": 0.1686113901553203,
    "154": 0,
    "155": 0.15279777329878108,
    "156": 0.22501074344649763,
    "157": 0.0021934634788330775,
    "158": 0.12362622036262204,
    "159": 0,
    "160": 0.22981366459627328,
    "161": 0.028801071667782986,
    "162": 0.12776729020078942,
    "163": 0.19455734228662308,
    "164": 0.15927444403031432,
    "165": 0.23398610233733416,
    "166": 0.2599521733014489,
    "167": 0,
    "168": 0.28435643564356433,
    "169": 0.05697874784606548,
    "170": 0.2607118175535591,
    "171": 0.2612519399896534,
    "172": 0.15224197131892547,
    "173": 0.25555555555555554,
    "174": 0,
    "175": 0.24921061864109462,
    "176": 0.2747544465091585,
    "177": 0.2035823503713412,
    "178": 0.23140252866803881,
    "179": 0.23450319051959892,
    "180": 0.25171491687013137,
    "181": 0.07628524046434494,
    "182": 0.09574875526618154,
    "183": 0,
    "184": 0.026564215148188804,
    "185": 0.26999650716032136,
    "186": 0.2142042509072058,
    "187": 0,
    "188": 0.21520925484858797,
    "189": 0.09975754482230588,
    "190": 0.26351042776678335,
    "191": 0.22588480222068008,
    "192": 0.24694080035277258,
    "193": 0.4291497975708502,
    "194": 0.25907217865213344,
    "195": 0.09156575313363076,
    "196": 0.25970912577912736
}