{
    "0": 0.0040781861952499015,
    "1": 0.2933155080213904,
    "2": 0.32610982537344835,
    "3": 0.3186513792711999,
    "4": 0,
    "5": 0.185317235232153,
    "6": 0.2760408483896308,
    "7": 0.327017606577889,
    "8": 0.3033356497567755,
    "9": 0.22701383238405207,
    "10": 0.3619309082589796,
    "11": 0.13681521430598922,
    "12": 0.36775942814887846,
    "13": 0.2540505083633978,
    "14": 0.23114247904719895,
    "15": 0.33347050754458163,
    "16": 0,
    "17": 0.11774878163810722,
    "18": 0,
    "19": 0.28804034582132565,
    "20": 0.3484585613239023,
    "21": 0.23565673828125,
    "22": 0.04807692307692308,
    "23": 0.18227321731095025,
    "24": 0,
    "25": 0,
    "26": 0.018038163387000598,
    "27": 0.2928907168037603,
    "28": 0.295307637060091,
    "29": 0.34163281352378455,
    "30": 0.30889209120962957,
    "31": 0,
    "32": 0.07708688245315162,
    "33": 0,
    "34": 0.1426470588235294,
    "35": 0,
    "36": 0.005788025429357624,
    "37": 0.25683512841756423,
    "38": 0.34305846086094904,
    "39": 0.2866268007610764,
    "40": 0.16661617691608605,
    "41": 0.23047711781888996,
    "42": 0.1994773519163763,
    "43": 0,
    "44": 0.2842435655994978,
    "45": 0.3009875976113918,
    "46": 0.28432615124630334,
    "47": 0.2908865979381443,
    "48": 0.011733254121491163,
    "49": 0.33101499673983914,
    "50": 0.24053091615409516,
    "51": 0.14335183861924916,
    "52": 0.15159533073929962,
    "53": 0.2972148810733889,
    "54": 0,
    "55": 0.39040648281270424,
    "56": 0.34766787958981143,
    "57": 0.33384289746001883,
    "58": 0.3128161888701518,
    "59": 0,
    "60": 0.30989452536413864,
    "61": 0.3216970998925886,
    "62": 0.28381995133819954,
    "63": 0.2980212355212355,
    "64": 0.25344250093040566,
    "65": 0.05803838063829235,
    "66": 0.0002657696308839498,
    "67": 0.1554155415541554,
    "68": 0.14600591715976333,
    "69": 0.012353960534406619,
    "70": 0.24778046811945117,
    "71": 0,
    "72": 0.057469744064546,
    "73": 0,
    "74": 0.2302158273381295,
    "75": 0.19214732453092426,
    "76": 0.30169117022180675,
    "77": 0.36136868225153457,
    "78": 0.26438818565400846,
    "79": 0.24574427236656854,
    "80": 0.28799214085997127,
    "81": 0.06251892219194671,
    "82": 0.27697841726618705,
    "83": 0.22348116974209561,
    "84": 0.24106770471291533,
    "85": 0,
    "86": 0.09281655252804896,
    "87": 0.3841838097782527,
    "88": 0.26797458477315794,
    "89": 0.2010241404535479,
    "90": 0.1851521370571964,
    "91": 0,
    "92": 0.32299196787148593,
    "93": 0.0007644276253547777,
    "94": 0.34074074074074073,
    "95": 0.23197768315959477,
    "96": 0.29123455036226736,
    "97": 0,
    "98": 0.0029330726157674875,
    "99": 0.2306259314456036,
    "100": 0.021448927553622318,
    "101": 0.29487614523243977,
    "102": 0.001875586120662707,
    "103": 0.4025448923772149,
    "104": 0.2060705252194614,
    "105": 0,
    "106": 0.16537362188648427,
    "107": 0.18350221659278024,
    "108": 0.23504867872044508,
    "109": 0.3186641697877653,
    "110": 0.2874439461883408,
    "111": 5.553755727310594e-05,
    "112": 0.26334374575580605,
    "114": 0.2954203576800936,
    "115": 0.33122008021736316,
    "116": 0.2876132930513595,
    "117": 0.27135057175234367,
    "118": 0.3104956268221574,
    "119": 0.09121103730199284,
    "120": 0.36150970698179186,
    "121": 0.06697748860512856,
    "122": 0.2783512596549484,
    "123": 0.1966436594938422,
    "124": 0.10528764149480539,
    "125": 0.38489347966429954,
    "126": 0.06373664253705619,
    "127": 0.2792524952219155,
    "128": 0.33289159819772063,
    "129": 0.34442836468885674,
    "130": 0.37382492980100107,
    "131": 0.31215798239352843,
    "132": 0.2983964451313756,
    "133": 0.3000667556742323,
    "134": 0.1313023610053313,
    "135": 0.0018714544710216972,
    "136": 0.004323181861850322,
    "137": 0,
    "138": 0.3163250883392226,
    "139": 0.23194232635519202,
    "140": 0.34898012552301255,
    "141": 0.28619843403061823,
    "142": 0.0626577627248618,
    "143": 0.05070808588396528,
    "144": 0,
    "145": 0.14082242131863082,
    "146": 0.0032605151613955006,
    "147": 0.03627808136004857,
    "148": 0.0004468040370058873,
    "149": 0.12966751918158567,
    "150": 0.3451223421305695,
    "151": 0.09968275171147103,
    "152": 0.19599884024354886,
    "153": 0.20725501599302124,
    "154": 0,
    "155": 0.22903942254303164,
    "156": 0.3202828561572956,
    "157": 0.0014898688915375446,
    "158": 0.1592963202065849,
    "159": 0,
    "160": 0.20413159908186687,
    "161": 0.0196078431372549,
    "162": 0.13545846899371544,
    "163": 0.2212618841832325,
    "164": 0.2181605947041838,
    "165": 0.29551756007393715,
    "166": 0.379343105320304,
    "167": 0,
    "168": 0.2901960784313726,
    "169": 0.06401184201025345,
    "170": 0.2974821714452045,
    "171": 0.2974150450188789,
    "172": 0.2280318401748088,
    "173": 0.34321615134829875,
    "174": 0,
    "175": 0.3989668428640077,
    "176": 0.3383048381229538,
    "177": 0.2463365336028297,
    "178": 0.30632911392405066,
    "179": 0.145861499173802,
    "180": 0.3821052631578947,
    "181": 0.060782317871164754,
    "182": 0.0846014239843641,
    "183": 0,
    "184": 0.018038163387000598,
    "185": 0.2571428571428571,
    "186": 0.29411764705882354,
    "187": 0,
    "188": 0.19507700408055811,
    "189": 0.13262675451160125,
    "190": 0.3001050696086157,
    "191": 0.2842315037781284,
    "192": 0.3424892703862661,
    "193": 0.25367341280842803,
    "194": 0.3848761408083442,
    "195": 0.08429176755447942,
    "196": 0.3222849083215797
}