{
    "0": 0.005020934188146016,
    "1": 0.394945793250878,
    "2": 0.37234390323635175,
    "3": 0.3375073044494532,
    "4": 0,
    "5": 0.2337518704053087,
    "6": 0.46285064442759666,
    "7": 0.4177244052595577,
    "8": 0.41265880217785844,
    "9": 0.1935073741312087,
    "10": 0.3401752393314944,
    "11": 0.1293489493627282,
    "12": 0.3030944625407166,
    "13": 0.35191907170484976,
    "14": 0.1759909792696678,
    "15": 0.26042735042735043,
    "16": 0,
    "17": 0.08028883349093097,
    "18": 0,
    "19": 0.21036846615252786,
    "20": 0.2933702135015991,
    "21": 0.3691130068949398,
    "22": 0.03388842631140716,
    "23": 0.29186584425597534,
    "24": 0,
    "25": 0,
    "26": 0.014547237659365806,
    "27": 0.34478489631692977,
    "28": 0.3587370713119216,
    "29": 0.28768640818065616,
    "30": 0.3726971130091057,
    "31": 0,
    "32": 0.06628289473684211,
    "33": 0,
    "34": 0.16430494544423976,
    "35": 0,
    "36": 0.008293321693583587,
    "37": 0.31645977752700305,
    "38": 0.33474069943439816,
    "39": 0.2539849360658609,
    "40": 0.1542851965935858,
    "41": 0.21469122126834672,
    "42": 0.1393538667559424,
    "43": 0,
    "44": 0.30207872622733306,
    "45": 0.30545962835060025,
    "46": 0.3883302752293578,
    "47": 0.3525451672734767,
    "48": 0.009264526615197074,
    "49": 0.33703822165360625,
    "50": 0.3483136224266316,
    "51": 0.2083191105476179,
    "52": 0.09481368304897717,
    "53": 0.2936885977969634,
    "54": 0,
    "55": 0.33414148411117844,
    "56": 0.3395382280099065,
    "57": 0.4289597000937207,
    "58": 0.37667088785704234,
    "59": 0,
    "60": 0.23381351907551054,
    "61": 0.3612745801636285,
    "62": 0.27927321668909827,
    "63": 0.35975943138326955,
    "64": 0.32270946353224833,
    "65": 0.11293862583977946,
    "66": 0.0003350010559815895,
    "67": 0.13797692990239574,
    "68": 0.12711568661664632,
    "69": 0.012703708456306943,
    "70": 0.3455627169062965,
    "71": 0,
    "72": 0.08911243843655035,
    "73": 0,
    "74": 0.23320848938826466,
    "75": 0.19420770202020202,
    "76": 0.29383947658223747,
    "77": 0.39826385576647905,
    "78": 0.37076674974343937,
    "79": 0.27424120333064733,
    "80": 0.36113097172570685,
    "81": 0.04757915898810521,
    "82": 0.3583432579065767,
    "83": 0.3667093880166613,
    "84": 0.18264801942885855,
    "85": 0,
    "86": 0.0904104893307053,
    "87": 0.3194444444444444,
    "88": 0.3123901949301431,
    "89": 0.13815072512364826,
    "90": 0.2338715314181869,
    "91": 0,
    "92": 0.35212683681361173,
    "93": 0.000893097013570718,
    "94": 0.28372505543237253,
    "95": 0.15408462505236697,
    "96": 0.24881749219098617,
    "97": 0,
    "98": 0.0024293417076494636,
    "99": 0.2441860465116279,
    "100": 0.017078577879957303,
    "101": 0.36991579848722705,
    "102": 0.0019345477994518782,
    "103": 0.36301085965348584,
    "104": 0.15824271422357547,
    "105": 0,
    "106": 0.2041924294978133,
    "107": 0.26052317089363963,
    "108": 0.1592387768379961,
    "109": 0.3277838005265603,
    "110": 0.29459241323648105,
    "111": 0.00012317329602942083,
    "112": 0.21386892177589853,
    "113": 0.2954203576800936,
    "115": 0.27452458741727404,
    "116": 0.36234053631866703,
    "117": 0.39289735816370724,
    "118": 0.2566034541144599,
    "119": 0.08515318146111547,
    "120": 0.31758142587578964,
    "121": 0.10781851133509268,
    "122": 0.36179917643332277,
    "123": 0.23125630907589245,
    "124": 0.06389937106918239,
    "125": 0.3166202414113278,
    "126": 0.10207862346144185,
    "127": 0.40394797045558534,
    "128": 0.2777587974034848,
    "129": 0.24479435553261056,
    "130": 0.3471432209865014,
    "131": 0.3930025916327286,
    "132": 0.3979426534910092,
    "133": 0.3448393246187364,
    "134": 0.09225406002890911,
    "135": 0.00213578571787527,
    "136": 0.006845443697795641,
    "137": 0,
    "138": 0.25269240872077753,
    "139": 0.16852356193777338,
    "140": 0.30612774796607234,
    "141": 0.33473205699798936,
    "142": 0.10311439114391144,
    "143": 0.03739878120043409,
    "144": 0,
    "145": 0.15187024677945057,
    "146": 0.002630691399662732,
    "147": 0.02608047690014903,
    "148": 0.0008706011730205278,
    "149": 0.11703314212874442,
    "150": 0.32472523249558066,
    "151": 0.1734951947395043,
    "152": 0.1960730593607306,
    "153": 0.2795031055900621,
    "154": 0,
    "155": 0.40823429541595924,
    "156": 0.37097457627118646,
    "157": 0.0010528020732102365,
    "158": 0.2297899118985381,
    "159": 0,
    "160": 0.14169620472032507,
    "161": 0.013017848370722122,
    "162": 0.1808852996538952,
    "163": 0.1725085910652921,
    "164": 0.2998732153685023,
    "165": 0.35660077656194844,
    "166": 0.31123517096999304,
    "167": 0,
    "168": 0.19268400176289113,
    "169": 0.10208278924001045,
    "170": 0.24397239401272744,
    "171": 0.244136078782453,
    "172": 0.3328545247411957,
    "173": 0.25590991145878106,
    "174": 0,
    "175": 0.36356017432115323,
    "176": 0.28853786958282707,
    "177": 0.2727514164305949,
    "178": 0.2645411460577337,
    "179": 0.10327882741675845,
    "180": 0.36014276228419656,
    "181": 0.06165362940533266,
    "182": 0.07058536188227632,
    "183": 0,
    "184": 0.014631355239496486,
    "185": 0.190654361021036,
    "186": 0.4137580481192816,
    "187": 0,
    "188": 0.18802547770700637,
    "189": 0.22388773720299793,
    "190": 0.4923179692718771,
    "191": 0.4207642068913745,
    "192": 0.3257001392542163,
    "193": 0.19817382482245519,
    "194": 0.36046928174816406,
    "195": 0.07356223175965665,
    "196": 0.24551878662530163
}