{
    "0": 0.003990495365583792,
    "1": 0.2987133203739702,
    "2": 0.33586944536332564,
    "3": 0.3194378837978271,
    "4": 0,
    "5": 0.1687091503267974,
    "6": 0.2581485281351117,
    "7": 0.3090990990990991,
    "8": 0.29169974420040573,
    "9": 0.2634658664666166,
    "10": 0.3153699337599641,
    "11": 0.13062995660631452,
    "12": 0.32351867623798514,
    "13": 0.24849939975990396,
    "14": 0.23690812166823455,
    "15": 0.3581250924146089,
    "16": 0,
    "17": 0.1445188579485372,
    "18": 0,
    "19": 0.3761591637160681,
    "20": 0.303194297782471,
    "21": 0.2073251275893125,
    "22": 0.0513374314670211,
    "23": 0.16830735051901788,
    "24": 0,
    "25": 0,
    "26": 0.020308692120227456,
    "27": 0.2694463565739011,
    "28": 0.2755934266585514,
    "29": 0.3443163097199341,
    "30": 0.3059467918622848,
    "31": 0,
    "32": 0.08373095274742189,
    "33": 0,
    "34": 0.158335953054595,
    "35": 0,
    "36": 0.006610576923076923,
    "37": 0.2634834508952794,
    "38": 0.32903008531656935,
    "39": 0.32112550245645377,
    "40": 0.1670706091452577,
    "41": 0.2746169506053788,
    "42": 0.2110120444235883,
    "43": 0,
    "44": 0.29420366923690505,
    "45": 0.29820173871620814,
    "46": 0.29523389232127095,
    "47": 0.2918578956314805,
    "48": 0.014596172559195588,
    "49": 0.4016383420956107,
    "50": 0.25365965233302834,
    "51": 0.1411665731912507,
    "52": 0.16181941156577612,
    "53": 0.35109612141652613,
    "54": 0,
    "55": 0.3150548354935194,
    "56": 0.4125030765444253,
    "57": 0.3060645466367183,
    "58": 0.3011203284016078,
    "59": 0,
    "60": 0.3689689126459418,
    "61": 0.3303812808800224,
    "62": 0.2647168174494981,
    "63": 0.32282340729207215,
    "64": 0.2268041237113402,
    "65": 0.05506960059267731,
    "66": 0.0002592451391536409,
    "67": 0.1659892700373923,
    "68": 0.14531126871552402,
    "69": 0.01368992606284658,
    "70": 0.22948809645448043,
    "71": 0,
    "72": 0.05573821477762474,
    "73": 0,
    "74": 0.2173694779116466,
    "75": 0.20214206573925889,
    "76": 0.3195562712470925,
    "77": 0.3654530522857925,
    "78": 0.2625640135404913,
    "79": 0.22430881585811163,
    "80": 0.28127404216033236,
    "81": 0.06330770489121544,
    "82": 0.28340337800333043,
    "83": 0.22095384446517755,
    "84": 0.2731580556404769,
    "85": 0,
    "86": 0.09836065573770492,
    "87": 0.3211282183982404,
    "88": 0.2284236019374725,
    "89": 0.2405768600458866,
    "90": 0.19137415982076175,
    "91": 0,
    "92": 0.323666978484565,
    "93": 0.0007523711089494164,
    "94": 0.31184619734238056,
    "95": 0.2841930116472546,
    "96": 0.32688104901654697,
    "97": 0,
    "98": 0.0029884198729921555,
    "99": 0.23735050597976082,
    "100": 0.023529411764705882,
    "101": 0.2855539245315603,
    "102": 0.001876574982574661,
    "103": 0.33318150762924165,
    "104": 0.2320785597381342,
    "105": 0,
    "106": 0.16392048474540236,
    "107": 0.171121277791155,
    "108": 0.2835704236360794,
    "109": 0.37973364215402433,
    "110": 0.30174563591022446,
    "111": 5.58191459670667e-05,
    "112": 0.2892561983471074,
    "113": 0.33122008021736316,
    "114": 0.27452458741727404,
    "116": 0.2835429365018131,
    "117": 0.2577189666036547,
    "118": 0.34212422539270787,
    "119": 0.09984850571546619,
    "120": 0.3805740645822655,
    "121": 0.06952441885263383,
    "122": 0.27553128689492323,
    "123": 0.196627607887968,
    "124": 0.10963734049697783,
    "125": 0.31367457962413453,
    "126": 0.06547346953127747,
    "127": 0.2792132384961533,
    "128": 0.27872037300867764,
    "129": 0.3212756533293961,
    "130": 0.303196453569762,
    "131": 0.31069882498453927,
    "132": 0.26991619304498604,
    "133": 0.3877823310778614,
    "134": 0.14233576642335766,
    "135": 0.002021102689849903,
    "136": 0.005279187817258883,
    "137": 0,
    "138": 0.3028888240443537,
    "139": 0.2724467756865165,
    "140": 0.2843273231622746,
    "141": 0.27921294060840174,
    "142": 0.06483351795139115,
    "143": 0.05492864254895453,
    "144": 0,
    "145": 0.14610982588579083,
    "146": 0.003465804066543438,
    "147": 0.03777008081807686,
    "148": 0.00042660978536195174,
    "149": 0.14026152787336546,
    "150": 0.33519247594050744,
    "151": 0.0897922398254435,
    "152": 0.18458049886621314,
    "153": 0.19794818805815928,
    "154": 0,
    "155": 0.19666575066410186,
    "156": 0.3098431063195723,
    "157": 0.0014589074404279462,
    "158": 0.15147066818898494,
    "159": 0,
    "160": 0.2502599653379549,
    "161": 0.021364009860312245,
    "162": 0.14413771220053942,
    "163": 0.2620312248511186,
    "164": 0.20431832202344233,
    "165": 0.3198214949795463,
    "166": 0.31632250427462844,
    "167": 0,
    "168": 0.349679029957204,
    "169": 0.06646492231612355,
    "170": 0.2954476015887565,
    "171": 0.2944131526868625,
    "172": 0.198838749108689,
    "173": 0.35201793721973096,
    "174": 0,
    "175": 0.3410708036859909,
    "176": 0.3345061573259613,
    "177": 0.22669245647969052,
    "178": 0.31762874929258633,
    "179": 0.17635203224722876,
    "180": 0.3267371773001251,
    "181": 0.06565656565656566,
    "182": 0.08695652173913043,
    "183": 0,
    "184": 0.020477815699658702,
    "185": 0.25158592848904265,
    "186": 0.3093108890057864,
    "187": 0,
    "188": 0.18904788112272977,
    "189": 0.12736815156169995,
    "190": 0.29949168841873886,
    "191": 0.2846022241231822,
    "192": 0.33909000332115574,
    "193": 0.2656782802075612,
    "194": 0.31707011162674026,
    "195": 0.08378070603546445,
    "196": 0.30555152920713147
}