{
    "0": 0.004715483297345358,
    "1": 0.3377768934871999,
    "2": 0.33856956710583463,
    "3": 0.3181308411214953,
    "4": 0,
    "5": 0.197322501287259,
    "6": 0.33826065533382604,
    "7": 0.4229156301087497,
    "8": 0.3985738022708391,
    "9": 0.18629227053140096,
    "10": 0.31934545454545454,
    "11": 0.10064318082151733,
    "12": 0.3164317113839624,
    "13": 0.34054650841843775,
    "14": 0.15751303165369795,
    "15": 0.26557377049180325,
    "16": 0,
    "17": 0.07027469664259658,
    "18": 0,
    "19": 0.21439664544183878,
    "20": 0.272177573670111,
    "21": 0.3438836612489307,
    "22": 0.02721774193548387,
    "23": 0.3059437932070935,
    "24": 0,
    "25": 0,
    "26": 0.011644419199091167,
    "27": 0.3195676274944568,
    "28": 0.2923476401405224,
    "29": 0.2900941560968018,
    "30": 0.5024544973944566,
    "31": 0,
    "32": 0.05173389950460014,
    "33": 0,
    "34": 0.13485989384026664,
    "35": 0,
    "36": 0.005748730256181281,
    "37": 0.26819763395963814,
    "38": 0.34893775624301154,
    "39": 0.24425332290852228,
    "40": 0.10713752426459609,
    "41": 0.21620760010201479,
    "42": 0.1261168888237879,
    "43": 0,
    "44": 0.24743426473893176,
    "45": 0.2613426255155739,
    "46": 0.3938457311628546,
    "47": 0.4628117094325985,
    "48": 0.007855070412568112,
    "49": 0.35369147659063627,
    "50": 0.25554525354824903,
    "51": 0.17869234489733105,
    "52": 0.08809329272821807,
    "53": 0.31107217939733706,
    "54": 0,
    "55": 0.29929497384580395,
    "56": 0.3679969593310528,
    "57": 0.3449406620861961,
    "58": 0.3814106789716546,
    "59": 0,
    "60": 0.2543716656787196,
    "61": 0.39622379564070526,
    "62": 0.232047776658512,
    "63": 0.32351536379557394,
    "64": 0.2718256557484014,
    "65": 0.10987074030552292,
    "66": 0.0003018520781078187,
    "67": 0.10838215412347904,
    "68": 0.1022608954335862,
    "69": 0.011786181991348864,
    "70": 0.24535117056856187,
    "71": 0,
    "72": 0.0808663103745071,
    "73": 0,
    "74": 0.18259709249245032,
    "75": 0.16531871144619603,
    "76": 0.3638690202769211,
    "77": 0.32950437786167563,
    "78": 0.3105590062111801,
    "79": 0.22279361718218257,
    "80": 12.597594819611471,
    "81": 0.03800028897558156,
    "82": 0.44275431210104577,
    "83": 0.3864294580057923,
    "84": 0.17567668331966296,
    "85": 0,
    "86": 0.06473101151256246,
    "87": 0.29713493530499074,
    "88": 0.25424330658333927,
    "89": 0.12706938415127658,
    "90": 0.18952075904997884,
    "91": 0,
    "92": 0.3664826383844254,
    "93": 0.0009173457175005196,
    "94": 0.24944252210688198,
    "95": 0.1627005245951494,
    "96": 0.2343466245558626,
    "97": 0,
    "98": 0.0021391518263008716,
    "99": 0.18976897689768976,
    "100": 0.013171947312210752,
    "101": 0.3377669778744085,
    "102": 0.0016516516516516516,
    "103": 0.33911496553257725,
    "104": 0.14259722538094155,
    "105": 0,
    "106": 0.16647158278059565,
    "107": 0.2246249413970933,
    "108": 0.17495134002096122,
    "109": 0.349567892192764,
    "110": 0.2662439441436307,
    "111": 0.00010390959864917522,
    "112": 0.20032951396689883,
    "113": 0.2876132930513595,
    "114": 0.36234053631866703,
    "115": 0.2835429365018131,
    "117": 0.2998930481283422,
    "118": 0.2381559220389805,
    "119": 0.0698023176550784,
    "120": 0.3144611697745825,
    "121": 0.09424052698732975,
    "122": 0.4864405627676205,
    "123": 0.16650401621499888,
    "124": 0.05869008415660446,
    "125": 0.2890048453224003,
    "126": 0.08969465648854962,
    "127": 0.3857340304068265,
    "128": 0.25433047145654464,
    "129": 0.22371009229838099,
    "130": 0.32047321226734987,
    "131": 0.31003529231241367,
    "132": 0.35465944713593617,
    "133": 0.3664454852979443,
    "134": 0.08151812744591302,
    "135": 0.0020665128796616685,
    "136": 0.004550817461655149,
    "137": 0,
    "138": 0.23483033160701863,
    "139": 0.15449989104380038,
    "140": 0.26987951807228916,
    "141": 0.27741024306846057,
    "142": 0.08989136744340327,
    "143": 0.030467114287777056,
    "144": 0,
    "145": 0.12116359754470243,
    "146": 0.0024034128462416633,
    "147": 0.021015636207143883,
    "148": 0.0007696705809913357,
    "149": 0.0997920997920998,
    "150": 0.34800029139651784,
    "151": 0.1752145747094179,
    "152": 0.15179526355996945,
    "153": 0.23343504795117698,
    "154": 0,
    "155": 0.27714553487749366,
    "156": 0.33731664137582196,
    "157": 0.0010590228748940977,
    "158": 0.20678220886019985,
    "159": 0,
    "160": 0.1325438396720565,
    "161": 0.010529311326124075,
    "162": 0.15099608011598561,
    "163": 0.168247170388498,
    "164": 0.2658554755401043,
    "165": 0.3336212311557789,
    "166": 0.28081982257571125,
    "167": 0,
    "168": 0.19037871033776868,
    "169": 0.08888145082765336,
    "170": 0.2249508067689886,
    "171": 0.22522805913809374,
    "172": 0.33744389321993856,
    "173": 0.2515684300209124,
    "174": 0,
    "175": 0.335618479880775,
    "176": 0.29537472913397594,
    "177": 0.22802114803625378,
    "178": 0.2621737436696533,
    "179": 0.09737409804359146,
    "180": 0.33392513685456426,
    "181": 0.04324479129376387,
    "182": 0.05760157735370749,
    "183": 0,
    "184": 0.011644419199091167,
    "185": 0.17683777630902547,
    "186": 0.37781447012909036,
    "187": 0,
    "188": 0.14844930560552638,
    "189": 0.22156676956933705,
    "190": 0.25272030651341,
    "191": 0.3675511951010733,
    "192": 0.33271028037383177,
    "193": 0.18102807903729015,
    "194": 0.3208209770563446,
    "195": 0.05351414406532517,
    "196": 0.2516509433962264
}