{
    "0": 0.004900502301485902,
    "1": 0.34545930384716045,
    "2": 0.35706494794248883,
    "3": 0.3076301978199435,
    "4": 0,
    "5": 0.2600262984878369,
    "6": 0.3632980014564285,
    "7": 0.3441754916792738,
    "8": 0.3486347113027306,
    "9": 0.2061760991849386,
    "10": 0.3229218147672235,
    "11": 0.17255001911558557,
    "12": 0.27547281909099913,
    "13": 0.2831463539010709,
    "14": 0.1913387715930902,
    "15": 0.2598207369702335,
    "16": 0,
    "17": 0.10419866871479774,
    "18": 0,
    "19": 0.2164358475449239,
    "20": 0.29830243466607104,
    "21": 0.30802139037433157,
    "22": 0.04652613196956468,
    "23": 0.22044914957381387,
    "24": 0,
    "25": 0,
    "26": 0.018980411242243582,
    "27": 0.3228404777335432,
    "28": 0.36963387530705344,
    "29": 0.2966644576982549,
    "30": 0.3203397904096539,
    "31": 0,
    "32": 0.08450704225352113,
    "33": 0,
    "34": 0.18121116572382454,
    "35": 0,
    "36": 0.007125103562551781,
    "37": 0.36163421640600063,
    "38": 0.3038058991436727,
    "39": 0.27695760009448445,
    "40": 0.1687491948988793,
    "41": 0.17865619117767412,
    "42": 0.15928059245327378,
    "43": 0,
    "44": 0.3484446587894864,
    "45": 0.29654323520361064,
    "46": 0.336905948820206,
    "47": 0.29418515684774293,
    "48": 0.01097708082026538,
    "49": 0.28730055052719977,
    "50": 0.36985678563309843,
    "51": 0.19718781386006026,
    "52": 0.11902985074626865,
    "53": 0.25619689936060264,
    "54": 0,
    "55": 0.30882978723404253,
    "56": 0.29041581204549693,
    "57": 0.4240825419158166,
    "58": 0.3208467773668057,
    "59": 0,
    "60": 0.2168102168102168,
    "61": 0.30739331119928737,
    "62": 0.29132480035007113,
    "63": 0.38012599548318077,
    "64": 0.3535964659560165,
    "65": 0.08952791433766584,
    "66": 0.0002776318751406918,
    "67": 0.17879226417576635,
    "68": 0.18647677359243978,
    "69": 0.014043783560512184,
    "70": 0.33164351617155025,
    "71": 0,
    "72": 0.07909579428875961,
    "73": 0,
    "74": 0.2733287702486881,
    "75": 0.2216060573744268,
    "76": 0.23649330067713586,
    "77": 0.43850063532401523,
    "78": 0.3337001608397528,
    "79": 0.3600207954250065,
    "80": 0.29877527769866136,
    "81": 0.06678405232046283,
    "82": 0.30112014056665937,
    "83": 0.2850666224360038,
    "84": 0.19572630143214367,
    "85": 0,
    "86": 0.11366506693609497,
    "87": 0.3021543791274223,
    "88": 0.3664259927797834,
    "89": 0.1436808118081181,
    "90": 0.26462621885157095,
    "91": 0,
    "92": 0.3084465233426284,
    "93": 0.0008977466558937068,
    "94": 0.28645712965102843,
    "95": 0.17225325884543763,
    "96": 0.26867295141406816,
    "97": 0,
    "98": 0.002885215221459763,
    "99": 0.29342527642373084,
    "100": 0.023173124080431585,
    "101": 0.31212532970985535,
    "102": 0.0018294737855664147,
    "103": 0.31819957039640695,
    "104": 0.19600201156650743,
    "105": 0,
    "106": 0.241904375190336,
    "107": 0.28819938111566445,
    "108": 0.16903424732958924,
    "109": 0.28161386406715405,
    "110": 0.2987836042113871,
    "111": 0.00012773722627737227,
    "112": 0.22769580022701474,
    "113": 0.27135057175234367,
    "114": 0.39289735816370724,
    "115": 0.2577189666036547,
    "116": 0.2998930481283422,
    "118": 0.26289627747707944,
    "119": 0.1017212659633537,
    "120": 0.2750537214299668,
    "121": 0.09178442781934054,
    "122": 0.2957233223322332,
    "123": 0.3009171837065012,
    "124": 0.08122833085685983,
    "125": 0.3053097345132743,
    "126": 0.08627705775741203,
    "127": 0.2903938906752412,
    "128": 0.28747913188647745,
    "129": 0.24603085238148856,
    "130": 0.33068561872909696,
    "131": 0.4331740781575401,
    "132": 0.37113997113997116,
    "133": 0.2716930626812402,
    "134": 0.11457036114570361,
    "135": 0.0021536654266774815,
    "136": 0.005523937060595916,
    "137": 0,
    "138": 0.28036605657237934,
    "139": 0.16600833881939872,
    "140": 0.3102681054622316,
    "141": 0.39287410926365796,
    "142": 0.08617394074546034,
    "143": 0.05128846634976232,
    "144": 0,
    "145": 0.17667056198873898,
    "146": 0.003436106983655275,
    "147": 0.036214808383976185,
    "148": 0.0009852216748768472,
    "149": 0.14753541076487253,
    "150": 0.2929274516952242,
    "151": 0.13649975454099164,
    "152": 0.2885347623748413,
    "153": 0.25306034791323645,
    "154": 0,
    "155": 0.44417819409650366,
    "156": 0.28916124090386824,
    "157": 0.002053388090349076,
    "158": 0.21306367860071057,
    "159": 0,
    "160": 0.16094631037018878,
    "161": 0.01823075981891594,
    "162": 0.18386952636282394,
    "163": 0.1942282361393845,
    "164": 0.25235109717868337,
    "165": 0.3645680819912152,
    "166": 0.3047713937783682,
    "167": 0,
    "168": 0.20098628818859754,
    "169": 0.08639108221086855,
    "170": 0.26575476306790424,
    "171": 0.2657564305741802,
    "172": 0.24817813765182187,
    "173": 0.25750448028673834,
    "174": 0,
    "175": 0.3192395286662046,
    "176": 0.2605133267522211,
    "177": 0.3428966905750598,
    "178": 0.2739819004524887,
    "179": 0.12194525904203324,
    "180": 0.31189710610932475,
    "181": 0.07741053677932405,
    "182": 0.09531212628557761,
    "183": 0,
    "184": 0.019106729950103443,
    "185": 0.1960958296362023,
    "186": 0.3933272115090297,
    "187": 0,
    "188": 0.23623575066699007,
    "189": 0.18225934240063382,
    "190": 0.35401414567564216,
    "191": 0.355197192513369,
    "192": 0.2673355233951878,
    "193": 0.21473660048203833,
    "194": 0.3536104539822012,
    "195": 0.09857161240509586,
    "196": 0.26759420289855074
}