{
    "0": 0.004202143276570758,
    "1": 0.28683563457537353,
    "2": 0.33952897714153774,
    "3": 0.2956918276731069,
    "4": 0,
    "5": 0.16172393514240108,
    "6": 0.25165723524656425,
    "7": 0.2787106042919996,
    "8": 0.26835106382978724,
    "9": 0.2513360578434455,
    "10": 0.32354334438654664,
    "11": 0.14349258649093904,
    "12": 0.2959586002957122,
    "13": 0.23089801111631955,
    "14": 0.2457123450500934,
    "15": 0.35035592695759826,
    "16": 0,
    "17": 0.15133242559813265,
    "18": 0,
    "19": 0.32123655913978494,
    "20": 0.2979693327807708,
    "21": 0.19476744186046513,
    "22": 0.05658284023668639,
    "23": 0.14631571008371672,
    "24": 0,
    "25": 0,
    "26": 0.022571325388226798,
    "27": 0.2522017614091273,
    "28": 0.3032591414944356,
    "29": 0.33485779619837075,
    "30": 0.2605448527539676,
    "31": 0,
    "32": 0.08771929824561403,
    "33": 0,
    "34": 0.16318827708703373,
    "35": 0,
    "36": 0.007587902105375655,
    "37": 0.28148234200743494,
    "38": 0.3164878273912542,
    "39": 0.31486697965571203,
    "40": 0.18458781362007168,
    "41": 0.22425701130179992,
    "42": 0.21789223991867163,
    "43": 0,
    "44": 0.29784537389100124,
    "45": 0.32227366255144035,
    "46": 0.2712044668971018,
    "47": 0.25416492256174134,
    "48": 0.01883716717985872,
    "49": 0.3458223605458463,
    "50": 0.26482405941799586,
    "51": 0.13349279571729597,
    "52": 0.17354754343358864,
    "53": 0.2976713532513181,
    "54": 0,
    "55": 0.30729369089260267,
    "56": 0.33655091230135376,
    "57": 0.31845612270555695,
    "58": 0.28175698998964444,
    "59": 0,
    "60": 0.3738832638475283,
    "61": 0.289623507805326,
    "62": 0.2943089430894309,
    "63": 0.31725819561094554,
    "64": 0.21823046053888784,
    "65": 0.049510083467261136,
    "66": 0.00024514122432720226,
    "67": 0.17594575303354745,
    "68": 0.16491043203371972,
    "69": 0.014565725588922855,
    "70": 0.22562141491395793,
    "71": 0,
    "72": 0.05275285800577194,
    "73": 0,
    "74": 0.2129202373104812,
    "75": 0.21042928627864102,
    "76": 0.2679795263294873,
    "77": 0.4169842963866443,
    "78": 0.2471355543803984,
    "79": 0.2638706858890345,
    "80": 0.23784188834769576,
    "81": 0.06917211328976035,
    "82": 0.24343638340842008,
    "83": 0.19205869659041863,
    "84": 0.29756507136859783,
    "85": 0,
    "86": 0.10810810810810811,
    "87": 0.3157254796001081,
    "88": 0.24,
    "89": 0.21424936386768448,
    "90": 0.1894123360854784,
    "91": 0,
    "92": 0.2969861866889912,
    "93": 0.00082474856623571,
    "94": 0.3100313012371441,
    "95": 0.26773575039219105,
    "96": 0.35993794173418375,
    "97": 0,
    "98": 0.0035703659625111574,
    "99": 0.2520567375886525,
    "100": 0.02407239819004525,
    "101": 0.2678665035820374,
    "102": 0.0018294711165317663,
    "103": 0.31674629996503906,
    "104": 0.22564906778184352,
    "105": 0,
    "106": 0.167979297929793,
    "107": 0.16685988737992713,
    "108": 0.2668731659602217,
    "109": 0.3344401190748798,
    "110": 0.2938639724001971,
    "111": 0.00014037714660053343,
    "112": 0.28313908313908315,
    "113": 0.3104956268221574,
    "114": 0.2566034541144599,
    "115": 0.34212422539270787,
    "116": 0.2381559220389805,
    "117": 0.26289627747707944,
    "119": 0.11188388267311764,
    "120": 0.34986404247054254,
    "121": 0.060651468122301905,
    "122": 0.2314476231447623,
    "123": 0.22289061263257876,
    "124": 0.12230754823000561,
    "125": 0.316625439395912,
    "126": 0.05762568054868133,
    "127": 0.2426465351470693,
    "128": 0.28567493112947656,
    "129": 0.2984802431610942,
    "130": 0.29589737383516884,
    "131": 0.342914979757085,
    "132": 0.26488154489349,
    "133": 0.27753798342541436,
    "134": 0.15880939175448328,
    "135": 0.0018765133171912832,
    "136": 0.0061802016697386965,
    "137": 0,
    "138": 0.32992490813228953,
    "139": 0.23563488335681854,
    "140": 0.3008669737198591,
    "141": 0.29607563787074215,
    "142": 0.05730649648175421,
    "143": 0.05933296480560162,
    "144": 0,
    "145": 0.16251325556733828,
    "146": 0.003606516602412635,
    "147": 0.04105571847507331,
    "148": 0.001058574453069866,
    "149": 0.15584415584415584,
    "150": 0.3057724024189115,
    "151": 0.08329177057356608,
    "152": 0.20995962314939434,
    "153": 0.19981640146878826,
    "154": 0,
    "155": 0.20163461538461538,
    "156": 0.2673998968894999,
    "157": 0.0019826964671953856,
    "158": 0.14819544697390338,
    "159": 0,
    "160": 0.445777464126088,
    "161": 0.023391812865497075,
    "162": 0.14745130542892665,
    "163": 0.2628403998621165,
    "164": 0.19825256144320824,
    "165": 0.3207498047383494,
    "166": 0.30838815789473684,
    "167": 0,
    "168": 0.33784545967287083,
    "169": 0.05769373377827215,
    "170": 0.30846674368707705,
    "171": 0.30650459921156376,
    "172": 0.17791256002021733,
    "173": 0.34202717476183037,
    "174": 0,
    "175": 0.3164182635438845,
    "176": 0.302903512108533,
    "177": 0.2504930966469428,
    "178": 0.313457249070632,
    "179": 0.18017194073532103,
    "180": 0.3032540964689592,
    "181": 0.07394427895566848,
    "182": 0.10038288663226236,
    "183": 0,
    "184": 0.022571325388226798,
    "185": 0.2365220003003454,
    "186": 0.2953468332615252,
    "187": 0,
    "188": 0.19694497997923774,
    "189": 0.1117205085121897,
    "190": 0.29317789291882557,
    "191": 0.2574993590291428,
    "192": 0.29516622922134733,
    "193": 0.2628023876845743,
    "194": 0.3319034852546917,
    "195": 0.0905653583003241,
    "196": 0.3011294261294261
}