{
    "0": 0.0042295603585425475,
    "1": 0.0951219512195122,
    "2": 0.1004983388704319,
    "3": 0.10237788450275272,
    "4": 0,
    "5": 0.06340947173472088,
    "6": 0.0937357457807511,
    "7": 0.0767439993577908,
    "8": 0.07988691437802908,
    "9": 0.11671037841888347,
    "10": 0.10773849232821882,
    "11": 0.12870514820592824,
    "12": 0.09745253544820956,
    "13": 0.07454135429999391,
    "14": 0.10628523700146168,
    "15": 0.1021941689209498,
    "16": 0,
    "17": 0.10113085621970921,
    "18": 0,
    "19": 0.11616527727437477,
    "20": 0.11220556745182013,
    "21": 0.06039515042658285,
    "22": 0.07607872823618471,
    "23": 0.045635197322549156,
    "24": 0,
    "25": 0,
    "26": 0.0624,
    "27": 0.10352422907488987,
    "28": 0.10039370078740158,
    "29": 0.10089717046238786,
    "30": 0.0759035216151653,
    "31": 0,
    "32": 0.2958532695374801,
    "33": 0,
    "34": 0.2437002652519894,
    "35": 0,
    "36": 0.020590582601755787,
    "37": 0.1101793617516888,
    "38": 0.08807744922656004,
    "39": 0.11674958540630183,
    "40": 0.13995609220636662,
    "41": 0.0716540404040404,
    "42": 0.10258658483121438,
    "43": 0,
    "44": 0.11298606016140866,
    "45": 0.11478696741854637,
    "46": 0.08253250423968343,
    "47": 0.07456642982657193,
    "48": 0.027596780375622843,
    "49": 0.09505013868145935,
    "50": 0.12439755112674222,
    "51": 0.0441633252386062,
    "52": 0.09530503233061569,
    "53": 0.0877442996742671,
    "54": 0,
    "55": 0.095692578174055,
    "56": 0.09714103517908386,
    "57": 0.10784313725490197,
    "58": 0.08310227972889711,
    "59": 0,
    "60": 0.08836959441310771,
    "61": 0.07954360228198859,
    "62": 0.16052552099063727,
    "63": 0.11452136289886425,
    "64": 0.07826587377709572,
    "65": 0.021638232218906994,
    "66": 0.00032930587026916837,
    "67": 0.1403118040089087,
    "68": 0.1251360174102285,
    "69": 0.01772816808929744,
    "70": 0.13728530534351144,
    "71": 0,
    "72": 0.01733395717755052,
    "73": 0,
    "74": 0.08578687789568076,
    "75": 0.163778457356439,
    "76": 0.06724177770931218,
    "77": 0.11409578076244743,
    "78": 0.09735042735042736,
    "79": 0.13439135573189262,
    "80": 0.06910873561653162,
    "81": 0.09074605451936872,
    "82": 0.07285613040396882,
    "83": 0.05796103129305255,
    "84": 0.12854114472923492,
    "85": 0,
    "86": 0.13943076431084106,
    "87": 0.10312831389183456,
    "88": 0.1274241832617467,
    "89": 0.10352471735757038,
    "90": 0.0694345751700335,
    "91": 0,
    "92": 0.09587709062621548,
    "93": 0.0008361008009376831,
    "94": 0.12042131740292407,
    "95": 0.1067193675889328,
    "96": 0.11552663970458942,
    "97": 0,
    "98": 0.0044975404075896,
    "99": 0.1106308037143772,
    "100": 0.041554444016929586,
    "101": 0.08082736674622117,
    "102": 0.0030593242883745677,
    "103": 0.08897898218286568,
    "104": 0.13863039847291816,
    "105": 0,
    "106": 0.2082139446036294,
    "107": 0.09454808911429088,
    "108": 0.09910581222056632,
    "109": 0.08811600081119449,
    "110": 0.10737925962245648,
    "111": 0.00022144555809094674,
    "112": 0.10969957081545065,
    "113": 0.09121103730199284,
    "114": 0.08515318146111547,
    "115": 0.09984850571546619,
    "116": 0.0698023176550784,
    "117": 0.1017212659633537,
    "118": 0.11188388267311764,
    "120": 0.09845537082891169,
    "121": 0.04715203261413022,
    "122": 0.06695295725161038,
    "123": 0.14068678459937564,
    "124": 0.07706826045926392,
    "125": 0.09828685757158935,
    "126": 0.04618796360021411,
    "127": 0.06683152621900958,
    "128": 0.10453111557212504,
    "129": 0.10275288092189501,
    "130": 0.09914046862121748,
    "131": 0.10426720853441707,
    "132": 0.08629825889477669,
    "133": 0.07802890528905289,
    "134": 0.10954478707782672,
    "135": 0.002731148414601652,
    "136": 0.01522760408229386,
    "137": 0,
    "138": 0.12896657050738164,
    "139": 0.10404515522107244,
    "140": 0.10619347766511374,
    "141": 0.1207195203197868,
    "142": 0.04430667927568211,
    "143": 0.08595229079893979,
    "144": 0,
    "145": 0.2884097035040431,
    "146": 0.0069265782703344545,
    "147": 0.06612529002320186,
    "148": 0.001981662230109435,
    "149": 0.32705677867902666,
    "150": 0.09000909182745732,
    "151": 0.03281679406942103,
    "152": 0.14403583215464402,
    "153": 0.12034337544541626,
    "154": 0,
    "155": 0.10611435726210351,
    "156": 0.08193901485535575,
    "157": 0.005850234009360375,
    "158": 0.0964398641527111,
    "159": 0,
    "160": 0.1254630773030378,
    "161": 0.04173228346456693,
    "162": 0.17078604009759202,
    "163": 0.11413043478260869,
    "164": 0.09455534268586614,
    "165": 0.1085144012127337,
    "166": 0.10460652591170826,
    "167": 0,
    "168": 0.11651090342679128,
    "169": 0.04627166465135026,
    "170": 0.11930270564735791,
    "171": 0.11970300615718943,
    "172": 0.0537264917576039,
    "173": 0.1069818068729591,
    "174": 0,
    "175": 0.0959929546455306,
    "176": 0.0931798702093792,
    "177": 0.12769784172661872,
    "178": 0.10681090964497943,
    "179": 0.11059403230221736,
    "180": 0.09579795340735903,
    "181": 0.1102765448958689,
    "182": 0.2242735042735043,
    "183": 0,
    "184": 0.0624,
    "185": 0.0831199863457928,
    "186": 0.09196787148594378,
    "187": 0,
    "188": 0.09726613353170913,
    "189": 0.03496860636284435,
    "190": 0.12140871177015755,
    "191": 0.08521780528445608,
    "192": 0.08284620036283008,
    "193": 0.10926193921852388,
    "194": 0.1146430432516936,
    "195": 0.11202185792349727,
    "196": 0.11194272697689554
}