{
    "0": 0.00454771548355006,
    "1": 0.29877311214791774,
    "2": 0.32002801120448177,
    "3": 0.3522842639593909,
    "4": 0,
    "5": 0.18510158013544017,
    "6": 0.2865056162486536,
    "7": 0.34971226206285966,
    "8": 0.31620149761742683,
    "9": 0.2306608606557377,
    "10": 0.37798083351905504,
    "11": 0.14224940175485243,
    "13": 0.2745829244357213,
    "14": 0.21815480210725383,
    "15": 0.31825133826153457,
    "16": 0,
    "17": 0.11286390362828051,
    "18": 0,
    "19": 0.2941256830601093,
    "20": 0.35445620298355224,
    "21": 0.2413586891520153,
    "22": 0.04516486561374342,
    "23": 0.197559468643806,
    "24": 0,
    "25": 0,
    "26": 0.01818181818181818,
    "27": 0.3332675222112537,
    "28": 0.2944520236471123,
    "29": 0.32568639414277,
    "30": 0.332827899924185,
    "31": 0,
    "32": 0.07891281512605042,
    "33": 0,
    "34": 0.1640038498556304,
    "35": 0,
    "36": 0.006335326135451057,
    "37": 0.26306342241723174,
    "38": 0.3356657963446475,
    "39": 0.28294177732379977,
    "40": 0.15957742563247151,
    "41": 0.22540680473372782,
    "42": 0.18497876857749468,
    "43": 0,
    "44": 0.2776401179941003,
    "45": 0.29399001952701237,
    "46": 0.32256686319747074,
    "47": 0.31495610796619905,
    "48": 0.01188707280832095,
    "49": 0.3261993382961125,
    "50": 0.2604199641236678,
    "51": 0.15130547597167415,
    "52": 0.1407155989251874,
    "53": 0.2878175519630485,
    "54": 0,
    "55": 0.3679805942995755,
    "56": 0.344265741616735,
    "57": 0.3551874856222682,
    "58": 0.3147543659213318,
    "59": 0,
    "60": 0.29,
    "61": 0.36221256563461884,
    "62": 0.25985221674876846,
    "63": 0.30737990252958924,
    "64": 0.25808189655172414,
    "65": 0.07068524909766315,
    "66": 0.0002719464567642904,
    "67": 0.1482806052269601,
    "68": 0.1414760348583878,
    "69": 0.013777081419849803,
    "70": 0.26263520157325465,
    "71": 0,
    "72": 0.06126694256497843,
    "73": 0,
    "74": 0.20306428333518375,
    "75": 0.2261029411764706,
    "76": 0.30906081919735207,
    "77": 0.3701567398119122,
    "78": 0.28743718592964823,
    "79": 0.2639593908629442,
    "80": 0.31448015122873346,
    "81": 0.057692307692307696,
    "82": 0.3030604437643458,
    "83": 0.23624197002141328,
    "84": 0.2408930669800235,
    "85": 0,
    "86": 0.09427609427609428,
    "87": 0.3723377599599098,
    "88": 0.2793879969830837,
    "89": 0.18960655297435208,
    "90": 0.18998881912789198,
    "91": 0,
    "92": 0.3599476439790576,
    "93": 0.0008057168244215029,
    "94": 0.3494056364364899,
    "95": 0.21855197519212619,
    "96": 0.295573792546751,
    "97": 0,
    "98": 0.0028482868392393397,
    "99": 0.22626545369722417,
    "100": 0.021143090983494747,
    "101": 0.3026772434308379,
    "102": 0.00181068302987627,
    "103": 0.360373061490077,
    "104": 0.20074349442379183,
    "105": 0,
    "106": 0.18333001394144594,
    "107": 0.2170926517571885,
    "108": 0.2222222222222222,
    "109": 0.3146201150565364,
    "110": 0.29878577623590635,
    "111": 6.438498542139972e-05,
    "112": 0.26516998075689546,
    "113": 0.36775942814887846,
    "114": 0.3030944625407166,
    "115": 0.32351867623798514,
    "116": 0.3164317113839624,
    "117": 0.27547281909099913,
    "118": 0.2959586002957122,
    "119": 0.09745253544820956,
    "120": 0.3493251672904616,
    "121": 0.08178035733016328,
    "122": 0.3024882798413271,
    "123": 0.20322704571648098,
    "124": 0.09765020402420149,
    "125": 0.3484616291406342,
    "126": 0.07774548474154037,
    "127": 0.28115323745957477,
    "128": 0.329246935201401,
    "129": 0.3256280064136825,
    "130": 0.37318123617739496,
    "131": 0.324821716126064,
    "132": 0.3092686595224666,
    "133": 0.3143653656936701,
    "134": 0.12767445112571668,
    "135": 0.002151216154199174,
    "136": 0.004965243296921549,
    "137": 0,
    "138": 0.338172853033831,
    "139": 0.2204996796925048,
    "140": 0.3360234776228907,
    "141": 0.3119761166609255,
    "142": 0.07637484349417317,
    "143": 0.048166089965397924,
    "144": 0,
    "145": 0.15216912574322836,
    "146": 0.0035428687114080373,
    "147": 0.03402203856749311,
    "148": 0.0005680937871197645,
    "149": 0.14056420233463035,
    "150": 0.3639694336857532,
    "151": 0.11174056026308841,
    "152": 0.19904891304347827,
    "153": 0.2325818181818182,
    "154": 0,
    "155": 0.24125495852866932,
    "156": 0.32380474757606154,
    "157": 0.0016224986479177934,
    "158": 0.17685612979477813,
    "159": 0,
    "160": 0.1960591133004926,
    "161": 0.019041095890410958,
    "162": 0.15762137749341362,
    "163": 0.21100186021791123,
    "164": 0.23200924630451975,
    "165": 0.30619982158786796,
    "166": 0.3573762251822066,
    "167": 0,
    "168": 0.27554402651678916,
    "169": 0.07831063459866705,
    "170": 0.3042397458914515,
    "171": 0.3037190082644628,
    "172": 0.2445344550033754,
    "173": 0.31241157556270094,
    "174": 0,
    "175": 0.3848066922903007,
    "176": 0.35052150474627913,
    "177": 0.2626250304952427,
    "178": 0.309044908285895,
    "179": 0.148261901437945,
    "180": 0.35904139433551197,
    "181": 0.06390119479124715,
    "182": 0.08721005572113516,
    "183": 0,
    "184": 0.018322475570032574,
    "185": 0.2346565847511027,
    "186": 0.30311231393775373,
    "187": 0,
    "188": 0.1848289297455254,
    "189": 0.14214487598844042,
    "190": 0.2922205809945839,
    "191": 0.3127958149962634,
    "192": 0.3200920552331399,
    "193": 0.24574303405572756,
    "194": 0.3810229799851742,
    "195": 0.08112216694306247,
    "196": 0.40794117647058825
}