{
    "0": 0.004370366438416759,
    "1": 0.34349905260308583,
    "2": 0.35669315718856437,
    "3": 0.3365006553079948,
    "4": 0,
    "5": 0.18956171596716742,
    "6": 0.3033061065733178,
    "7": 0.35081564637782847,
    "8": 0.3277554853581491,
    "9": 0.23777467293280832,
    "10": 0.3736456167232133,
    "11": 0.12867881258759079,
    "12": 0.3493251672904616,
    "13": 0.2958816473410636,
    "14": 0.2205530444030843,
    "15": 0.36760207474398193,
    "16": 0,
    "17": 0.12067498581962564,
    "18": 0,
    "19": 0.304418762746431,
    "20": 0.34492177799851004,
    "21": 0.24947538821272258,
    "22": 0.043028102729595265,
    "23": 0.1986156508363776,
    "24": 0,
    "25": 0,
    "26": 0.01782178217821782,
    "27": 0.2998221473368904,
    "28": 0.2922578482851078,
    "29": 0.3593945459094321,
    "30": 0.34190123040620257,
    "31": 0,
    "32": 0.07608834418485894,
    "33": 0,
    "34": 0.1646891314665401,
    "35": 0,
    "36": 0.00604308985811876,
    "37": 0.2665810022734012,
    "38": 0.3583986443550095,
    "39": 0.30096339113680154,
    "40": 0.15742372881355932,
    "41": 0.2691823899371069,
    "42": 0.20763338260986428,
    "43": 0,
    "44": 0.3151485630784218,
    "45": 0.32701949860724233,
    "46": 0.3241572081992207,
    "47": 0.31205501618122977,
    "48": 0.011832763607678149,
    "49": 0.4033032027675483,
    "50": 0.26145833333333335,
    "51": 0.1573623282484042,
    "52": 0.14666480602846776,
    "53": 0.3512680973405894,
    "54": 0,
    "55": 0.3749096167751265,
    "56": 0.524043303121853,
    "57": 0.3328913932162192,
    "58": 0.3509067903838043,
    "59": 0,
    "60": 0.3516483516483517,
    "61": 0.3486117232260908,
    "62": 0.2970503181029497,
    "63": 0.31948473946849254,
    "64": 0.2559044670499779,
    "65": 0.06476532324138738,
    "66": 0.00028661507595299513,
    "67": 0.15096634680362211,
    "68": 0.13980066445182723,
    "69": 0.013350421873331197,
    "70": 0.2527535676659324,
    "71": 0,
    "72": 0.06416326888508922,
    "73": 0,
    "74": 0.22136292311141,
    "75": 0.20533655429889097,
    "76": 0.3478633945426463,
    "77": 0.4027172519866701,
    "78": 0.2866837705867748,
    "79": 0.2421339011118997,
    "80": 0.3146067415730337,
    "81": 0.05923438549361988,
    "82": 0.3075809523809524,
    "83": 0.250582308650669,
    "84": 0.2626715945089757,
    "85": 0,
    "86": 0.09311794063567114,
    "87": 0.3764107652238621,
    "88": 0.25390464447184546,
    "89": 0.206445523193096,
    "90": 0.19619602467443453,
    "91": 0,
    "92": 0.352935372471633,
    "93": 0.0007969325614615442,
    "94": 0.33114711934156377,
    "95": 0.2395861693438606,
    "96": 0.3179717237629146,
    "97": 0,
    "98": 0.003131179960448253,
    "99": 0.23619025468077684,
    "100": 0.020562483417352083,
    "101": 0.3357452966714906,
    "102": 0.0019919326726756635,
    "103": 0.39979847738468427,
    "104": 0.21647350993377484,
    "105": 0,
    "106": 0.17724842002916869,
    "107": 0.18982149639194834,
    "108": 0.2514090968672172,
    "109": 0.3893701208426906,
    "110": 0.32239955971381395,
    "111": 6.426263219741481e-05,
    "112": 0.2851966873706004,
    "113": 0.36150970698179186,
    "114": 0.31758142587578964,
    "115": 0.3805740645822655,
    "116": 0.3144611697745825,
    "117": 0.2750537214299668,
    "118": 0.34986404247054254,
    "119": 0.09845537082891169,
    "121": 0.07488669138854553,
    "122": 0.31165076611737497,
    "123": 0.2013035848583605,
    "124": 0.10179806362378976,
    "125": 0.374161877394636,
    "126": 0.07056746018270113,
    "127": 0.31863655852508216,
    "128": 0.3147767154786397,
    "129": 0.342496982700818,
    "130": 0.3630276895142987,
    "131": 0.33394474378080935,
    "132": 0.3001193865368721,
    "133": 0.35913021145449875,
    "134": 0.1300768386388584,
    "135": 0.0019381502066410147,
    "136": 0.004874158099964551,
    "137": 0,
    "138": 0.31091998957518896,
    "139": 0.23820572312451663,
    "140": 0.33913674283641637,
    "141": 0.29176782167291987,
    "142": 0.06976524043922756,
    "143": 0.048300053966540746,
    "144": 0,
    "145": 0.15512555712577453,
    "146": 0.0031708283789139914,
    "147": 0.03336459868685515,
    "148": 0.0004365354492463344,
    "149": 0.1452252252252252,
    "150": 0.3580082135523614,
    "151": 0.10793537657400808,
    "152": 0.18850846123573398,
    "153": 0.23112292549752136,
    "154": 0,
    "155": 0.22100978609162553,
    "156": 0.3388360144866504,
    "157": 0.0013145786775338505,
    "158": 0.181062677604418,
    "159": 0,
    "160": 0.2296242774566474,
    "161": 0.018654230512991338,
    "162": 0.15452391529690507,
    "163": 0.22523600585028586,
    "164": 0.2435064935064935,
    "165": 0.3281761716544325,
    "166": 0.3603279095764501,
    "167": 0,
    "168": 0.33536399634480657,
    "169": 0.07038654030454691,
    "170": 0.2955704697986577,
    "171": 0.29487351090884756,
    "172": 0.23506057212664155,
    "173": 0.3573717948717949,
    "174": 0,
    "175": 0.407276055371239,
    "176": 0.36073433115060805,
    "177": 0.24168514412416853,
    "178": 0.31420696567276374,
    "179": 0.15548191107428888,
    "180": 0.3780635234641169,
    "181": 0.06100104275286757,
    "182": 0.08596713021491782,
    "183": 0,
    "184": 0.017958536907434305,
    "185": 0.25177394830207805,
    "186": 0.32873608511476704,
    "187": 0,
    "188": 0.1899542278968923,
    "189": 0.1492046253114419,
    "190": 0.3074453636251389,
    "191": 0.32145822952997843,
    "192": 0.3599626981659932,
    "193": 0.2782700700965481,
    "194": 0.3755294687159627,
    "195": 0.07839978520606793,
    "196": 0.3071878616433072
}