{
    "0": 0.006496563412108088,
    "1": 0.09956246961594555,
    "2": 0.09215839299650504,
    "3": 0.09165141489511475,
    "4": 0,
    "5": 0.06769163050996667,
    "6": 0.13044181906457356,
    "7": 0.08941970985492746,
    "8": 0.09405831363278172,
    "9": 0.049638093838409815,
    "10": 0.09267010273617213,
    "11": 0.0476690384540612,
    "12": 0.08178035733016328,
    "13": 0.11746970317897079,
    "14": 0.04794675090252708,
    "15": 0.05842744664932844,
    "16": 0,
    "17": 0.02179279487772892,
    "18": 0,
    "19": 0.05630422743215802,
    "20": 0.07707052441229656,
    "21": 0.09786000276128676,
    "22": 0.011518324607329843,
    "23": 0.10955664145302006,
    "24": 0,
    "25": 0,
    "26": 0.007413157384048128,
    "27": 0.11033697789121512,
    "28": 0.07093395198425252,
    "29": 0.06511463844797179,
    "30": 0.09175786805169109,
    "31": 0,
    "32": 0.034168653973963015,
    "33": 0,
    "34": 0.09821130985446061,
    "35": 0,
    "36": 0.023861323601656256,
    "37": 0.09103303618248558,
    "38": 0.07222443294866693,
    "39": 0.060262899173433346,
    "40": 0.0426793813234097,
    "41": 0.057182887491447,
    "42": 0.03911596424965409,
    "43": 0,
    "44": 0.07372003765660076,
    "45": 0.08,
    "46": 0.08822979624898748,
    "47": 0.08978299625007684,
    "48": 0.00460348162475822,
    "49": 0.07810666756059133,
    "50": 0.09421702404158544,
    "51": 0.11187385110294118,
    "52": 0.02694954128440367,
    "53": 0.07160882246911153,
    "54": 0,
    "55": 0.07570336069599383,
    "56": 0.08202020202020202,
    "57": 0.0865225795115094,
    "58": 0.09871471695764479,
    "59": 0,
    "60": 0.054831460674157305,
    "61": 0.09453854677853411,
    "62": 0.08727805235218744,
    "63": 0.07751220033484131,
    "64": 0.08168162245669394,
    "65": 0.12137327896944985,
    "66": 0.00027837429412232563,
    "67": 0.040977574654324334,
    "68": 0.040900112320384215,
    "69": 0.01374438725221772,
    "70": 0.1419783371702457,
    "71": 0,
    "72": 0.03926175534052617,
    "73": 0,
    "74": 0.05273049645390071,
    "75": 0.09904227085657141,
    "76": 0.07732208942546867,
    "77": 0.08306329660833874,
    "78": 0.10732771249064098,
    "79": 0.07155031866014525,
    "80": 0.09360920085368746,
    "81": 0.019144539322337895,
    "82": 0.09081934846989141,
    "83": 0.10092198396322512,
    "84": 0.054692724975849004,
    "85": 0,
    "86": 0.036887177875549966,
    "87": 0.07340098292260368,
    "88": 0.10271969586196812,
    "89": 0.03347668124860977,
    "90": 0.10299455535390199,
    "91": 0,
    "92": 0.09221604712303239,
    "93": 0.0008395584055000991,
    "94": 0.07493188010899182,
    "95": 0.03871158392434988,
    "96": 0.06036648440963499,
    "97": 0,
    "98": 0.001413172078348889,
    "99": 0.07567024876361879,
    "100": 0.006979449398991857,
    "101": 0.09531431440856165,
    "102": 0.0011465798045602606,
    "103": 0.08228877295209702,
    "104": 0.0451505016722408,
    "105": 0,
    "106": 0.10540550693061869,
    "107": 0.12527864467231387,
    "108": 0.03994195537819699,
    "109": 0.07506172839506173,
    "110": 0.07835496329285689,
    "111": 0.0034262292487616517,
    "112": 0.058577405857740586,
    "113": 0.06697748860512856,
    "114": 0.10781851133509268,
    "115": 0.06952441885263383,
    "116": 0.09424052698732975,
    "117": 0.09178442781934054,
    "118": 0.060651468122301905,
    "119": 0.04715203261413022,
    "120": 0.07488669138854553,
    "122": 0.09569182206114456,
    "123": 0.06286739445759218,
    "124": 0.019507502885725277,
    "125": 0.07332032339001951,
    "126": 1.922976379423023,
    "127": 0.09232538085656798,
    "128": 0.07050752487338817,
    "129": 0.06373963546042298,
    "130": 0.0822098679638638,
    "131": 0.0830227522805523,
    "132": 0.08655393203086521,
    "133": 0.0950593927364079,
    "134": 0.026067983463481856,
    "135": 0.001706004761815489,
    "136": 0.021934758155230598,
    "137": 0,
    "138": 0.0692809005406206,
    "139": 0.046904866931333625,
    "140": 0.07545685369953152,
    "141": 0.08566508824795523,
    "142": 2.270107920993688,
    "143": 0.015244853399875235,
    "144": 0,
    "145": 0.07882994546355974,
    "146": 0.0016216597334837483,
    "147": 0.009624713781193,
    "148": 0.011027246935388898,
    "149": 0.05961234634503487,
    "150": 0.08492583188560737,
    "151": 0.10664640961162336,
    "152": 0.05461618457035011,
    "153": 0.12794437766009292,
    "154": 0,
    "155": 0.10934067849796032,
    "156": 0.09909401548637889,
    "157": 0.0008112179858616293,
    "158": 0.1263363044911295,
    "159": 0,
    "160": 0.03528347406513872,
    "161": 0.005856117898002715,
    "162": 0.13326293558606125,
    "163": 0.04325832248465687,
    "164": 0.1426372034051802,
    "165": 0.07555602108864914,
    "166": 0.07184776809532278,
    "167": 0,
    "168": 0.04636404360161266,
    "169": 1.423320369099367,
    "170": 0.056589147286821705,
    "171": 0.05674648562889717,
    "172": 0.10791589363017934,
    "173": 0.06131939437635184,
    "174": 0,
    "175": 0.08484267470127024,
    "176": 0.07087539759369382,
    "177": 0.07015479648490643,
    "178": 0.059128260092890315,
    "179": 0.032572041692213366,
    "180": 0.0821982948948745,
    "181": 0.026243742177722153,
    "182": 0.03600311041990669,
    "183": 0,
    "184": 0.007413157384048128,
    "185": 0.04616554421029763,
    "186": 0.08410655492367555,
    "187": 0,
    "188": 0.05201454329598575,
    "189": 0.08914651209274435,
    "190": 0.07497526475869398,
    "191": 0.11203959632319856,
    "192": 0.07220382332688462,
    "193": 0.05446767710292436,
    "194": 0.08896157578807376,
    "195": 0.025084851558537822,
    "196": 0.0643403196898204
}