{
    "0": 0.0045362507651980095,
    "1": 0.3359510782104924,
    "2": 0.3416284807895664,
    "3": 0.3070438634090584,
    "4": 0,
    "5": 0.19908594359603166,
    "6": 0.34230050063333134,
    "7": 0.40951861448247645,
    "8": 0.3975765735442612,
    "9": 0.18014255885952912,
    "10": 0.31075141282355406,
    "11": 0.10179010179010178,
    "12": 0.3024882798413271,
    "13": 0.33169638091171133,
    "14": 0.15609155439663913,
    "15": 0.2549966565123709,
    "16": 0,
    "17": 0.06852035749751738,
    "18": 0,
    "19": 0.203726891065773,
    "20": 0.26126257471934683,
    "21": 0.3426095128700465,
    "22": 0.02589573199972597,
    "23": 0.3113674418604651,
    "24": 0,
    "25": 0,
    "26": 0.010810080399972975,
    "27": 0.314719454290109,
    "28": 0.2855260267955194,
    "29": 0.2809155766944114,
    "30": 0.4960532085952346,
    "31": 0,
    "32": 0.05171596832058485,
    "33": 0,
    "34": 0.132572379763391,
    "35": 0,
    "36": 0.004879356568364611,
    "37": 0.266774345514503,
    "38": 0.33580071174377224,
    "39": 0.23655352480417755,
    "40": 0.10354882298556291,
    "41": 0.2083256922794792,
    "42": 0.12310168661207922,
    "43": 0,
    "44": 0.2390557939914163,
    "45": 0.2540050446519872,
    "46": 0.3819105422879008,
    "47": 0.46602147499293584,
    "48": 0.0065922238665411005,
    "49": 0.3459514024082486,
    "50": 0.25316455696202533,
    "51": 0.18402356610639403,
    "52": 0.0853382394565525,
    "53": 0.3055987033159992,
    "54": 0,
    "55": 0.29454651501895596,
    "56": 0.3541062100986651,
    "57": 0.3430640416383797,
    "58": 0.3880944678097703,
    "59": 0,
    "60": 0.24672195052803175,
    "61": 0.39807731365513505,
    "62": 0.22896905075122898,
    "63": 0.31594600777854037,
    "64": 0.27527839643652563,
    "65": 0.11489267190133393,
    "66": 0.0003074766889766032,
    "67": 0.10393599542824487,
    "68": 0.09866137828458106,
    "69": 0.010911474398519432,
    "70": 0.24790216613543226,
    "71": 0,
    "72": 0.08402258628916813,
    "73": 0,
    "74": 0.1838175400488732,
    "75": 0.1597272310012458,
    "76": 0.356500253421186,
    "77": 0.32555263564693154,
    "78": 0.3089801194066597,
    "79": 0.2222384144564267,
    "80": 0.47928475033738194,
    "81": 0.03747847054770927,
    "82": 0.47363742050194896,
    "83": 0.39417326859187324,
    "84": 0.16770670826833073,
    "85": 0,
    "86": 0.06452506230960953,
    "87": 0.2838105001098338,
    "88": 0.2478195693649496,
    "89": 0.12137757244855103,
    "90": 0.1924072984108299,
    "91": 0,
    "92": 0.35218205786442797,
    "93": 0.0008412827422965593,
    "94": 0.24217487141807495,
    "95": 0.15249604373471443,
    "96": 0.2274713682941531,
    "97": 0,
    "98": 0.0019058411455650562,
    "99": 0.19568706818340428,
    "100": 0.013025780189959294,
    "101": 0.3359010995837734,
    "102": 0.0016455187040626028,
    "103": 0.33476333476333475,
    "104": 0.13678973175656187,
    "105": 0,
    "106": 0.16061304591614228,
    "107": 0.22356220490357814,
    "108": 0.16424470121216417,
    "109": 0.33475315969555197,
    "110": 0.26548611589609317,
    "111": 7.74526678141136e-05,
    "112": 0.19229671897289585,
    "113": 0.2783512596549484,
    "114": 0.36179917643332277,
    "115": 0.27553128689492323,
    "116": 0.4864405627676205,
    "117": 0.2957233223322332,
    "118": 0.2314476231447623,
    "119": 0.06695295725161038,
    "120": 0.31165076611737497,
    "121": 0.09569182206114456,
    "123": 0.16214859437751003,
    "124": 0.05556328233657858,
    "125": 0.2846076603069861,
    "126": 0.09051512437523473,
    "127": 0.382793309158966,
    "128": 0.2436715668698458,
    "129": 0.22143844084066613,
    "130": 0.3127078213098164,
    "131": 0.310554854044418,
    "132": 0.3567811307665626,
    "133": 0.36360765489799785,
    "134": 0.07803062227840989,
    "135": 0.001984455101703324,
    "136": 0.0037232894452838335,
    "137": 0,
    "138": 0.22904036670116812,
    "139": 0.1515235842493391,
    "140": 0.2636252075362737,
    "141": 0.27802561519643115,
    "142": 0.0916925762286587,
    "143": 0.029565456545654567,
    "144": 0,
    "145": 0.11789527523815613,
    "146": 0.0022473205024778147,
    "147": 0.01985670419651996,
    "148": 0.0005194243047289255,
    "149": 0.0963002184128665,
    "150": 0.3451944757609921,
    "151": 0.18173547935619314,
    "152": 0.1468083557755295,
    "153": 0.23469659096952614,
    "154": 0,
    "155": 0.2766993442835811,
    "156": 0.33671774044674174,
    "157": 0.0010085389632219458,
    "158": 0.20833152715765746,
    "159": 0,
    "160": 0.1269486143187067,
    "161": 0.010438554870195892,
    "162": 0.14619368203003624,
    "163": 0.1611284810586781,
    "164": 0.2692870379401151,
    "165": 0.32685206119526716,
    "166": 0.2776591829223408,
    "167": 0,
    "168": 0.1825527457728565,
    "169": 0.08995659332435264,
    "170": 0.21637207908927503,
    "171": 0.21578593317886238,
    "172": 0.3332104341413955,
    "173": 0.23934137018523963,
    "174": 0,
    "175": 0.3394528698933314,
    "176": 0.27951807228915665,
    "177": 0.22664146004508107,
    "178": 0.25592841163310964,
    "179": 0.09174311926605505,
    "180": 0.32952842976385815,
    "181": 0.04285714285714286,
    "182": 0.05650477599892372,
    "183": 0,
    "184": 0.01087911345361173,
    "185": 0.16995660086798264,
    "186": 0.3744285610623322,
    "187": 0,
    "188": 0.15041666666666667,
    "189": 0.22401498670534203,
    "190": 0.24972375690607734,
    "191": 0.36619718309859156,
    "192": 0.3197143445718602,
    "193": 0.17349176037909328,
    "194": 0.3091463868423011,
    "195": 0.05287692200654004,
    "196": 0.2360626531066736
}