{
    "0": 0.004165160995834839,
    "1": 0.21173395294801045,
    "2": 0.23168891468369124,
    "3": 0.2357068607068607,
    "4": 0,
    "5": 0.17290083771673484,
    "6": 0.21725652286230948,
    "7": 0.20151156437807322,
    "8": 0.20248197828269002,
    "9": 0.2088525199925609,
    "10": 0.21622591839176739,
    "11": 0.23345817727840198,
    "12": 0.20322704571648098,
    "13": 0.15676175382989962,
    "14": 0.19885667619436503,
    "15": 0.21182575876710175,
    "16": 0,
    "17": 0.15637065637065636,
    "18": 0,
    "19": 0.1972958548301014,
    "20": 0.2349434423723632,
    "21": 0.16948180253680922,
    "22": 0.10132547864506627,
    "23": 0.10766224493630454,
    "24": 0,
    "25": 0,
    "26": 0.0386013986013986,
    "27": 0.21895245415614362,
    "28": 0.30064435014930063,
    "29": 0.23610271903323263,
    "30": 0.1804869742891197,
    "31": 0,
    "32": 0.13635213761699974,
    "33": 0,
    "34": 0.17395987612764238,
    "35": 0,
    "36": 0.011637347767253045,
    "37": 0.24951190941038656,
    "38": 0.2143859649122807,
    "39": 0.24687224669603525,
    "40": 0.2474442988204456,
    "41": 0.13902308105206657,
    "42": 0.16799509503372165,
    "43": 0,
    "44": 0.27893864013267,
    "45": 0.2307070707070707,
    "46": 0.20556569343065692,
    "47": 0.17483632701024004,
    "48": 0.018032786885245903,
    "49": 0.20045950603101664,
    "50": 0.33827705900915117,
    "51": 0.11717515497751306,
    "52": 0.14918759231905465,
    "53": 0.1781058075638401,
    "54": 0,
    "55": 0.22115648122773363,
    "56": 0.19718309859154928,
    "57": 0.2986021040495749,
    "58": 0.18119053633072324,
    "59": 0,
    "60": 0.17176148046607265,
    "61": 0.18269660910798963,
    "62": 0.24425855513307984,
    "63": 0.31122857600512577,
    "64": 0.223031909020647,
    "65": 0.04210774243356058,
    "66": 0.00024105379387567846,
    "67": 0.2739500411748559,
    "68": 0.22559876384238992,
    "69": 0.015081834167455701,
    "70": 0.26384364820846906,
    "71": 0,
    "72": 0.04447247706422018,
    "73": 0,
    "74": 0.2267518009168304,
    "75": 0.21963908307592261,
    "76": 0.14496073298429318,
    "77": 0.31413359148112296,
    "78": 0.20814863717815713,
    "79": 0.30123641813413266,
    "80": 0.16621641903046674,
    "81": 0.11953102659422361,
    "82": 0.17285881892843175,
    "83": 0.14206052731308538,
    "84": 0.1909722222222222,
    "85": 0,
    "86": 0.2234348075818495,
    "87": 0.22597737362165257,
    "88": 0.2743619489559165,
    "89": 0.16055419722901385,
    "90": 0.1926989150090416,
    "91": 0,
    "92": 0.2044081805658578,
    "93": 0.000813839929312189,
    "94": 0.25669264656048796,
    "95": 0.1877502001601281,
    "96": 0.23734409391049155,
    "97": 0,
    "98": 0.0040480863591756625,
    "99": 0.28095152279690033,
    "100": 0.046201814058956917,
    "101": 0.1925086336668733,
    "102": 0.0020495621389975778,
    "103": 0.21058823529411766,
    "104": 0.23135011441647596,
    "105": 0,
    "106": 0.20948165072111952,
    "107": 0.19544517522332383,
    "108": 0.16598324121946872,
    "109": 0.18474374255065554,
    "110": 0.21571447248006276,
    "111": 9.53034461726136e-05,
    "112": 0.19637358877865208,
    "113": 0.1966436594938422,
    "114": 0.23125630907589245,
    "115": 0.196627607887968,
    "116": 0.16650401621499888,
    "117": 0.3009171837065012,
    "118": 0.22289061263257876,
    "119": 0.14068678459937564,
    "120": 0.2013035848583605,
    "121": 0.06286739445759218,
    "122": 0.16214859437751003,
    "124": 0.10984455958549223,
    "125": 0.20588235294117646,
    "126": 0.05961065961065961,
    "127": 0.16444225906153415,
    "128": 0.22641509433962265,
    "129": 0.20940241681840754,
    "130": 0.22398657371546604,
    "131": 0.318597797425159,
    "132": 0.22513767411726596,
    "133": 0.16231358655351405,
    "134": 0.16812564366632338,
    "135": 0.002219434526681463,
    "136": 0.01020408163265306,
    "137": 0,
    "138": 0.24140350877192981,
    "139": 0.17377167630057805,
    "140": 0.23334816792760718,
    "141": 0.2850212249848393,
    "142": 0.05791009518515945,
    "143": 0.10332749562171628,
    "144": 0,
    "145": 0.19944454087831973,
    "146": 0.004585653455617425,
    "147": 0.06948033304622452,
    "148": 0.0011173184357541898,
    "149": 0.18573460678723835,
    "150": 0.19721552291164218,
    "151": 0.06600287907869481,
    "152": 0.33693693693693694,
    "153": 0.1634358017681888,
    "154": 0,
    "155": 0.33632879608827804,
    "156": 0.17165752846900043,
    "157": 0.003883495145631068,
    "158": 0.12375458835867856,
    "159": 0,
    "160": 0.1993583868010999,
    "161": 0.04018238814477059,
    "162": 0.14471452798191067,
    "163": 0.2089399220832479,
    "164": 0.14610679240474067,
    "165": 0.29164812342382435,
    "166": 0.2345403069587245,
    "167": 0,
    "168": 0.20436187399030695,
    "169": 0.06041177173350325,
    "170": 0.26044891640866874,
    "171": 0.2595875891308537,
    "172": 0.13033127342721101,
    "173": 0.22247631492976153,
    "174": 0,
    "175": 0.21877649909145971,
    "176": 0.2033831628638867,
    "177": 0.2863070539419087,
    "178": 0.232985998046239,
    "179": 0.15258661604176554,
    "180": 0.20875221762270846,
    "181": 0.1598970251716247,
    "182": 0.13998059194565746,
    "183": 0,
    "184": 0.0386013986013986,
    "185": 0.16598984771573605,
    "186": 0.2665790417015175,
    "187": 0,
    "188": 0.24441340782122906,
    "189": 0.08963387169422816,
    "190": 0.31101589001963936,
    "191": 0.20769092864826103,
    "192": 0.18201493344876096,
    "193": 0.19881358978968183,
    "194": 0.25327196893427295,
    "195": 0.17567962584039754,
    "196": 0.22293531498057761
}