{
    "0": 0.0024461547640355586,
    "1": 0.07180975564085759,
    "2": 0.0834967131818706,
    "3": 0.08640828245288028,
    "4": 0,
    "5": 0.06993358824713222,
    "6": 0.061138829492357646,
    "7": 0.06996647256043761,
    "8": 0.06822783695747865,
    "9": 0.11174648558494163,
    "10": 0.09010578718108277,
    "11": 0.10547014658562746,
    "12": 0.09765020402420149,
    "13": 0.0534919221473095,
    "14": 0.1559301625526791,
    "15": 0.12822966507177033,
    "16": 0,
    "17": 0.22172808132147395,
    "18": 0,
    "19": 0.13778307508939214,
    "20": 0.1111111111111111,
    "21": 0.050341753343239225,
    "22": 0.11773818745158791,
    "23": 0.03105987832212616,
    "24": 0,
    "25": 0,
    "26": 0.05004035512510089,
    "27": 0.07131315307551438,
    "28": 0.09338881183541378,
    "29": 0.11053162853297442,
    "30": 0.06695228494623656,
    "31": 0,
    "32": 0.09443665264142123,
    "33": 0,
    "34": 0.06368949497976922,
    "35": 0,
    "36": 0.005579912315663611,
    "37": 0.07737562348126359,
    "38": 0.08574181117533719,
    "39": 0.11350133169432493,
    "40": 0.14274290283886445,
    "41": 0.08237476808905381,
    "42": 0.20466411416637662,
    "43": 0,
    "44": 0.10813666784078901,
    "45": 0.09371006673292631,
    "46": 0.06426086956521739,
    "47": 0.06426436399867154,
    "48": 0.030944625407166124,
    "49": 0.08808917969223312,
    "50": 0.0804564907275321,
    "51": 0.04762782694198624,
    "52": 0.2628696604600219,
    "53": 0.08423001272706236,
    "54": 0,
    "55": 0.10218759364698832,
    "56": 0.08793849111004325,
    "57": 0.10062893081761007,
    "58": 0.0641015077861086,
    "59": 0,
    "60": 0.10588235294117647,
    "61": 0.07007051682585022,
    "62": 0.08815471394037067,
    "63": 0.0935218269380146,
    "64": 0.08503363846917393,
    "65": 0.011272408045903891,
    "66": 0.00018235154205977958,
    "67": 0.14808720691073632,
    "68": 0.15974842767295597,
    "69": 0.010413329061198334,
    "70": 0.0706783640182874,
    "71": 0,
    "72": 0.017936083993368945,
    "73": 0,
    "74": 0.13167259786476868,
    "75": 0.09011681809753384,
    "76": 0.06626300528739554,
    "77": 0.11942000651678071,
    "78": 0.06554121151936444,
    "79": 0.10202461294164351,
    "80": 0.05910355939651384,
    "81": 0.11133200795228629,
    "82": 0.05970943941583631,
    "83": 0.04025650160313502,
    "84": 0.14001009081735621,
    "85": 0,
    "86": 0.12195121951219512,
    "87": 0.10731862200349261,
    "88": 0.07918552036199095,
    "89": 0.16334661354581673,
    "90": 0.07975314502729647,
    "91": 0,
    "92": 0.07637333333333333,
    "93": 0.00044224026281707046,
    "94": 0.11866359447004608,
    "95": 0.15005931198102015,
    "96": 0.14829518916394208,
    "97": 0,
    "98": 0.0038691523039043265,
    "99": 0.12477249747219414,
    "100": 0.0464,
    "101": 0.06964053702901689,
    "102": 0.0015399281366869546,
    "103": 0.09020428254984002,
    "104": 0.16394557823129252,
    "105": 0,
    "106": 0.059318215948340594,
    "107": 0.05386439070649597,
    "108": 0.1399948625738505,
    "109": 0.08615313546598914,
    "110": 0.08667313826099016,
    "111": 5.856629704825863e-05,
    "112": 0.15652577798420808,
    "113": 0.10528764149480539,
    "114": 0.06389937106918239,
    "115": 0.10963734049697783,
    "116": 0.05869008415660446,
    "117": 0.08122833085685983,
    "118": 0.12230754823000561,
    "119": 0.07706826045926392,
    "120": 0.10179806362378976,
    "121": 0.019507502885725277,
    "122": 0.05556328233657858,
    "123": 0.10984455958549223,
    "125": 0.10237388724035608,
    "126": 0.018863592883106944,
    "127": 0.05596913914455874,
    "128": 0.11611081701076408,
    "129": 0.13036269430051814,
    "130": 0.09994500962331591,
    "131": 0.10553970875243958,
    "132": 0.07795500158445125,
    "133": 0.06437411745161559,
    "134": 0.18163471241170534,
    "135": 0.001395722111727555,
    "136": 0.004726674886970818,
    "137": 0,
    "138": 0.13231552162849872,
    "139": 0.1367827868852459,
    "140": 0.10797041906327033,
    "141": 0.09533898305084745,
    "142": 0.018078187285824183,
    "143": 0.12348484848484849,
    "144": 0,
    "145": 0.07350216182828907,
    "146": 0.005781938325991189,
    "147": 0.10073111291632819,
    "148": 0.00033874295568626244,
    "149": 0.0883733775200221,
    "150": 0.08495312142693803,
    "151": 0.019963702359346643,
    "152": 0.11485451761102604,
    "153": 0.05135543365927339,
    "154": 0,
    "155": 0.05525827235994321,
    "156": 0.06462727960332801,
    "157": 0.00618921308576481,
    "158": 0.038104987772280045,
    "159": 0,
    "160": 0.17112100965107646,
    "161": 0.07400881057268723,
    "162": 0.04571150097465887,
    "163": 0.12687623902577175,
    "164": 0.046034863736803336,
    "165": 0.09046313663252056,
    "166": 0.11028315946348734,
    "167": 0,
    "168": 0.17590361445783131,
    "169": 0.019393497712457995,
    "170": 0.1322975517890772,
    "171": 0.13188100257671587,
    "172": 0.0431619786614937,
    "173": 0.11728155339805825,
    "174": 0,
    "175": 0.09113828312113954,
    "176": 0.1078489229861316,
    "177": 0.09630480566724105,
    "178": 0.11171610965076981,
    "179": 0.23106796116504855,
    "180": 0.09082991165857907,
    "181": 0.09652076318742986,
    "182": 0.08918005071851226,
    "183": 0,
    "184": 0.05004035512510089,
    "185": 0.16965174129353233,
    "186": 0.07276553328164802,
    "187": 0,
    "188": 0.14263565891472868,
    "189": 0.02904924125116135,
    "190": 0.11596638655462185,
    "191": 0.06787909836065574,
    "192": 0.08365062882196839,
    "193": 0.16738197424892703,
    "194": 0.10388628459095721,
    "195": 0.11669555170421722,
    "196": 0.13168296234657792
}