{
    "0": 0.004379770821788019,
    "1": 0.30105244538781284,
    "2": 0.3280264654192081,
    "3": 0.31288614298323036,
    "4": 0,
    "5": 0.20502537240137503,
    "6": 0.2915056392459973,
    "7": 0.3281992606935399,
    "8": 0.3235835011822401,
    "9": 0.21870522339455517,
    "10": 0.3959231217239371,
    "11": 0.13898445025457548,
    "12": 0.3484616291406342,
    "13": 0.2666798262929333,
    "14": 0.22772417707150966,
    "15": 0.33624044009123844,
    "16": 0,
    "17": 0.11946634323832626,
    "18": 0,
    "19": 0.2730520819018826,
    "20": 0.46675571386168,
    "21": 0.24799362862218954,
    "22": 0.04716016936779092,
    "23": 0.18542233810053296,
    "24": 0,
    "25": 0,
    "26": 0.018711612626767606,
    "27": 0.2996802635403546,
    "28": 0.3077562655897375,
    "29": 0.3287981859410431,
    "30": 0.3180668016194332,
    "31": 0,
    "32": 0.07789185489390828,
    "33": 0,
    "34": 0.15663829370903043,
    "35": 0,
    "36": 0.005714285714285714,
    "37": 0.26787367554778313,
    "38": 0.3391323024054983,
    "39": 0.28309840600711367,
    "40": 0.1634881350997234,
    "41": 0.2057874850244217,
    "42": 0.19817543859649123,
    "43": 0,
    "44": 0.31421668362156663,
    "45": 0.30737008943733723,
    "46": 0.291729575574568,
    "47": 0.2880012936610608,
    "48": 0.012084162638612454,
    "49": 0.32341458267384193,
    "50": 0.2500534302201325,
    "51": 0.15515908086610694,
    "52": 0.14859617682198328,
    "53": 0.28619164619164617,
    "54": 0,
    "55": 0.6012958280657396,
    "56": 0.3492854049372022,
    "57": 0.3707797669109696,
    "58": 0.3098288831941804,
    "59": 0,
    "60": 0.2981756675123837,
    "61": 0.31591365900550555,
    "62": 0.29178164367126574,
    "63": 0.30668414154652685,
    "64": 0.28726752503576536,
    "65": 0.06499273055915752,
    "66": 0.0002727190085148935,
    "67": 0.15748946680226644,
    "68": 0.15245925284869466,
    "69": 0.013722032403835556,
    "70": 0.2664303797468354,
    "71": 0,
    "72": 0.06189824220475223,
    "73": 0,
    "74": 0.24629584649016273,
    "75": 0.19568916619398752,
    "76": 0.29138471694999174,
    "77": 0.4007470651013874,
    "78": 0.2829467244455774,
    "79": 0.26922087940344563,
    "80": 0.28996865203761757,
    "81": 0.06360064037258041,
    "82": 0.27841123612474517,
    "83": 0.23093916698097958,
    "84": 0.2485675306957708,
    "85": 0,
    "86": 0.09675141242937853,
    "87": 0.5614914616951276,
    "88": 0.2906193895870736,
    "89": 0.18512877319302132,
    "90": 0.20005360972122946,
    "91": 0,
    "92": 0.33326683291770576,
    "93": 0.0008155621337521899,
    "94": 0.4231229434639545,
    "95": 0.2161559888579387,
    "96": 0.2943951165371809,
    "97": 0,
    "98": 0.0027667300708974583,
    "99": 0.24240934234787953,
    "100": 0.021832806664751507,
    "101": 0.3105590062111801,
    "102": 0.0019484181920730143,
    "103": 0.5876158382476833,
    "104": 0.2131219086412569,
    "105": 0,
    "106": 0.1821154828819622,
    "107": 0.2087398210110457,
    "108": 0.21102835489350583,
    "109": 0.3171774768353528,
    "110": 0.3114476212001356,
    "111": 7.383888355608063e-05,
    "112": 0.24850997667789582,
    "113": 0.38489347966429954,
    "114": 0.3166202414113278,
    "115": 0.31367457962413453,
    "116": 0.2890048453224003,
    "117": 0.3053097345132743,
    "118": 0.316625439395912,
    "119": 0.09828685757158935,
    "120": 0.374161877394636,
    "121": 0.07332032339001951,
    "122": 0.2846076603069861,
    "123": 0.20588235294117646,
    "124": 0.10237388724035608,
    "126": 0.06934721886961619,
    "127": 0.27837423312883436,
    "128": 0.4307181043201849,
    "129": 0.3687110337828041,
    "130": 0.47806900240706074,
    "131": 0.342298878301773,
    "132": 0.3247478209773773,
    "133": 0.3005011090117473,
    "134": 0.12788321167883213,
    "135": 0.002116371437683008,
    "136": 0.004479283314669653,
    "137": 0,
    "138": 0.3103825136612022,
    "139": 0.20670826833073322,
    "140": 0.45772720725910987,
    "141": 0.3110273327049953,
    "142": 0.06873039247070875,
    "143": 0.05485294117647059,
    "144": 0,
    "145": 0.15586049170954833,
    "146": 0.0035766884073216917,
    "147": 0.03634249164122692,
    "148": 0.0005214444009907443,
    "149": 0.13721309419290104,
    "150": 0.32222222222222224,
    "151": 0.10933134213315349,
    "152": 0.21629822280017338,
    "153": 0.22458403576925895,
    "154": 0,
    "155": 0.25166058564879784,
    "156": 0.3109116833011826,
    "157": 0.0015662822155773886,
    "158": 0.17442808237787316,
    "159": 0,
    "160": 0.20156296077853142,
    "161": 0.020523196993785228,
    "162": 0.15001520681265207,
    "163": 0.2117160578911096,
    "164": 0.2369665297996765,
    "165": 0.3062392673153978,
    "166": 0.47940959409594097,
    "167": 0,
    "168": 0.2845921450151057,
    "169": 0.06980607417572496,
    "170": 0.29852649475772175,
    "171": 0.2968816142232256,
    "172": 0.23430202387130256,
    "173": 0.3271255060728745,
    "174": 0,
    "175": 0.557663020905441,
    "176": 0.32593457943925236,
    "177": 0.26485054861899354,
    "178": 0.3068624902521445,
    "179": 0.143001443001443,
    "180": 0.5067346671897476,
    "181": 0.061258741258741256,
    "182": 0.09230979001908918,
    "183": 0,
    "184": 0.018711612626767606,
    "185": 0.2699235807860262,
    "186": 0.2956794356813951,
    "187": 0,
    "188": 0.20463970969414205,
    "189": 0.14134332180817005,
    "190": 0.3105461149306006,
    "191": 0.30088421755088424,
    "192": 0.32723892159900836,
    "193": 0.2537393882226115,
    "194": 0.4850333380621365,
    "195": 0.08589762286714306,
    "196": 0.33319415448851775
}