{
    "0": 0.006391149064153173,
    "1": 0.09454091112962132,
    "2": 0.08616764863417246,
    "3": 0.08679166521724006,
    "4": 0,
    "5": 0.06355971751236661,
    "6": 0.12435282837967401,
    "7": 0.08446917014371813,
    "8": 0.08813464410154305,
    "9": 0.04714368988633052,
    "10": 0.08788127479141021,
    "11": 0.045552726992208595,
    "12": 0.07774548474154037,
    "13": 0.11178597252349964,
    "14": 0.04557150848405743,
    "15": 0.05593639575971732,
    "16": 0,
    "17": 0.02101468727230893,
    "18": 0,
    "19": 0.053214834320825105,
    "20": 0.07319517520312109,
    "21": 0.09255417872154593,
    "22": 0.011229451261866173,
    "23": 0.10408208296557811,
    "24": 0,
    "25": 0,
    "26": 0.0071445122422182745,
    "27": 0.10482387408871023,
    "28": 0.06750452583205682,
    "29": 0.06192556351563865,
    "30": 0.08748202319390472,
    "31": 0,
    "32": 0.0331002331002331,
    "33": 0,
    "34": 0.09463028169014084,
    "35": 0,
    "36": 0.022704286262337392,
    "37": 0.08641548565502938,
    "38": 0.0684526740864769,
    "39": 0.05766175621028307,
    "40": 0.041275219467118436,
    "41": 0.05512779035910709,
    "42": 0.037305122494432075,
    "43": 0,
    "44": 0.06975244509726651,
    "45": 0.07641921397379912,
    "46": 0.08313063825856708,
    "47": 0.08530243590913238,
    "48": 0.0043884975170343,
    "49": 0.07446384702211009,
    "50": 0.08911950358403765,
    "51": 0.10550185662858924,
    "52": 0.025868945868945867,
    "53": 0.06825561761267697,
    "54": 0,
    "55": 0.07179807658924417,
    "56": 0.07747627767604462,
    "57": 0.08168935815504307,
    "58": 0.09306042166082734,
    "59": 0,
    "60": 0.052176894069249226,
    "61": 0.0892454954954955,
    "62": 0.08367169373549883,
    "63": 0.07308396731473654,
    "64": 0.07646103896103897,
    "65": 0.11400275295709586,
    "66": 0.00028478518587200563,
    "67": 0.03962757771622038,
    "68": 0.03934312745173448,
    "69": 0.013420255857723466,
    "70": 0.13533834586466165,
    "71": 0,
    "72": 0.037465971485258154,
    "73": 0,
    "74": 0.05006504236543262,
    "75": 0.09527073337902674,
    "76": 0.07272072720727207,
    "77": 0.07881334805370561,
    "78": 0.10153638467472358,
    "79": 0.06826439608030242,
    "80": 0.08917832731966323,
    "81": 0.01849410669975186,
    "82": 0.08592640795078088,
    "83": 0.09515945918051398,
    "84": 0.05224953019639633,
    "85": 0,
    "86": 0.03537855443304599,
    "87": 0.06944930375760969,
    "88": 0.09784297431079958,
    "89": 0.031605283490930496,
    "90": 0.09792018763149726,
    "91": 0,
    "92": 0.08695509237951213,
    "93": 0.0008389095496971338,
    "94": 0.07109281055278213,
    "95": 0.03735916914382179,
    "96": 0.0573185461732733,
    "97": 0,
    "98": 0.0014077590440333934,
    "99": 0.07246003094378546,
    "100": 0.006869669252441048,
    "101": 0.09053382991930478,
    "102": 0.0011691348402182386,
    "103": 0.07763673510399571,
    "104": 0.04383944417173281,
    "105": 0,
    "106": 0.10130111524163568,
    "107": 0.12053874338444837,
    "108": 0.038256484149855906,
    "109": 0.0712888715040094,
    "110": 0.07564359169024777,
    "111": 0.0032161963539238387,
    "112": 0.05576776165011459,
    "113": 0.06373664253705619,
    "114": 0.10207862346144185,
    "115": 0.06547346953127747,
    "116": 0.08969465648854962,
    "117": 0.08627705775741203,
    "118": 0.05762568054868133,
    "119": 0.04618796360021411,
    "120": 0.07056746018270113,
    "121": 1.922976379423023,
    "122": 0.09051512437523473,
    "123": 0.05961065961065961,
    "124": 0.018863592883106944,
    "125": 0.06934721886961619,
    "127": 0.0876724015356178,
    "128": 0.06761375774407177,
    "129": 0.06016777552791438,
    "130": 0.07783772638234991,
    "131": 0.07858897858897859,
    "132": 0.08180755746007012,
    "133": 0.08993930476365643,
    "134": 0.025431149350896562,
    "135": 0.0016272023341936932,
    "136": 0.0208602676543555,
    "137": 0,
    "138": 0.0666005800932555,
    "139": 0.04486922263159815,
    "140": 0.07131739068911844,
    "141": 0.08136110421175886,
    "142": 1.2504333311934261,
    "143": 0.014456803999844968,
    "144": 0,
    "145": 0.0759866928776652,
    "146": 0.0016149984201102412,
    "147": 0.009227086711450854,
    "148": 0.010349978659837816,
    "149": 0.05695187165775401,
    "150": 0.07980988216655115,
    "151": 0.10131503914012684,
    "152": 0.05216926367247174,
    "153": 0.12051085077779912,
    "154": 0,
    "155": 0.10315767749036873,
    "156": 0.09350424174871509,
    "157": 0.0007690532953933708,
    "158": 0.12006904748429453,
    "159": 0,
    "160": 0.03356659057740523,
    "161": 0.00567348514087225,
    "162": 0.12813641900121803,
    "163": 0.0413866942331832,
    "164": 0.13484014869888475,
    "165": 0.07119674055659139,
    "166": 0.06840918698041426,
    "167": 0,
    "168": 0.04426089855179822,
    "169": 2.815713536201469,
    "170": 0.054470859738451956,
    "171": 0.05462800234329233,
    "172": 0.10119728513688706,
    "173": 0.058495622654993744,
    "174": 0,
    "175": 0.0801516382344977,
    "176": 0.06761894974822731,
    "177": 0.0669483499672179,
    "178": 0.05611215350302687,
    "179": 0.03125118952457082,
    "180": 0.0780399274047187,
    "181": 0.025633046792951884,
    "182": 0.03463989187101757,
    "183": 0,
    "184": 0.0071445122422182745,
    "185": 0.04361873990306947,
    "186": 0.07917570498915401,
    "187": 0,
    "188": 0.05028550377601768,
    "189": 0.0843011178158077,
    "190": 0.07161004645760743,
    "191": 0.10568538542029997,
    "192": 0.06858478924465805,
    "193": 0.05256992238980817,
    "194": 0.0848211110320791,
    "195": 0.024441340782122904,
    "196": 0.0611231884057971
}