{
    "0": 0.0044728434504792336,
    "1": 0.3518148410805235,
    "2": 0.3404960961790921,
    "3": 0.306029658645775,
    "4": 0,
    "5": 0.19517639372822299,
    "6": 0.37245619428220106,
    "7": 0.41643021213349546,
    "8": 0.396495867768595,
    "9": 0.17920089881328558,
    "10": 0.3057199211045365,
    "11": 0.0978460284025277,
    "12": 0.28115323745957477,
    "13": 0.3460179833012203,
    "14": 0.1543557936284184,
    "15": 0.2563897181970436,
    "16": 0,
    "17": 0.06779661016949153,
    "18": 0,
    "19": 0.20186580552565483,
    "20": 0.2507036307345905,
    "21": 0.3563765764822858,
    "22": 0.026096797816390387,
    "23": 0.3119218721208771,
    "24": 0,
    "25": 0,
    "26": 0.01075762545096753,
    "27": 0.3072669312341422,
    "28": 0.28686346333405155,
    "29": 0.2836180464301358,
    "30": 0.38784926941809794,
    "31": 0,
    "32": 0.0496030444196575,
    "33": 0,
    "34": 0.1321040079111163,
    "35": 0,
    "36": 0.00608859962208692,
    "37": 0.2595933843237236,
    "38": 0.33500767406167153,
    "39": 0.23275048973372997,
    "40": 0.10939357907253269,
    "41": 0.24247376029162215,
    "42": 0.12313152685823493,
    "43": 0,
    "44": 0.24268429938097918,
    "45": 0.26711071841228845,
    "46": 0.38560260586319217,
    "47": 0.36826983135540287,
    "48": 0.007258697358095736,
    "49": 0.35840930299332424,
    "50": 0.2622100954979536,
    "51": 0.18497134547942862,
    "52": 0.08229409346306701,
    "53": 0.31677978630468384,
    "54": 0,
    "55": 0.28161888701517707,
    "56": 0.3628649503811304,
    "57": 0.339715737535901,
    "58": 0.3838454228698131,
    "59": 0,
    "60": 0.2564138609685809,
    "61": 0.38416672127924506,
    "62": 0.22533216429486747,
    "63": 0.30768093442744143,
    "64": 0.2660658065312674,
    "65": 0.10758932586435059,
    "66": 0.0002850911578977378,
    "67": 0.10630718725990082,
    "68": 0.0953556973314125,
    "69": 0.010995677561234549,
    "70": 0.24534299701188886,
    "71": 0,
    "72": 0.0848877647802719,
    "73": 0,
    "74": 0.18211920529801323,
    "75": 0.15596505770579608,
    "76": 0.35129443825096,
    "77": 0.32678896300788357,
    "78": 0.322384203727625,
    "79": 0.20766438643026663,
    "80": 0.38183558693311,
    "81": 0.03742384682332463,
    "82": 0.3741915986702931,
    "83": 0.3890923686719181,
    "84": 0.16478212906784334,
    "85": 0,
    "86": 0.06249160961202846,
    "87": 0.27902501603592045,
    "88": 0.2363265842755719,
    "89": 0.13110094287298946,
    "90": 0.18995281390263552,
    "91": 0,
    "92": 0.3451118167691372,
    "93": 0.0009168964830978307,
    "94": 0.23659058487874465,
    "95": 0.15453393410306956,
    "96": 0.2215568862275449,
    "97": 0,
    "98": 0.002115229653505238,
    "99": 0.19440092636741366,
    "100": 0.01257075161247861,
    "101": 0.3367378142009663,
    "102": 0.0015465956911124698,
    "103": 0.32933797909407664,
    "104": 0.1338885778275476,
    "105": 0,
    "106": 0.15796828482896896,
    "107": 0.2039040835191126,
    "108": 0.16823340992967065,
    "109": 0.342183502731107,
    "110": 0.2616407982261641,
    "111": 0.0001286008230452675,
    "112": 0.18828828828828828,
    "113": 0.2792524952219155,
    "114": 0.40394797045558534,
    "115": 0.2792132384961533,
    "116": 0.3857340304068265,
    "117": 0.2903938906752412,
    "118": 0.2426465351470693,
    "119": 0.06683152621900958,
    "120": 0.31863655852508216,
    "121": 0.09232538085656798,
    "122": 0.382793309158966,
    "123": 0.16444225906153415,
    "124": 0.05596913914455874,
    "125": 0.27837423312883436,
    "126": 0.0876724015356178,
    "128": 0.23725040005565992,
    "129": 0.22170851411906964,
    "130": 0.29701181375955527,
    "131": 0.3077815650155921,
    "132": 0.3484449841462592,
    "133": 0.37799254626997664,
    "134": 0.07997256515775034,
    "135": 0.0018696393933020168,
    "136": 0.00491128010139417,
    "137": 0,
    "138": 0.21691542288557214,
    "139": 0.164380714879468,
    "140": 0.25381985627572734,
    "141": 0.26173060999171954,
    "142": 0.08829370404165102,
    "143": 0.029097704217832355,
    "144": 0,
    "145": 0.11673006173224419,
    "146": 0.002077484559236384,
    "147": 0.020433888409739268,
    "148": 0.0007719855038277615,
    "149": 0.09319802170980795,
    "150": 0.3362529081702477,
    "151": 0.17177592263126681,
    "152": 0.14476756527276588,
    "153": 0.2349123266160691,
    "154": 0,
    "155": 0.2796290374160537,
    "156": 0.3634830407895559,
    "157": 0.0008480657577141366,
    "158": 0.20182164795594154,
    "159": 0,
    "160": 0.13060704683741334,
    "161": 0.009658978907944017,
    "162": 0.14836174339083394,
    "163": 0.16196632805285216,
    "164": 0.266184638958054,
    "165": 0.31323988670201175,
    "166": 0.271576689309975,
    "167": 0,
    "168": 0.18975948059613398,
    "169": 0.08719474474916782,
    "170": 0.21477587969046577,
    "171": 0.21399956296889797,
    "172": 0.34122242647058826,
    "173": 0.24792727272727272,
    "174": 0,
    "175": 0.3305401028096613,
    "176": 0.28827247191011235,
    "177": 0.21201142618267957,
    "178": 0.24350695939159134,
    "179": 0.09036061977238448,
    "180": 0.3275850031417999,
    "181": 0.04171640801167264,
    "182": 0.05483744614179397,
    "183": 0,
    "184": 0.01075762545096753,
    "185": 0.17056810403832992,
    "186": 0.36925582383346317,
    "187": 0,
    "188": 0.1510112664585313,
    "189": 0.22423498413078627,
    "190": 0.26727634781326054,
    "191": 0.3752863324001018,
    "192": 0.33695726966214823,
    "193": 0.17291364671774695,
    "194": 0.29897055647541576,
    "195": 0.054481308094171926,
    "196": 0.2223805114324382
}