{
    "0": 0.004378603225571043,
    "1": 0.26684733514001807,
    "2": 0.29008282013166276,
    "3": 0.31892087197398533,
    "4": 0,
    "5": 0.19292050641632935,
    "6": 0.254703443877551,
    "7": 0.29559974804283273,
    "8": 0.2760407518004567,
    "9": 0.22587268993839835,
    "10": 0.3340749414519906,
    "11": 0.15451333119177643,
    "12": 0.329246935201401,
    "13": 0.22445911497483495,
    "14": 0.22377400412632917,
    "15": 0.31920740526468033,
    "16": 0,
    "17": 0.14106068890103882,
    "18": 0,
    "19": 0.26830750531753267,
    "20": 0.44208524797971793,
    "21": 0.2299347880611989,
    "22": 0.05518686692280824,
    "23": 0.15829910238855927,
    "24": 0,
    "25": 0,
    "26": 0.02180579216354344,
    "27": 0.2895007191288268,
    "28": 0.29247202441505593,
    "29": 0.3372335979941496,
    "30": 0.2815201574937944,
    "31": 0,
    "32": 0.08541666666666667,
    "33": 0,
    "34": 0.15546308151941954,
    "35": 0,
    "36": 0.006383197776176259,
    "37": 0.25005438329345225,
    "38": 0.32363305672388315,
    "39": 0.2809413131900058,
    "40": 0.17978868438991139,
    "41": 0.19170731707317074,
    "42": 0.20003177629488403,
    "43": 0,
    "44": 0.2891924793723793,
    "45": 0.2692217533989686,
    "46": 0.2694075808829907,
    "47": 0.2600414078674948,
    "48": 0.01250211184321676,
    "49": 0.27745540511497957,
    "50": 0.24546400092453485,
    "51": 0.14180164819551008,
    "52": 0.15792225902039395,
    "53": 0.24728479485116653,
    "54": 0,
    "55": 0.4752399817156788,
    "56": 0.3081195157169832,
    "57": 0.34437420986093553,
    "58": 0.26454018227009113,
    "59": 0,
    "60": 0.26045340050377835,
    "61": 0.27592920353982303,
    "62": 0.2745954276907269,
    "63": 0.30608266181440086,
    "64": 0.26783216783216784,
    "65": 0.055777516647081866,
    "66": 0.0002597978161701217,
    "67": 0.17158859470468432,
    "68": 0.16807432432432431,
    "69": 0.013492110048688919,
    "70": 0.2583965330444204,
    "71": 0,
    "72": 0.0554898063997499,
    "73": 0,
    "74": 0.25185384926520155,
    "75": 0.2115089514066496,
    "76": 0.2463804087035658,
    "77": 0.39292418772563176,
    "78": 0.24753588103060695,
    "79": 0.28300795372378884,
    "80": 0.25298849710548077,
    "81": 0.07341200971884762,
    "82": 0.24888512994002768,
    "83": 0.19317333333333334,
    "84": 0.23465272591486183,
    "85": 0,
    "86": 0.11505466778805719,
    "87": 0.4707538317172349,
    "88": 0.2883047340878666,
    "89": 0.18611937960206798,
    "90": 0.19436215957955089,
    "91": 0,
    "92": 0.3092515592515592,
    "93": 0.000807366841596149,
    "94": 0.4196619071065157,
    "95": 0.21786218803955423,
    "96": 0.2967712034605283,
    "97": 0,
    "98": 0.003164860458425242,
    "99": 0.25817627494456763,
    "100": 0.025553078374206825,
    "101": 0.2731745209735888,
    "102": 0.0019050729370781625,
    "103": 0.4241019698725377,
    "104": 0.22333500250375563,
    "105": 0,
    "106": 0.1817775792764627,
    "107": 0.21038534646621737,
    "108": 0.21263527347177538,
    "109": 0.26749691230959244,
    "110": 0.2865810135617416,
    "111": 7.462199296687717e-05,
    "112": 0.25018003744778916,
    "113": 0.33289159819772063,
    "114": 0.2777587974034848,
    "115": 0.27872037300867764,
    "116": 0.25433047145654464,
    "117": 0.28747913188647745,
    "118": 0.28567493112947656,
    "119": 0.10453111557212504,
    "120": 0.3147767154786397,
    "121": 0.07050752487338817,
    "122": 0.2436715668698458,
    "123": 0.22641509433962265,
    "124": 0.11611081701076408,
    "125": 0.4307181043201849,
    "126": 0.06761375774407177,
    "127": 0.23725040005565992,
    "129": 0.32592141334145597,
    "130": 0.5708842673440229,
    "131": 0.33095854922279794,
    "132": 0.29888097660223806,
    "133": 0.2544811708600559,
    "134": 0.14253744190049922,
    "135": 0.0020680973504375974,
    "136": 0.00532748354747728,
    "137": 0,
    "138": 0.30909639462965754,
    "139": 0.2084121670790278,
    "140": 0.5441277472527473,
    "141": 0.2842418974295294,
    "142": 0.06580029610133245,
    "143": 0.06170026292725679,
    "144": 0,
    "145": 0.1578813343519226,
    "146": 0.003942181340341655,
    "147": 0.04429717474712243,
    "148": 0.0006718985164480757,
    "149": 0.14753157290470723,
    "150": 0.30523037267747827,
    "151": 0.08791992582202039,
    "152": 0.22617471872931832,
    "153": 0.20010519987977157,
    "154": 0,
    "155": 0.2402339877057307,
    "156": 0.2636790869419268,
    "157": 0.0020394289598912306,
    "158": 0.152147577092511,
    "159": 0,
    "160": 0.2018763611995309,
    "161": 0.02347255781843286,
    "162": 0.141674037147222,
    "163": 0.21931747025673137,
    "164": 0.2036563299432208,
    "165": 0.30602589641434264,
    "166": 0.45123863280025084,
    "167": 0,
    "168": 0.2905486241668091,
    "169": 0.06791875140019416,
    "170": 0.31196923569940715,
    "171": 0.3121202430444516,
    "172": 0.19445722759114384,
    "173": 0.3238998370128908,
    "174": 0,
    "175": 0.42844012605042014,
    "176": 0.31055978057598804,
    "177": 0.28268299629735116,
    "178": 0.2930670791731121,
    "179": 0.15435111934017842,
    "180": 0.43008087659796507,
    "181": 0.07552213868003342,
    "182": 0.0999523279834737,
    "183": 0,
    "184": 0.02180579216354344,
    "185": 0.25040674456441353,
    "186": 0.2831812525922854,
    "187": 0,
    "188": 0.2217939214232765,
    "189": 0.1212933703597306,
    "190": 0.3018068887634105,
    "191": 0.26024745391802034,
    "192": 0.2816768228619458,
    "193": 0.2551848512173129,
    "194": 0.5447394296951819,
    "195": 0.10445145460918331,
    "196": 0.32340425531914896
}