{
    "0": 0.0041150737747460515,
    "1": 0.24656389301634474,
    "2": 0.27833444667112,
    "3": 0.28651059085841696,
    "4": 0,
    "5": 0.16691544472736852,
    "6": 0.23297024874004227,
    "7": 0.2626556393710806,
    "8": 0.2447602131438721,
    "9": 0.21914961636828645,
    "10": 0.32260848126232744,
    "11": 0.15480491329479767,
    "12": 0.3256280064136825,
    "13": 0.2097990788331887,
    "14": 0.23836895994251842,
    "15": 0.33477425552353507,
    "16": 0,
    "17": 0.14267756128221246,
    "18": 0,
    "19": 0.28752136752136753,
    "20": 0.35161940182860685,
    "21": 0.18513530059997552,
    "22": 0.0573937908496732,
    "23": 0.13769102738689665,
    "24": 0,
    "25": 0,
    "26": 0.0242776886035313,
    "27": 0.24865480132450332,
    "28": 0.27113897039210455,
    "29": 0.3140096618357488,
    "30": 0.24722389601446157,
    "31": 0,
    "32": 0.08943687891056312,
    "33": 0,
    "34": 0.15241806096722438,
    "35": 0,
    "36": 0.005887014604324691,
    "37": 0.23483812129502965,
    "38": 0.28971528181289946,
    "39": 0.2779532533164877,
    "40": 0.18505613627564846,
    "41": 0.21198799056401457,
    "42": 0.2394392523364486,
    "43": 0,
    "44": 0.291023945938005,
    "45": 0.27321022008601065,
    "46": 0.23766973280770914,
    "47": 0.2356908033381101,
    "48": 0.015771611100019962,
    "49": 0.28475595651168173,
    "50": 0.23167906352883794,
    "51": 0.13056120965396917,
    "52": 0.17612365263371974,
    "53": 0.2604575163398693,
    "54": 0,
    "55": 0.3703378674857394,
    "56": 0.3122694275853862,
    "57": 0.30208601596703577,
    "58": 0.24668254508336168,
    "59": 0,
    "60": 0.2763267574326202,
    "61": 0.2597734746072342,
    "62": 0.2556187381532629,
    "63": 0.2657082002129925,
    "64": 0.22796780684104628,
    "65": 0.04792756225119038,
    "66": 0.00024620119253702634,
    "67": 0.1772885283893395,
    "68": 0.1696599159342759,
    "69": 0.014053117068036898,
    "70": 0.2282632866355348,
    "71": 0,
    "72": 0.05055559312101337,
    "73": 0,
    "74": 0.2309995722230144,
    "75": 0.19616117615028586,
    "76": 0.24788412878457378,
    "77": 0.3442791930496245,
    "78": 0.228274391327528,
    "79": 0.24085957319803014,
    "80": 0.22482382359627187,
    "81": 0.07703194500606551,
    "82": 0.2235202492211838,
    "83": 0.17391771404017617,
    "84": 0.2616328617692177,
    "85": 0,
    "86": 0.10740670581549536,
    "87": 0.37919975565058034,
    "88": 0.2565583029998745,
    "89": 0.22008429540040314,
    "90": 0.18431884348960947,
    "91": 0,
    "92": 0.27899320305862363,
    "93": 0.0007591733445803458,
    "94": 0.34248814778486186,
    "95": 0.241503326739795,
    "96": 0.2982872647108699,
    "97": 0,
    "98": 0.003146963180530788,
    "99": 0.234923887587822,
    "100": 0.024894599478016463,
    "101": 0.24841660802251936,
    "102": 0.0018883039597161822,
    "103": 0.3575525812619503,
    "104": 0.23565069141882933,
    "105": 0,
    "106": 0.16183009595132225,
    "107": 0.16965362743408582,
    "108": 0.22962718574727814,
    "109": 0.276657060518732,
    "110": 0.27980258162490507,
    "111": 5.64381860766995e-05,
    "112": 0.2768979591836735,
    "113": 0.34442836468885674,
    "114": 0.24479435553261056,
    "115": 0.3212756533293961,
    "116": 0.22371009229838099,
    "117": 0.24603085238148856,
    "118": 0.2984802431610942,
    "119": 0.10275288092189501,
    "120": 0.342496982700818,
    "121": 0.06373963546042298,
    "122": 0.22143844084066613,
    "123": 0.20940241681840754,
    "124": 0.13036269430051814,
    "125": 0.3687110337828041,
    "126": 0.06016777552791438,
    "127": 0.22170851411906964,
    "128": 0.32592141334145597,
    "130": 0.33683370995613454,
    "131": 0.28610964681075385,
    "132": 0.2483825313384553,
    "133": 0.2510759166810122,
    "134": 0.15558218494108247,
    "135": 0.0018471768979742627,
    "136": 0.004716438513746693,
    "137": 0,
    "138": 0.3088065843621399,
    "139": 0.23149528067560854,
    "140": 0.33274179236912155,
    "141": 0.2686410693225003,
    "142": 0.0590513068731849,
    "143": 0.0620281575188737,
    "144": 0,
    "145": 0.14847401704701677,
    "146": 0.003877523733119401,
    "147": 0.044879640962872294,
    "148": 0.0005231277533039647,
    "149": 0.14190897597977245,
    "150": 0.2819261067347165,
    "151": 0.07851407057926466,
    "152": 0.20238944365192582,
    "153": 0.18545145330859616,
    "154": 0,
    "155": 0.1961698749751935,
    "156": 0.26970991279587114,
    "157": 0.0016025641025641025,
    "158": 0.1356991407209017,
    "159": 0,
    "160": 0.2254122211445199,
    "161": 0.02564102564102564,
    "162": 0.13308112652374948,
    "163": 0.22617379117028732,
    "164": 0.1803330191643104,
    "165": 0.26388536647222927,
    "166": 0.35651113144251295,
    "167": 0,
    "168": 0.3049932523616734,
    "169": 0.060790273556231005,
    "170": 0.2902618517884648,
    "171": 0.28993174061433447,
    "172": 0.17803480146641193,
    "173": 0.30315888731730317,
    "174": 0,
    "175": 0.35037246339583866,
    "176": 0.3192094219574929,
    "177": 0.23750365390236772,
    "178": 0.28002404930106717,
    "179": 0.17178034004299395,
    "180": 0.33772259844494606,
    "181": 0.07311004784688996,
    "182": 0.09735943955451769,
    "183": 0,
    "184": 0.0242776886035313,
    "185": 0.2678956983889719,
    "186": 0.2524364406779661,
    "187": 0,
    "188": 0.2025759262203848,
    "189": 0.10735618232344205,
    "190": 0.29266444377083967,
    "191": 0.24779994772153002,
    "192": 0.2891171822081734,
    "193": 0.28071672354948807,
    "194": 0.3579496090356212,
    "195": 0.10076121794871795,
    "196": 0.3203434610303831
}