{
    "0": 0.005072786804605475,
    "1": 0.38252915029311346,
    "2": 0.32738212020142565,
    "3": 0.29715916633479356,
    "4": 0,
    "5": 0.1883373143628622,
    "6": 0.3599929688873264,
    "7": 0.35422492401215805,
    "8": 0.343988463618338,
    "9": 0.16528059721039878,
    "10": 0.32064674961740636,
    "11": 0.09214973534851094,
    "12": 0.2745829244357213,
    "14": 0.1464867010718539,
    "15": 0.22695367337388864,
    "16": 0,
    "17": 0.06229867285143667,
    "18": 0,
    "19": 0.18628433928213356,
    "20": 0.2517520215633423,
    "21": 0.31609278899704585,
    "22": 0.02483578354707538,
    "23": 0.3142061684202914,
    "24": 0,
    "25": 0,
    "26": 0.011183194315724437,
    "27": 0.31653264104350026,
    "28": 0.2482181390178513,
    "29": 0.24746869171329602,
    "30": 0.33914569923932125,
    "31": 0,
    "32": 0.05262173452210238,
    "33": 0,
    "34": 0.15509780162714212,
    "35": 0,
    "36": 0.018266475644699142,
    "37": 0.26920388843001464,
    "38": 0.2848771266540643,
    "39": 0.20950338449165606,
    "40": 0.0998239551411619,
    "41": 0.21510377303645137,
    "42": 0.1248132025209538,
    "43": 0,
    "44": 0.2362351686441808,
    "45": 0.2906453562554563,
    "46": 0.32085810889588434,
    "47": 0.3169429934135817,
    "48": 0.009391992090954029,
    "49": 0.30767733142968395,
    "50": 0.25407397827211586,
    "51": 0.19241419820424605,
    "52": 0.07714542651593011,
    "53": 0.2744593518348343,
    "54": 0,
    "55": 0.2740666666666667,
    "56": 0.3189689098780008,
    "57": 0.31251281350372445,
    "58": 0.36722926301879993,
    "59": 0,
    "60": 0.21206558207254542,
    "61": 0.34406134895235796,
    "62": 0.22746392286287453,
    "63": 0.2600732600732601,
    "64": 0.2523773408785952,
    "65": 0.12811411292973116,
    "66": 0.00029729041026076614,
    "67": 0.09695904147945562,
    "68": 0.09620763676575815,
    "69": 0.013457861450213267,
    "70": 0.2535950132691477,
    "71": 0,
    "72": 0.08503150035000388,
    "73": 0,
    "74": 0.17309372270061152,
    "75": 0.17076511237004297,
    "76": 0.29517264498826684,
    "77": 0.3175947187141217,
    "78": 0.3581470242150245,
    "79": 0.20776711963762323,
    "80": 0.3395456550507278,
    "81": 0.03499842915488533,
    "82": 0.3209598594256219,
    "83": 0.3303689515209559,
    "84": 0.16664472818217718,
    "85": 0,
    "86": 0.062412787010021564,
    "87": 0.257379767827529,
    "88": 0.24836726853630425,
    "89": 0.11950904392764858,
    "90": 0.20174353205849269,
    "91": 0,
    "92": 0.31369356959489075,
    "93": 0.0009459535776811431,
    "94": 0.23564625850340137,
    "95": 0.13024993558361248,
    "96": 0.20607463906292564,
    "97": 0,
    "98": 0.002064528519300941,
    "99": 0.2068691681556482,
    "100": 0.01263783917730145,
    "101": 0.3980477910882931,
    "102": 0.001529105125977411,
    "103": 0.3035806953814219,
    "104": 0.12797736544282143,
    "105": 0,
    "106": 0.1679948055014462,
    "107": 0.24282475253000055,
    "108": 0.14083253892596123,
    "109": 0.2978522390879889,
    "110": 0.25030145332233295,
    "111": 0.0006809437880902932,
    "112": 0.19009140283481255,
    "113": 0.2540505083633978,
    "114": 0.35191907170484976,
    "115": 0.24849939975990396,
    "116": 0.34054650841843775,
    "117": 0.2831463539010709,
    "118": 0.23089801111631955,
    "119": 0.07454135429999391,
    "120": 0.2958816473410636,
    "121": 0.11746970317897079,
    "122": 0.33169638091171133,
    "123": 0.15676175382989962,
    "124": 0.0534919221473095,
    "125": 0.2666798262929333,
    "126": 0.11178597252349964,
    "127": 0.3460179833012203,
    "128": 0.22445911497483495,
    "129": 0.2097990788331887,
    "130": 0.2950525335815933,
    "131": 0.29653991092840015,
    "132": 0.3052456389077236,
    "133": 0.35761549925484354,
    "134": 0.07348980377068103,
    "135": 0.001988616882671604,
    "136": 0.016819257278057814,
    "137": 0,
    "138": 0.22029972752043597,
    "139": 0.15433060641475133,
    "140": 0.25311812179016874,
    "141": 0.26452639957548424,
    "142": 0.11280971394191325,
    "143": 0.027189575241197843,
    "144": 0,
    "145": 0.12586695615463483,
    "146": 0.002183638687686408,
    "147": 0.019258335930196324,
    "148": 0.003420969274627811,
    "149": 0.10452030093887957,
    "150": 0.31482431392664784,
    "151": 0.19012493660965377,
    "152": 0.13551804038397883,
    "153": 0.2588935903463407,
    "154": 0,
    "155": 0.2639667329596818,
    "156": 0.35054977711738483,
    "157": 0.0011662881345528206,
    "158": 0.23081208485108207,
    "159": 0,
    "160": 0.12078985602958658,
    "161": 0.010212291885869902,
    "162": 0.1712977099236641,
    "163": 0.1457359236088245,
    "164": 0.3001552945743958,
    "165": 0.2725289256198347,
    "166": 0.2501829308853855,
    "167": 0,
    "168": 0.16802499320836728,
    "169": 0.1119968831480205,
    "170": 0.18785972426716638,
    "171": 0.18747912073227768,
    "172": 0.3331264408583082,
    "173": 0.22473422150450814,
    "174": 0,
    "175": 0.3109276989105315,
    "176": 0.2601246105919003,
    "177": 0.2041433738901677,
    "178": 0.2100785340314136,
    "179": 0.08947777633795516,
    "180": 0.3086298407705917,
    "181": 0.042361198145130965,
    "182": 0.05702950657079098,
    "183": 0,
    "184": 0.0112463696471606,
    "185": 0.16271426730248745,
    "186": 0.30177774985865946,
    "187": 0,
    "188": 0.14181100356597046,
    "189": 0.22744693396226415,
    "190": 0.2321344537815126,
    "191": 0.3660464550650614,
    "192": 0.32108781722593627,
    "193": 0.17708540054243566,
    "194": 0.3007118667496026,
    "195": 0.046789164614510326,
    "196": 0.21365742295037937
}