{
    "0": 0.00463610142799002,
    "1": 0.3272068569408854,
    "2": 0.34187341772151897,
    "3": 0.36532822016692984,
    "4": 0,
    "5": 0.2251585623678647,
    "6": 0.3116414161237146,
    "7": 0.3693395382137104,
    "8": 0.3387473002159827,
    "9": 0.22542056074766356,
    "10": 0.38671398469557505,
    "11": 0.14479343151309787,
    "12": 0.37318123617739496,
    "13": 0.2950525335815933,
    "14": 0.216376582278481,
    "15": 0.3483452303698897,
    "16": 0,
    "17": 0.12304853817768947,
    "18": 0,
    "19": 0.26618426153249775,
    "20": 0.5029420417769932,
    "21": 0.2913425662429647,
    "22": 0.04831506293138449,
    "23": 0.2129887446566532,
    "24": 0,
    "25": 0,
    "26": 0.020362290096522545,
    "27": 0.34820101100208145,
    "28": 0.3292867981790592,
    "29": 0.3610207655741806,
    "30": 0.3510294367874766,
    "31": 0,
    "32": 0.08101168314289382,
    "33": 0,
    "34": 0.16731665556929515,
    "35": 0,
    "36": 0.006649168853893263,
    "37": 0.28636501670209535,
    "38": 0.37365475678002585,
    "39": 0.29124984171204255,
    "40": 0.17045924700041373,
    "41": 0.21508756174225416,
    "42": 0.19135559921414538,
    "43": 0,
    "44": 0.3065175565175565,
    "45": 0.31235660439200263,
    "46": 0.32693939908334746,
    "47": 0.3205421293272371,
    "48": 0.011256544502617802,
    "49": 0.32603158430973,
    "50": 0.26954602774274905,
    "51": 0.16562705187130664,
    "52": 0.14362880886426593,
    "53": 0.2964988009592326,
    "54": 0,
    "55": 0.5304618872201757,
    "56": 0.36625558154369553,
    "57": 0.4114665057332529,
    "58": 0.3302918207973695,
    "59": 0,
    "60": 0.2812888637648389,
    "61": 0.34233289646133686,
    "62": 0.2912320916905444,
    "63": 0.32907535450603537,
    "64": 0.318916850062195,
    "65": 0.07333007773832935,
    "66": 0.00028655888030888033,
    "67": 0.16021872863978126,
    "68": 0.15582121994294254,
    "69": 0.01404464381074442,
    "70": 0.2859139462913048,
    "71": 0,
    "72": 0.06653465346534654,
    "73": 0,
    "74": 0.25745830396993186,
    "75": 0.22069197178367483,
    "76": 0.2979032258064516,
    "77": 0.43779904306220097,
    "78": 0.30088346655448045,
    "79": 0.30334781497572194,
    "80": 0.3207447610432685,
    "81": 0.0621887198815453,
    "82": 0.3100526677352874,
    "83": 0.2503922523399881,
    "84": 0.2332236009116232,
    "85": 0,
    "86": 0.10354477611940298,
    "87": 0.518486548698029,
    "88": 0.3210455764075067,
    "89": 0.17750257997936017,
    "90": 0.2154535864978903,
    "91": 0,
    "92": 0.3694888018479462,
    "93": 0.0008419533317296127,
    "94": 0.4426491994177584,
    "95": 0.20289106866288073,
    "96": 0.29009433962264153,
    "97": 0,
    "98": 0.002876397107166338,
    "99": 0.25634911172051983,
    "100": 0.02131885593220339,
    "101": 0.33514569705207714,
    "102": 0.0019893569403690256,
    "103": 0.4987593052109181,
    "104": 0.20580260303687636,
    "105": 0,
    "106": 0.19861848032836119,
    "107": 0.24526755715807588,
    "108": 0.20644288700356572,
    "109": 0.32104484967964514,
    "110": 0.31326741280017384,
    "111": 8.260670032124827e-05,
    "112": 0.2542793351525676,
    "113": 0.37382492980100107,
    "114": 0.3471432209865014,
    "115": 0.303196453569762,
    "116": 0.32047321226734987,
    "117": 0.33068561872909696,
    "118": 0.29589737383516884,
    "119": 0.09914046862121748,
    "120": 0.3630276895142987,
    "121": 0.0822098679638638,
    "122": 0.3127078213098164,
    "123": 0.22398657371546604,
    "124": 0.09994500962331591,
    "125": 0.47806900240706074,
    "126": 0.07783772638234991,
    "127": 0.29701181375955527,
    "128": 0.5708842673440229,
    "129": 0.33683370995613454,
    "131": 0.37621738607671035,
    "132": 0.36109740451988553,
    "133": 0.3082120164079466,
    "134": 0.12995896032831739,
    "135": 0.0021369347807504917,
    "136": 0.005309734513274336,
    "137": 0,
    "138": 0.3181579637890318,
    "139": 0.19965870307167236,
    "140": 0.6120262274108428,
    "141": 0.32715765247410816,
    "142": 0.07775930425885663,
    "143": 0.053038524145415086,
    "144": 0,
    "145": 0.16580310880829016,
    "146": 0.0035608308605341245,
    "147": 0.036544404138116354,
    "148": 0.0007189257195676175,
    "149": 0.14246509963011575,
    "150": 0.3686176836861768,
    "151": 0.11641625734373495,
    "152": 0.2206547048349541,
    "153": 0.23810213690691778,
    "154": 0,
    "155": 0.28642836932943505,
    "156": 0.3304188525272712,
    "157": 0.0015729453401494297,
    "158": 0.18617451837461552,
    "159": 0,
    "160": 0.18758489540885628,
    "161": 0.01997070962588204,
    "162": 0.16304673457159977,
    "163": 0.2110807647288334,
    "164": 0.251763395619354,
    "165": 0.3385458281018149,
    "166": 0.5129178222157349,
    "167": 0,
    "168": 0.2780922728559298,
    "169": 0.07844477214689062,
    "170": 0.3070652173913043,
    "171": 0.30742097408764074,
    "172": 0.25953757225433527,
    "173": 0.3380667014069828,
    "174": 0,
    "175": 0.5282847896440129,
    "176": 0.35012681577127047,
    "177": 0.3040020199469764,
    "178": 0.31994459833795014,
    "179": 0.13704496788008566,
    "180": 0.5345830639948287,
    "181": 0.06742902208201892,
    "182": 0.0954394055854471,
    "183": 0,
    "184": 0.020362290096522545,
    "185": 0.2466097438473129,
    "186": 0.32789623661196815,
    "187": 0,
    "188": 0.21924329741919318,
    "189": 0.15679498772768377,
    "190": 0.3280677366359156,
    "191": 0.32555425904317387,
    "192": 0.338545344497125,
    "193": 0.24869874317633617,
    "194": 0.6557167915802902,
    "195": 0.08612505086125051,
    "196": 0.3352808391979817
}