{
    "0": 0.004546430872771533,
    "1": 0.371381705905056,
    "2": 0.3931528306108749,
    "3": 0.40334686846314755,
    "4": 0,
    "5": 0.2726045883940621,
    "6": 0.3456404190604934,
    "7": 0.39002181542255526,
    "8": 0.370428810098385,
    "9": 0.24646547036432845,
    "10": 0.36220472440944884,
    "11": 0.1648905529953917,
    "12": 0.324821716126064,
    "13": 0.29653991092840015,
    "14": 0.23959994202058268,
    "15": 0.32879273504273504,
    "16": 0,
    "17": 0.1521285140562249,
    "18": 0,
    "19": 0.26551818430407437,
    "20": 0.34970530451866405,
    "21": 0.33490953947368424,
    "22": 0.0550417661097852,
    "23": 0.21652215799614644,
    "24": 0,
    "25": 0,
    "26": 0.0230702263493906,
    "27": 0.34849422442244227,
    "28": 0.4413563090605892,
    "29": 0.3647881747393428,
    "30": 0.34675654381510984,
    "31": 0,
    "32": 0.08671328671328671,
    "33": 0,
    "34": 0.1697054698457223,
    "35": 0,
    "36": 0.006305053314789059,
    "37": 0.3577029520295203,
    "38": 0.35174450399212515,
    "39": 0.3286194343321199,
    "40": 0.18902068126520682,
    "41": 0.21796801505174035,
    "42": 0.18913649025069637,
    "43": 0,
    "44": 0.4218591875090357,
    "45": 0.3416252072968491,
    "46": 0.3741989412092505,
    "47": 0.32403560830860534,
    "48": 0.013205109803358692,
    "49": 0.33623655913978495,
    "50": 0.43196054911368786,
    "51": 0.23401352105687528,
    "52": 0.15312452715993344,
    "53": 0.29333333333333333,
    "54": 0,
    "55": 0.367053827900587,
    "56": 0.3399591705168153,
    "57": 0.526001705029838,
    "58": 0.3276855303287021,
    "59": 0,
    "60": 0.27266322217003286,
    "61": 0.33512737710800145,
    "62": 0.3051200391964723,
    "63": 0.4453322119428091,
    "64": 0.3916341569137408,
    "65": 0.0777447196311783,
    "66": 0.00026524595878835643,
    "67": 0.19708707778122095,
    "68": 0.19057125307125308,
    "69": 0.01381902603504505,
    "70": 0.30853344768439106,
    "71": 0,
    "72": 0.08788768878506835,
    "73": 0,
    "74": 0.3020055053086905,
    "75": 0.2300334768053563,
    "76": 0.2792308319074391,
    "77": 0.8368117670443251,
    "78": 0.3213838726980154,
    "79": 0.34983592523897844,
    "80": 0.3093139133767727,
    "81": 0.07062314540059347,
    "82": 0.31512605042016806,
    "83": 0.27145299145299145,
    "84": 0.2424201223657376,
    "85": 0,
    "86": 0.12974351282435878,
    "87": 0.3654783277763529,
    "88": 0.34541731904131034,
    "89": 0.1853502297730121,
    "90": 0.33201917954182203,
    "91": 0,
    "92": 0.35422650800164135,
    "93": 0.0008461579142207415,
    "94": 0.352003327325662,
    "95": 0.22735674676524953,
    "96": 0.349530481442838,
    "97": 0,
    "98": 0.003304060516476828,
    "99": 0.3679272517321016,
    "100": 0.02473446820893351,
    "101": 0.34324516243564707,
    "102": 0.0018505191734347693,
    "103": 0.3657059549175732,
    "104": 0.23770615826902708,
    "105": 0,
    "106": 0.2039390088945362,
    "107": 0.26208695652173913,
    "108": 0.21988832757245413,
    "109": 0.31589147286821706,
    "110": 0.3036396315434734,
    "111": 0.00010158378353419218,
    "112": 0.2603464233769668,
    "113": 0.31215798239352843,
    "114": 0.3930025916327286,
    "115": 0.31069882498453927,
    "116": 0.31003529231241367,
    "117": 0.4331740781575401,
    "118": 0.342914979757085,
    "119": 0.10426720853441707,
    "120": 0.33394474378080935,
    "121": 0.0830227522805523,
    "122": 0.310554854044418,
    "123": 0.318597797425159,
    "124": 0.10553970875243958,
    "125": 0.342298878301773,
    "126": 0.07858897858897859,
    "127": 0.3077815650155921,
    "128": 0.33095854922279794,
    "129": 0.28610964681075385,
    "130": 0.37621738607671035,
    "132": 0.38238385537103214,
    "133": 0.30486996852741427,
    "134": 0.14384696490435306,
    "135": 0.0021196283391405344,
    "136": 0.005069946483898226,
    "137": 0,
    "138": 0.32375505649323477,
    "139": 0.21280801159573065,
    "140": 0.3603533385294882,
    "141": 0.36290424059393483,
    "142": 0.0778903475909698,
    "143": 0.05793000744601638,
    "144": 0,
    "145": 0.16476478807638564,
    "146": 0.0034902168164992068,
    "147": 0.041223404255319146,
    "148": 0.0006790284669626535,
    "149": 0.1474506789648988,
    "150": 0.33736069159462556,
    "151": 0.12210433027251914,
    "152": 0.2930202637504021,
    "153": 0.23750748055056853,
    "154": 0,
    "155": 0.38232701630674304,
    "156": 0.30645700903312145,
    "157": 0.002010338885697875,
    "158": 0.1838763114301491,
    "159": 0,
    "160": 0.2111829249962423,
    "161": 0.02159323023052232,
    "162": 0.16806459198871207,
    "163": 0.2378626831370296,
    "164": 0.23563826476629116,
    "165": 0.4540386184389448,
    "166": 0.3589810241746816,
    "167": 0,
    "168": 0.2753188297074269,
    "169": 0.07852210959306596,
    "170": 0.33017611365990823,
    "171": 0.32783505154639175,
    "172": 0.2541784589095958,
    "173": 0.3360734347170845,
    "174": 0,
    "175": 0.3720504009163803,
    "176": 0.34141679608171066,
    "177": 0.3358250276854928,
    "178": 0.3278425070309361,
    "179": 0.15573649148778682,
    "180": 0.37201636735621735,
    "181": 0.08945734141653112,
    "182": 0.09184372858122002,
    "183": 0,
    "184": 0.023222060957910014,
    "185": 0.24525547445255474,
    "186": 0.43822438572090866,
    "187": 0,
    "188": 0.2794986313211353,
    "189": 0.18508372427490327,
    "190": 0.390893470790378,
    "191": 0.3712803712803713,
    "192": 0.32526881720430106,
    "193": 0.24744897959183673,
    "194": 0.39621663643430943,
    "195": 0.10087323095453177,
    "196": 0.31265339514589585
}