{
    "0": 0.004461245061980657,
    "1": 0.3537758930027728,
    "2": 0.3679749401142436,
    "3": 0.3272401771412419,
    "4": 0,
    "5": 0.23744023538065465,
    "6": 0.34642117716651877,
    "7": 0.405489080411681,
    "8": 0.5123549232497192,
    "9": 0.20675234598123216,
    "10": 0.3352908790603781,
    "11": 0.13884785819793205,
    "12": 0.3092686595224666,
    "13": 0.3052456389077236,
    "14": 0.19854747410018156,
    "15": 0.2747820798702615,
    "16": 0,
    "17": 0.09349022994710138,
    "18": 0,
    "19": 0.2274136861691131,
    "20": 0.3069952143366256,
    "21": 0.3472878825578502,
    "22": 0.03840534335211856,
    "23": 0.2463818589892423,
    "24": 0,
    "25": 0,
    "26": 0.015855155482815058,
    "27": 0.3167145512928849,
    "28": 0.3534608189565579,
    "29": 0.3091645569620253,
    "30": 0.37976086784385144,
    "31": 0,
    "32": 0.06910486967064053,
    "33": 0,
    "34": 0.15161238568907429,
    "35": 0,
    "36": 0.005718055861007257,
    "37": 0.30882084928011666,
    "38": 0.35318597983908256,
    "39": 0.285561725758223,
    "40": 0.14753742677370363,
    "41": 0.18994370911303818,
    "42": 0.15457154571545714,
    "43": 0,
    "44": 0.2932697188102731,
    "45": 0.2876636548036142,
    "46": 0.3703376915055747,
    "47": 0.349836240383883,
    "48": 0.008210846426761276,
    "49": 0.3267539924636641,
    "50": 0.2927127409496944,
    "51": 0.1894447041712119,
    "52": 0.11683996141065495,
    "53": 0.3025754733071806,
    "54": 0,
    "55": 0.3341295909226635,
    "56": 0.32557309785032557,
    "57": 0.4395616319444444,
    "58": 0.359245630174793,
    "59": 0,
    "60": 0.24864612511671336,
    "61": 0.34843700663088095,
    "62": 0.25646836638338055,
    "63": 0.36035751840168245,
    "64": 0.33760831889081455,
    "65": 0.08991710146462907,
    "66": 0.00029669408614512794,
    "67": 0.14518582916757228,
    "68": 0.14092872570194384,
    "69": 0.012608051960456564,
    "70": 0.28114126652748783,
    "71": 0,
    "72": 0.0782181841668999,
    "73": 0,
    "74": 0.2452904625702732,
    "75": 0.1886981924411174,
    "76": 0.29153176487517085,
    "77": 0.3915037676094791,
    "78": 0.3302859821847164,
    "79": 0.29280583252921627,
    "80": 0.3533470868606388,
    "81": 0.05550883095037847,
    "82": 0.35186800407035906,
    "83": 0.319400372031951,
    "84": 0.19773439870537068,
    "85": 0,
    "86": 0.09101394568522596,
    "87": 0.32780586450960564,
    "88": 0.2942060287350925,
    "89": 0.14140191628845183,
    "90": 0.2307753102031139,
    "91": 0,
    "92": 0.34854014598540145,
    "93": 0.0008207570189513535,
    "94": 0.2898656389959379,
    "95": 0.16702290076335877,
    "96": 0.2806518648146123,
    "97": 0,
    "98": 0.002433428352916638,
    "99": 0.253539644012945,
    "100": 0.01818181818181818,
    "101": 0.336750305997552,
    "102": 0.0018369175627240143,
    "103": 0.35512186011765806,
    "104": 0.16774193548387098,
    "105": 0,
    "106": 0.18899113837764145,
    "107": 0.239382519205682,
    "108": 0.16884637907476088,
    "109": 0.32491258741258744,
    "110": 0.2839416058394161,
    "111": 6.296719409187813e-05,
    "112": 0.21906571971591476,
    "113": 0.2983964451313756,
    "114": 0.3979426534910092,
    "115": 0.26991619304498604,
    "116": 0.35465944713593617,
    "117": 0.37113997113997116,
    "118": 0.26488154489349,
    "119": 0.08629825889477669,
    "120": 0.3001193865368721,
    "121": 0.08655393203086521,
    "122": 0.3567811307665626,
    "123": 0.22513767411726596,
    "124": 0.07795500158445125,
    "125": 0.3247478209773773,
    "126": 0.08180755746007012,
    "127": 0.3484449841462592,
    "128": 0.29888097660223806,
    "129": 0.2483825313384553,
    "130": 0.36109740451988553,
    "131": 0.38238385537103214,
    "133": 0.31549707602339183,
    "134": 0.10777742313012023,
    "135": 0.0019831698558181914,
    "136": 0.004514171538518463,
    "137": 0,
    "138": 0.2729186401431428,
    "139": 0.16050930838236713,
    "140": 0.30868780096308185,
    "141": 0.3281421583308376,
    "142": 0.08182397378720306,
    "143": 0.042595499738356885,
    "144": 0,
    "145": 0.1431785457163427,
    "146": 0.0027577256874036825,
    "147": 0.029478928793855098,
    "148": 0.00048569624556802173,
    "149": 0.12148190695002872,
    "150": 0.34507356219349083,
    "151": 0.14689853949184972,
    "152": 0.20940075740699488,
    "153": 0.23462088698140202,
    "154": 0,
    "155": 0.3384519794070655,
    "156": 0.3126741968607892,
    "157": 0.0010154346060113728,
    "158": 0.19343834654359385,
    "159": 0,
    "160": 0.1585014409221902,
    "161": 0.015210688591983556,
    "162": 0.15706840820634607,
    "163": 0.19724284199363734,
    "164": 0.24076660892887075,
    "165": 0.3563614262560778,
    "166": 0.3182835062029693,
    "167": 0,
    "168": 0.21049801011078842,
    "169": 0.08192281651997292,
    "170": 0.2871663129677203,
    "171": 0.2859051436205745,
    "172": 0.29407562381997243,
    "173": 0.2663888606565708,
    "174": 0,
    "175": 0.36019768104923017,
    "176": 0.2874384922477022,
    "177": 0.2926208651399491,
    "178": 0.2926245708935816,
    "179": 0.1134343962362781,
    "180": 0.3539557555305587,
    "181": 0.06078775974361625,
    "182": 0.07480275641665834,
    "183": 0,
    "184": 0.01596071209330878,
    "185": 0.21762132465154135,
    "186": 0.37748527245949925,
    "187": 0,
    "188": 0.20888106821240038,
    "189": 0.19366003558143297,
    "190": 0.31995290087775635,
    "191": 0.3718628770485314,
    "192": 0.3191304347826087,
    "193": 0.2054380664652568,
    "194": 0.36063040791100126,
    "195": 0.07989745780816065,
    "196": 0.290891597177678
}