{
    "0": 0.004548418650146723,
    "1": 0.35536051066299146,
    "2": 0.3615878107457899,
    "3": 0.3261100662359964,
    "4": 0,
    "5": 0.17894107089440622,
    "6": 0.33902759526938236,
    "7": 0.37439700482396143,
    "8": 0.36410876993166286,
    "9": 0.20686996744903205,
    "10": 0.34175682221863396,
    "11": 0.10022779043280182,
    "12": 0.3143653656936701,
    "13": 0.35761549925484354,
    "14": 0.16702010348630078,
    "15": 0.29129897635015883,
    "16": 0,
    "17": 0.07943250361056835,
    "18": 0,
    "19": 0.27854349040789717,
    "20": 0.28105734312980324,
    "21": 0.28826880472623695,
    "22": 0.02940215615811826,
    "23": 0.27942066253214337,
    "24": 0,
    "25": 0,
    "26": 0.012808119864668923,
    "27": 0.30877373767113203,
    "28": 0.27056731857119765,
    "29": 0.29800359866335363,
    "30": 0.3824969834622755,
    "31": 0,
    "32": 0.05979398036375342,
    "33": 0,
    "34": 0.15064058410249345,
    "35": 0,
    "36": 0.0065931357446546305,
    "37": 0.27488223674213647,
    "38": 0.33764789962677677,
    "39": 0.2679171827995045,
    "40": 0.11619063714720297,
    "41": 0.2421451013996001,
    "42": 0.14391914467089875,
    "43": 0,
    "44": 0.2510068217309115,
    "45": 0.2832645284217212,
    "46": 0.3693494251231879,
    "47": 0.36054609391160447,
    "48": 0.008017317405596087,
    "49": 0.39853342428376537,
    "50": 0.25696546371750095,
    "51": 0.16473106526392495,
    "52": 0.09690478198532512,
    "53": 0.34786729857819904,
    "54": 0,
    "55": 0.30320337720387386,
    "56": 0.4172374924130755,
    "57": 0.3192711753118844,
    "58": 0.398537214972035,
    "59": 0,
    "60": 0.2997431506849315,
    "61": 0.42173182651191204,
    "62": 0.24839640795381654,
    "63": 0.301433389544688,
    "64": 0.24029911075181892,
    "65": 0.09762357662141387,
    "66": 0.0003055412080517383,
    "67": 0.11276164753544902,
    "68": 0.10033085194375517,
    "69": 0.011757714673797699,
    "70": 0.2619434994823251,
    "71": 0,
    "72": 0.07318511889022232,
    "73": 0,
    "74": 0.17601827179291968,
    "75": 0.1807154920927376,
    "76": 0.3839202467187836,
    "77": 0.3363307766904699,
    "78": 0.33036831132731065,
    "79": 0.20547058347495348,
    "80": 0.36601859678782755,
    "81": 0.04280315478146566,
    "82": 0.3672207446808511,
    "83": 0.34904677570580267,
    "84": 0.20540540540540542,
    "85": 0,
    "86": 0.0684472759944458,
    "87": 0.2962156731413262,
    "88": 0.23234743541744665,
    "89": 0.14825753101004135,
    "90": 0.18098060691965723,
    "91": 0,
    "92": 0.37142408047783715,
    "93": 0.0008558601031383955,
    "94": 0.26906139366203263,
    "95": 0.18544948220346358,
    "96": 0.24587851538393724,
    "97": 0,
    "98": 0.0021142890703001118,
    "99": 0.18837282284638318,
    "100": 0.013881042692276652,
    "101": 0.34129271305063813,
    "102": 0.0017628205128205128,
    "103": 0.34882967522475095,
    "104": 0.15375395942128242,
    "105": 0,
    "106": 0.169489113419667,
    "107": 0.20154614073532992,
    "108": 0.19892289280218842,
    "109": 0.3935392791895034,
    "110": 0.2960019267822736,
    "111": 6.150331678601239e-05,
    "112": 0.2191803971271652,
    "113": 0.3000667556742323,
    "114": 0.3448393246187364,
    "115": 0.3877823310778614,
    "116": 0.3664454852979443,
    "117": 0.2716930626812402,
    "118": 0.27753798342541436,
    "119": 0.07802890528905289,
    "120": 0.35913021145449875,
    "121": 0.0950593927364079,
    "122": 0.36360765489799785,
    "123": 0.16231358655351405,
    "124": 0.06437411745161559,
    "125": 0.3005011090117473,
    "126": 0.08993930476365643,
    "127": 0.37799254626997664,
    "128": 0.2544811708600559,
    "129": 0.2510759166810122,
    "130": 0.3082120164079466,
    "131": 0.30486996852741427,
    "132": 0.31549707602339183,
    "134": 0.09027602986827754,
    "135": 0.002128298863238019,
    "136": 0.005213181902811394,
    "137": 0,
    "138": 0.2534121533512997,
    "139": 0.18665434070089923,
    "140": 0.27464091134224866,
    "141": 0.27400016093988894,
    "142": 0.09063931545132387,
    "143": 0.03239793831301645,
    "144": 0,
    "145": 0.1300208271347813,
    "146": 0.002538918955034409,
    "147": 0.021852152721364745,
    "148": 0.00045637093829864917,
    "149": 0.10940424204616345,
    "150": 0.3654940299703502,
    "151": 0.1549568915161569,
    "152": 0.14660390047074648,
    "153": 0.2526240458015267,
    "154": 0,
    "155": 0.2359896118097321,
    "156": 0.3807697770203096,
    "157": 0.0009607686148919135,
    "158": 0.2130885122410546,
    "159": 0,
    "160": 0.15671838022613727,
    "161": 0.012372634643377001,
    "162": 0.16762321756109105,
    "163": 0.19171483622350674,
    "164": 0.29099983724841316,
    "165": 0.31312375249500995,
    "166": 0.2852832718739524,
    "167": 0,
    "168": 0.22798641079790652,
    "169": 0.09056399132321041,
    "170": 0.23470552093390679,
    "171": 0.23487638085218307,
    "172": 0.29730367851914813,
    "173": 0.2858409433460413,
    "174": 0,
    "175": 0.34851954850318995,
    "176": 0.3041089149512015,
    "177": 0.2090249798549557,
    "178": 0.26739895305929806,
    "179": 0.1075623151668779,
    "180": 0.34341147938561034,
    "181": 0.04534066111694819,
    "182": 0.06227659067439829,
    "183": 0,
    "184": 0.012890750886239123,
    "185": 0.18880026313625525,
    "186": 0.3477276276745276,
    "187": 0,
    "188": 0.14858322089054687,
    "189": 0.191916122169883,
    "190": 0.25360738255033555,
    "191": 0.35704856527478634,
    "192": 0.34179595674659147,
    "193": 0.1959719204412502,
    "194": 0.3156076184055284,
    "195": 0.055628703094140884,
    "196": 0.24678883370440144
}