{
    "0": 0.0031365277257215,
    "1": 0.10306830056046357,
    "2": 0.116695753344968,
    "3": 0.12654653039268424,
    "4": 0,
    "5": 0.07620999219359875,
    "6": 0.08569829722599728,
    "7": 0.10023289143676102,
    "8": 0.09711941496477303,
    "9": 0.16473372781065088,
    "10": 0.12087227414330218,
    "11": 0.1450483494498166,
    "12": 0.12767445112571668,
    "13": 0.07348980377068103,
    "14": 0.17184897279289282,
    "15": 0.17280886003437082,
    "16": 0,
    "17": 0.20615384615384616,
    "18": 0,
    "19": 0.17558489691915682,
    "20": 0.1412200876306033,
    "21": 0.06810978891347247,
    "22": 0.12,
    "23": 0.045809492964842206,
    "24": 0,
    "25": 0,
    "26": 0.05405405405405406,
    "27": 0.10668563300142248,
    "28": 0.13979671618451917,
    "29": 0.15151515151515152,
    "30": 0.09217214503558116,
    "31": 0,
    "32": 0.11962310528471938,
    "33": 0,
    "34": 0.09446012178820734,
    "35": 0,
    "36": 0.006564551422319475,
    "37": 0.11639662994167206,
    "38": 0.12104622871046229,
    "39": 0.169737114469054,
    "40": 0.19570944674444862,
    "41": 0.10220221438131159,
    "42": 0.17285417285417284,
    "43": 0,
    "44": 0.1476157082748948,
    "45": 0.12917911509460805,
    "46": 0.10132237312365976,
    "47": 0.08965979554214848,
    "48": 0.030285035629453682,
    "49": 0.1236381442036969,
    "50": 0.12645348837209303,
    "51": 0.05392809587217044,
    "52": 0.18887015177065766,
    "53": 0.1163928696260049,
    "54": 0,
    "55": 0.12831858407079647,
    "56": 0.12515217920623325,
    "57": 0.14003666619658722,
    "58": 0.0898876404494382,
    "59": 0,
    "60": 0.13945857260049221,
    "61": 0.10026265736799203,
    "62": 0.1341483292583537,
    "63": 0.14890557597060233,
    "64": 0.09751104406852709,
    "65": 0.015900766963157693,
    "66": 0.0001895584866914146,
    "67": 0.1836657884832518,
    "68": 0.17933358292774243,
    "69": 0.012476751394916306,
    "70": 0.10314012659798932,
    "71": 0,
    "72": 0.020417505951290972,
    "73": 0,
    "74": 0.13418235511258766,
    "75": 0.12279425140985992,
    "76": 0.0897326019883442,
    "77": 0.15889830508474576,
    "78": 0.09394686387291153,
    "79": 0.14883075703527546,
    "80": 0.0815241470979176,
    "81": 0.11528291909042834,
    "82": 0.08498191055346009,
    "83": 0.06341792516477243,
    "84": 0.16205910390848427,
    "85": 0,
    "86": 0.16258741258741258,
    "87": 0.13748236400689764,
    "88": 0.12277426766226307,
    "89": 0.1826219512195122,
    "90": 0.09055299539170507,
    "91": 0,
    "92": 0.1135993042722035,
    "93": 0.0006611362098005572,
    "94": 0.15413675859463544,
    "95": 0.20767888307155322,
    "96": 0.18134598012646794,
    "97": 0,
    "98": 0.004876462938881665,
    "99": 0.1458212138840411,
    "100": 0.0513126491646778,
    "101": 0.09277454134423094,
    "102": 0.0017716674934448303,
    "103": 0.12032019704433497,
    "104": 0.1939873417721519,
    "105": 0,
    "106": 0.10110656358951038,
    "107": 0.07869445237415548,
    "108": 0.1937039857831937,
    "109": 0.11469534050179211,
    "110": 0.12705090450147244,
    "111": 5.829204313611192e-05,
    "112": 0.15752250321474495,
    "113": 0.1313023610053313,
    "114": 0.09225406002890911,
    "115": 0.14233576642335766,
    "116": 0.08151812744591302,
    "117": 0.11457036114570361,
    "118": 0.15880939175448328,
    "119": 0.10954478707782672,
    "120": 0.1300768386388584,
    "121": 0.026067983463481856,
    "122": 0.07803062227840989,
    "123": 0.16812564366632338,
    "124": 0.18163471241170534,
    "125": 0.12788321167883213,
    "126": 0.025431149350896562,
    "127": 0.07997256515775034,
    "128": 0.14253744190049922,
    "129": 0.15558218494108247,
    "130": 0.12995896032831739,
    "131": 0.14384696490435306,
    "132": 0.10777742313012023,
    "133": 0.09027602986827754,
    "135": 0.001682518971259829,
    "136": 0.005245410266017235,
    "137": 0,
    "138": 0.1642621599340478,
    "139": 0.1622146673142302,
    "140": 0.1360774818401937,
    "141": 0.13411300121506683,
    "142": 0.024232295801128054,
    "143": 0.11716937354988399,
    "144": 0,
    "145": 0.11377002636382072,
    "146": 0.006335282651072124,
    "147": 0.10042865890998164,
    "148": 0.0005768238258599228,
    "149": 0.12821192052980132,
    "150": 0.11873411873411874,
    "151": 0.027190402838071233,
    "152": 0.1840584119257682,
    "153": 0.07795763872110816,
    "154": 0,
    "155": 0.10086878032268984,
    "156": 0.09335834256969903,
    "157": 0.004965859714463066,
    "158": 0.05592161805993239,
    "159": 0,
    "160": 0.21945224719101122,
    "161": 0.060263653483992465,
    "162": 0.06942277691107644,
    "163": 0.17935233877663992,
    "164": 0.06547840079217725,
    "165": 0.1383119752540875,
    "166": 0.14655030462703772,
    "167": 0,
    "168": 0.20476460578559275,
    "169": 0.025660620198688814,
    "170": 0.18612283169245195,
    "171": 0.18576429404900816,
    "172": 0.059626296223830956,
    "173": 0.16562864927987545,
    "174": 0,
    "175": 0.12705074399084318,
    "176": 0.1407581545694975,
    "177": 0.14640724330572144,
    "178": 0.15328603435399552,
    "179": 0.18188914910226386,
    "180": 0.12564263322884012,
    "181": 0.12995169082125604,
    "182": 0.125,
    "183": 0,
    "184": 0.05405405405405406,
    "185": 0.14746136865342163,
    "186": 0.1199175352193334,
    "187": 0,
    "188": 0.1473659231134314,
    "189": 0.03727825331844684,
    "190": 0.15558436747545842,
    "191": 0.09260533104041273,
    "192": 0.11414995943910071,
    "193": 0.16724496877168632,
    "194": 0.13897691263014939,
    "195": 0.14937965260545905,
    "196": 0.16091954022988506
}