{
    "0": 0.0006367771280051982,
    "1": 0.0023083307397032886,
    "2": 0.0020829907361727784,
    "3": 0.0022159720446603597,
    "4": 0,
    "5": 0.001776575716596399,
    "6": 0.0021720886607098783,
    "7": 0.002036711728913669,
    "8": 0.0018583575174380123,
    "9": 0.0019345426867943677,
    "10": 0.0021479580450792235,
    "11": 0.0018122021612188737,
    "12": 0.002151216154199174,
    "13": 0.001988616882671604,
    "14": 0.0016245897910777529,
    "15": 0.002002913328477786,
    "16": 0,
    "17": 0.0015678896205707118,
    "18": 0,
    "19": 0.0020795261201083876,
    "20": 0.002089115707165667,
    "21": 0.0019168189720501047,
    "22": 0.0014268388385531854,
    "23": 0.0016195052500444919,
    "24": 0,
    "25": 0,
    "26": 0.001186367558239862,
    "27": 0.0023544057155228406,
    "28": 0.0019067175124669992,
    "29": 0.002051190582359761,
    "30": 0.001856078657603652,
    "31": 0,
    "32": 0.0023855621629096943,
    "33": 0,
    "34": 0.0028360413589364844,
    "35": 0,
    "36": 0.0005069547859700263,
    "37": 0.002090395480225989,
    "38": 0.0020499182802847724,
    "39": 0.0019145256916996047,
    "40": 0.0018566027545233595,
    "41": 0.0019835726658099123,
    "42": 0.0019376026272577996,
    "43": 0,
    "44": 0.0018919487071683834,
    "45": 0.0023040147456943726,
    "46": 0.002008185261445385,
    "47": 0.00192707160197212,
    "48": 0.0005757259544456839,
    "49": 0.002023281596452328,
    "50": 0.0024355591637913536,
    "51": 0.0015155970773859343,
    "52": 0.0016776800082172081,
    "53": 0.0020290649849191117,
    "54": 0,
    "55": 0.0020630539009152985,
    "56": 0.001907711023251956,
    "57": 0.0019440791354565726,
    "58": 0.0019723373445848106,
    "59": 0,
    "60": 0.0018691034237227793,
    "61": 0.002018704962436756,
    "62": 0.0024365602900101027,
    "63": 0.0021166509877704608,
    "64": 0.001946787800129786,
    "65": 0.0010312177744445487,
    "66": 0.28176037517535146,
    "67": 0.0018606224627875508,
    "68": 0.0017250710323366257,
    "69": 0.0011743381583314188,
    "70": 0.002614562833848749,
    "71": 0,
    "72": 0.0009948575672229462,
    "73": 0,
    "74": 0.0019523504469052195,
    "75": 0.0025982759674756987,
    "76": 0.0018662833219843132,
    "77": 0.0020598534561398346,
    "78": 0.0021604938271604936,
    "79": 0.0021265448269485623,
    "80": 0.00204243458202177,
    "81": 0.0014496853122127147,
    "82": 0.0020209398587776968,
    "83": 0.0018075581150952121,
    "84": 0.0021297561905972854,
    "85": 0,
    "86": 0.0022113955979406377,
    "87": 0.00190951821386604,
    "88": 0.002431751729728165,
    "89": 0.0016109412499589046,
    "90": 0.0017143647172680769,
    "91": 0,
    "92": 0.0022876520615782107,
    "93": 0.0002219451534359068,
    "94": 0.0020714655618850335,
    "95": 0.0017861202221284057,
    "96": 0.0019092929356161383,
    "97": 0,
    "98": 0.0005898606066250659,
    "99": 0.0018725442043222003,
    "100": 0.0008981498113885396,
    "101": 0.002024701356549909,
    "102": 0.0004481848513520243,
    "103": 0.0019181052456008674,
    "104": 0.001847514103790703,
    "105": 0,
    "106": 0.0029315960912052116,
    "107": 0.002208666386201094,
    "108": 0.0017840076457470533,
    "109": 0.0019711985982587745,
    "110": 0.0020668274199104374,
    "111": 6.203329637182757e-05,
    "112": 0.0020912013483566903,
    "113": 0.0018714544710216972,
    "114": 0.00213578571787527,
    "115": 0.002021102689849903,
    "116": 0.0020665128796616685,
    "117": 0.0021536654266774815,
    "118": 0.0018765133171912832,
    "119": 0.002731148414601652,
    "120": 0.0019381502066410147,
    "121": 0.001706004761815489,
    "122": 0.001984455101703324,
    "123": 0.002219434526681463,
    "124": 0.001395722111727555,
    "125": 0.002116371437683008,
    "126": 0.0016272023341936932,
    "127": 0.0018696393933020168,
    "128": 0.0020680973504375974,
    "129": 0.0018471768979742627,
    "130": 0.0021369347807504917,
    "131": 0.0021196283391405344,
    "132": 0.0019831698558181914,
    "133": 0.002128298863238019,
    "134": 0.001682518971259829,
    "136": 0.00044581727860395506,
    "137": 0,
    "138": 0.002288541827740838,
    "139": 0.001848605577689243,
    "140": 0.0019831873076012313,
    "141": 0.00224929161919785,
    "142": 0.0016259000518143972,
    "143": 0.0016028495102404273,
    "144": 0,
    "145": 0.0028519493543938826,
    "146": 0.0011286307053941908,
    "147": 0.001504621336963531,
    "148": 0.00023734445461634965,
    "149": 0.00277687030382228,
    "150": 0.0020216922110209545,
    "151": 0.001422314852628466,
    "152": 0.0019727756954034327,
    "153": 0.0025131880163232804,
    "154": 0,
    "155": 0.0023001095290251915,
    "156": 0.0020859512440311637,
    "157": 0.00028935185185185184,
    "158": 0.0024324443854760957,
    "159": 0,
    "160": 0.0017649605381464585,
    "161": 0.0011889321227842628,
    "162": 0.00266545832555908,
    "163": 0.001978977420192058,
    "164": 0.0022670082292398724,
    "165": 0.0020252285615090845,
    "166": 0.002074074074074074,
    "167": 0,
    "168": 0.0018450781730489107,
    "169": 0.0016923076923076924,
    "170": 0.0021097710740939006,
    "171": 0.002139845175907861,
    "172": 0.0018465705082172388,
    "173": 0.0019236053860950811,
    "174": 0,
    "175": 0.0020699300699300698,
    "176": 0.0019060270886880181,
    "177": 0.0020851220409665154,
    "178": 0.001975383680291749,
    "179": 0.001835298915814159,
    "180": 0.002007136485280999,
    "181": 0.001997826925099015,
    "182": 0.0025378099386124354,
    "183": 0,
    "184": 0.001186367558239862,
    "185": 0.0015091017700506178,
    "186": 0.002097635392829901,
    "187": 0,
    "188": 0.001816501481882788,
    "189": 0.0014543291080665686,
    "190": 0.0022141340612678194,
    "191": 0.002093052578489472,
    "192": 0.0019730351857941467,
    "193": 0.0019886363636363634,
    "194": 0.0020953378732320588,
    "195": 0.0017159266003641967,
    "196": 0.0020023411989402995
}