{
    "0": 0.0010921758779775916,
    "1": 0.0072823793643231475,
    "2": 0.006724151570287161,
    "3": 0.008289241622574956,
    "4": 0,
    "5": 0.0035919540229885057,
    "6": 0.008994868699064292,
    "7": 0.0038729666924864447,
    "8": 0.004397025541545425,
    "9": 0.0059469941822883,
    "10": 0.005144801261306116,
    "11": 0.007344349858120514,
    "12": 0.004965243296921549,
    "13": 0.016819257278057814,
    "14": 0.006756756756756757,
    "15": 0.00512932445705555,
    "16": 0,
    "17": 0.005293159609120521,
    "18": 0,
    "19": 0.005658242172764994,
    "20": 0.006394389438943895,
    "21": 0.005915183895434814,
    "22": 0.005423249233671304,
    "23": 0.004839760493903764,
    "24": 0,
    "25": 0,
    "26": 0.006242197253433208,
    "27": 0.00989187945709685,
    "28": 0.0063334307707298065,
    "29": 0.006206756206756207,
    "30": 0.004047322540473225,
    "31": 0,
    "32": 0.011130638547158758,
    "33": 0,
    "34": 0.025517028500874575,
    "35": 0,
    "36": 23.469135802469136,
    "37": 0.008944854537559705,
    "38": 0.004222150048717116,
    "39": 0.00535568750727675,
    "40": 0.008610297916307904,
    "41": 0.004920356934367443,
    "42": 0.00585321927059883,
    "43": 0,
    "44": 0.0074011418904631,
    "45": 0.010623556581986143,
    "46": 0.0038585209003215433,
    "47": 0.0038989974006683995,
    "48": 0.012307692307692308,
    "49": 0.005297905289754666,
    "50": 0.009311512415349887,
    "51": 0.02691873009349635,
    "52": 0.005164146071560309,
    "53": 0.004337197381909944,
    "54": 0,
    "55": 0.00451382358472823,
    "56": 0.005263157894736842,
    "57": 0.007372111840330846,
    "58": 0.0051174548369196625,
    "59": 0,
    "60": 0.00382717292778729,
    "61": 0.004238669709814151,
    "62": 0.010526315789473684,
    "63": 0.0060730727789205605,
    "64": 0.004169509514062618,
    "65": 0.007701429042944635,
    "66": 6.208673516903114e-05,
    "67": 0.007292932800833478,
    "68": 0.018837746578994136,
    "69": 0.006164742917103882,
    "70": 0.011930306411466828,
    "71": 0,
    "72": 0.002381153068105192,
    "73": 0,
    "74": 0.004555555555555556,
    "75": 0.016539295083837117,
    "76": 0.004039383993940924,
    "77": 0.004903883876029816,
    "78": 0.0076035483225505235,
    "79": 0.009186046511627907,
    "80": 0.004381037968995732,
    "81": 0.005571651437486071,
    "82": 0.003995136355740838,
    "83": 0.0031125131440588854,
    "84": 0.007183908045977011,
    "85": 0,
    "86": 0.011714174150722375,
    "87": 0.004979982423591446,
    "88": 0.016025033187938555,
    "89": 0.0049833887043189366,
    "90": 0.03724780134505949,
    "91": 0,
    "92": 0.005164284110470773,
    "93": 0.00013910785495687656,
    "94": 0.006093507644582318,
    "95": 0.00470756062767475,
    "96": 0.005766871165644172,
    "97": 0,
    "98": 0.0014289116456299119,
    "99": 0.040980607391145264,
    "100": 0.005732801595214357,
    "101": 0.00613300964671309,
    "102": 0.0004891470498318557,
    "103": 0.004517824872679481,
    "104": 0.008009858287122612,
    "105": 0,
    "106": 0.013780524875873949,
    "107": 0.022996870678989884,
    "108": 0.0050006579813133304,
    "109": 0.0038446449588073754,
    "110": 0.005804988662131519,
    "111": 0.0032930004594884364,
    "112": 0.005450581395348837,
    "113": 0.004323181861850322,
    "114": 0.006845443697795641,
    "115": 0.005279187817258883,
    "116": 0.004550817461655149,
    "117": 0.005523937060595916,
    "118": 0.0061802016697386965,
    "119": 0.01522760408229386,
    "120": 0.004874158099964551,
    "121": 0.021934758155230598,
    "122": 0.0037232894452838335,
    "123": 0.01020408163265306,
    "124": 0.004726674886970818,
    "125": 0.004479283314669653,
    "126": 0.0208602676543555,
    "127": 0.00491128010139417,
    "128": 0.00532748354747728,
    "129": 0.004716438513746693,
    "130": 0.005309734513274336,
    "131": 0.005069946483898226,
    "132": 0.004514171538518463,
    "133": 0.005213181902811394,
    "134": 0.005245410266017235,
    "135": 0.00044581727860395506,
    "137": 0,
    "138": 0.006554307116104869,
    "139": 0.008492569002123142,
    "140": 0.0057131402225117775,
    "141": 0.005069829730246796,
    "142": 0.02148941662364481,
    "143": 0.005594405594405594,
    "144": 0,
    "145": 0.017148579296532733,
    "146": 0.001575795776867318,
    "147": 0.005821004123211254,
    "148": 0.013064652532734537,
    "149": 0.015266044167778272,
    "150": 0.00476488048742384,
    "151": 0.010647010647010647,
    "152": 0.00512125320078325,
    "153": 0.010101632275947028,
    "154": 0,
    "155": 0.008862863021286698,
    "156": 0.006150756291972636,
    "157": 0.001568627450980392,
    "158": 0.008707931277947752,
    "159": 0,
    "160": 0.00561077268355242,
    "161": 0.004801617386909275,
    "162": 0.018903167961745366,
    "163": 0.005251951738821859,
    "164": 0.011333000499251124,
    "165": 0.00755949603359776,
    "166": 0.006645856409223643,
    "167": 0,
    "168": 0.005206867435969603,
    "169": 0.022100261519761317,
    "170": 0.005136557253821098,
    "171": 0.005248031988004498,
    "172": 0.0045443577575806325,
    "173": 0.004009801737580753,
    "174": 0,
    "175": 0.004935999330711955,
    "176": 0.0064862861378799114,
    "177": 0.00866689474284411,
    "178": 0.005046072838964458,
    "179": 0.005673758865248227,
    "180": 0.004720496894409938,
    "181": 0.01103097157403479,
    "182": 0.010622437569884458,
    "183": 0,
    "184": 0.006242197253433208,
    "185": 0.005508262393590386,
    "186": 0.004411423264453216,
    "187": 0,
    "188": 0.009978712080894092,
    "189": 0.007378448323330213,
    "190": 0.008651845361953785,
    "191": 0.006075180356916846,
    "192": 0.004967279034928645,
    "193": 0.005832382401420058,
    "194": 0.006161721490188643,
    "195": 0.006080939400293563,
    "196": 0.005653628706588208
}