{
    "0": 0.004386535566253415,
    "1": 0.26366159441094844,
    "2": 0.323903482705337,
    "3": 0.2951959544879899,
    "4": 0,
    "5": 0.1718972895863053,
    "6": 0.25584338874356594,
    "7": 0.26849289798930087,
    "8": 0.26382900651316393,
    "9": 0.2551454328967511,
    "10": 0.40682846565199504,
    "11": 0.1723552706015463,
    "12": 0.338172853033831,
    "13": 0.22029972752043597,
    "14": 0.24439544285189269,
    "15": 0.3136543014996054,
    "16": 0,
    "17": 0.14549356223175966,
    "18": 0,
    "19": 0.3142345568487019,
    "20": 0.3221415607985481,
    "21": 0.18497323241646668,
    "22": 0.06737513283740701,
    "23": 0.13816814192911142,
    "24": 0,
    "25": 0,
    "26": 0.0290035218562254,
    "27": 0.2841219538848213,
    "28": 0.29556513276796886,
    "29": 0.3120755831118984,
    "30": 0.2611689917005121,
    "31": 0,
    "32": 0.10626808100289296,
    "33": 0,
    "34": 0.1837601650685763,
    "35": 0,
    "36": 0.00818349469801752,
    "37": 0.27421505637046917,
    "38": 0.29734848484848486,
    "39": 0.310948175304116,
    "40": 0.2056378016629487,
    "41": 0.1980481595417418,
    "42": 0.21561065197428833,
    "43": 0,
    "44": 0.2778264680105171,
    "45": 0.29998678472313994,
    "46": 0.25761145342515407,
    "47": 0.24199623352165725,
    "48": 0.01700122900450635,
    "49": 0.2806732443412652,
    "50": 0.26896194667356976,
    "51": 0.12582704585026117,
    "52": 0.1862126944094157,
    "53": 0.2596860937328504,
    "54": 0,
    "55": 0.3145741150442478,
    "56": 0.29656227925594536,
    "57": 0.32468921267210266,
    "58": 0.26727096717416177,
    "59": 0,
    "60": 0.2803105151729005,
    "61": 0.28094562647754134,
    "62": 0.3028937036498473,
    "63": 0.3114754098360656,
    "64": 0.22570532915360503,
    "65": 0.05117620077321276,
    "66": 0.00026183655238271264,
    "67": 0.20746973117176276,
    "68": 0.1859446545888911,
    "69": 0.01544329123421283,
    "70": 0.2615276311158043,
    "71": 0,
    "72": 0.04910311880295655,
    "73": 0,
    "74": 0.22427101200686106,
    "75": 0.2504825538233111,
    "76": 0.23953084274543876,
    "77": 0.3681150550795594,
    "78": 0.2586480186480187,
    "79": 0.3091388980534477,
    "80": 0.2354169890143896,
    "81": 0.086710056686962,
    "82": 0.23885375810453854,
    "83": 0.18107444777747478,
    "84": 0.2901433691756272,
    "85": 0,
    "86": 0.13167402649538337,
    "87": 0.32800465048684785,
    "88": 0.26670092497430625,
    "89": 0.2077542062911485,
    "90": 0.17909547738693468,
    "91": 0,
    "92": 0.3177475553557379,
    "93": 0.0008059935213473141,
    "94": 0.3293715402149137,
    "95": 0.24843462246777165,
    "96": 0.3305932809149392,
    "97": 0,
    "98": 0.003721820501914079,
    "99": 0.2518563418699803,
    "100": 0.02876655629139073,
    "101": 0.25615322652823774,
    "102": 0.002016942315449778,
    "103": 0.3039546660236315,
    "104": 0.24079814025571483,
    "105": 0,
    "106": 0.2012279163012154,
    "107": 0.19689165988976234,
    "108": 0.23496715512885297,
    "109": 0.27721221613155833,
    "110": 0.28711466529085516,
    "111": 6.591957811470006e-05,
    "112": 0.2881583361288158,
    "113": 0.3163250883392226,
    "114": 0.25269240872077753,
    "115": 0.3028888240443537,
    "116": 0.23483033160701863,
    "117": 0.28036605657237934,
    "118": 0.32992490813228953,
    "119": 0.12896657050738164,
    "120": 0.31091998957518896,
    "121": 0.0692809005406206,
    "122": 0.22904036670116812,
    "123": 0.24140350877192981,
    "124": 0.13231552162849872,
    "125": 0.3103825136612022,
    "126": 0.0666005800932555,
    "127": 0.21691542288557214,
    "128": 0.30909639462965754,
    "129": 0.3088065843621399,
    "130": 0.3181579637890318,
    "131": 0.32375505649323477,
    "132": 0.2729186401431428,
    "133": 0.2534121533512997,
    "134": 0.1642621599340478,
    "135": 0.002288541827740838,
    "136": 0.006554307116104869,
    "137": 0,
    "139": 0.23219086021505375,
    "140": 0.3130016051364366,
    "141": 0.3385326400924321,
    "142": 0.0649671609452231,
    "143": 0.07267318317042074,
    "144": 0,
    "145": 0.19338990620812863,
    "146": 0.0050381263616557734,
    "147": 0.04990524320909665,
    "148": 0.0005525014503163071,
    "149": 0.1824381926683717,
    "150": 0.30860911825966214,
    "151": 0.08548082966687617,
    "152": 0.25257032007759456,
    "153": 0.21045414213116076,
    "154": 0,
    "155": 0.23435025862978992,
    "156": 0.2533543804262036,
    "157": 0.0022601191699198686,
    "158": 0.15888611127260044,
    "159": 0,
    "160": 0.24888074888074888,
    "161": 0.026716760592778124,
    "162": 0.16338128218788847,
    "163": 0.25783713596735297,
    "164": 0.20168121986185325,
    "165": 0.2987813044060533,
    "166": 0.3200531208499336,
    "167": 0,
    "168": 0.294901506373117,
    "169": 0.06699579588845606,
    "170": 0.32126126126126126,
    "171": 0.31934731934731936,
    "172": 0.17194407319831398,
    "173": 0.31415215989684075,
    "174": 0,
    "175": 0.32379158819836784,
    "176": 0.2976570820021299,
    "177": 0.2951682347313028,
    "178": 0.32001278772378516,
    "179": 0.18854463921728495,
    "180": 0.3164385250955728,
    "181": 0.08794070512820513,
    "182": 0.12138508371385083,
    "183": 0,
    "184": 0.02922279792746114,
    "185": 0.23164475793523565,
    "186": 0.2758012997026104,
    "187": 0,
    "188": 0.2051116143642834,
    "189": 0.10323976831519317,
    "190": 0.3017522096449062,
    "191": 0.2617983553807651,
    "192": 0.2686037484751026,
    "193": 0.281634066124286,
    "194": 0.3440782846452727,
    "195": 0.11482953357038277,
    "196": 0.3432399931283285
}