{
    "0": 0.0038583019688687987,
    "1": 0.18953284806044413,
    "2": 0.19731281829017228,
    "3": 0.21654711847637892,
    "4": 0,
    "5": 0.11873791527509228,
    "6": 0.15904665472388815,
    "7": 0.17423851316468766,
    "8": 0.16467192937781172,
    "9": 0.21504986400725296,
    "10": 0.20340347246176843,
    "11": 0.13041692339289382,
    "12": 0.2204996796925048,
    "13": 0.15433060641475133,
    "14": 0.19815396700706991,
    "15": 0.2598271081389659,
    "16": 0,
    "17": 0.1631467793030623,
    "18": 0,
    "19": 0.2668938103350369,
    "20": 0.22647058823529412,
    "21": 0.12155923090409677,
    "22": 0.0679383328978312,
    "23": 0.09124868530809124,
    "24": 0,
    "25": 0,
    "26": 0.027158595951831923,
    "27": 0.1852877808556479,
    "28": 0.1795605252892992,
    "29": 0.23473282442748092,
    "30": 0.17204301075268819,
    "31": 0,
    "32": 0.08977500556916908,
    "33": 0,
    "34": 0.13575052592500927,
    "35": 0,
    "36": 0.010435690060005217,
    "37": 0.17112908738749003,
    "38": 0.20128118678354687,
    "39": 0.22805264034649342,
    "40": 0.17120359955005623,
    "41": 0.31769923397392824,
    "42": 0.2230491175845205,
    "43": 0,
    "44": 0.2130832841110455,
    "45": 0.23057710003943735,
    "46": 0.1760357572631941,
    "47": 0.1676470588235294,
    "48": 0.020266803488968702,
    "49": 0.233313713949382,
    "50": 0.18181818181818182,
    "51": 0.0933894785417628,
    "52": 0.176025390625,
    "53": 0.20679793202067978,
    "54": 0,
    "55": 0.21381317808944164,
    "56": 0.24678418294425916,
    "57": 0.1931582162492364,
    "58": 0.1693121693121693,
    "59": 0,
    "60": 0.2546108861898336,
    "61": 0.18859221147875455,
    "62": 0.19117040297070553,
    "63": 0.21000136630687252,
    "64": 0.15004378709740196,
    "65": 0.03057459818977953,
    "66": 0.00024832381425378696,
    "67": 0.17064303567371053,
    "68": 0.15067284359144054,
    "69": 0.014065817409766455,
    "70": 0.16113378184625565,
    "71": 0,
    "72": 0.03647518878101402,
    "73": 0,
    "74": 0.17339422510312316,
    "75": 0.1624763842464758,
    "76": 0.1805909322465614,
    "77": 0.24289813486370157,
    "78": 0.18322453724403112,
    "79": 0.16985718626557278,
    "80": 0.15479651162790697,
    "81": 0.07276351856466484,
    "82": 0.15885947046843177,
    "83": 0.11917178706046368,
    "84": 0.21877296105804556,
    "85": 0,
    "86": 0.11054813450023031,
    "87": 0.21794340924775707,
    "88": 0.16440019426906266,
    "89": 0.37228541882109617,
    "90": 0.14083930399181166,
    "91": 0,
    "92": 0.1974076741076021,
    "93": 0.0006882472122121348,
    "94": 0.23263224984066283,
    "95": 0.26830318690783805,
    "96": 0.2416934619506967,
    "97": 0,
    "98": 0.003681710213776722,
    "99": 0.20047058823529412,
    "100": 0.029033915724563205,
    "101": 0.19351181651696173,
    "102": 0.0020164986251145736,
    "103": 0.21220863143318716,
    "104": 0.22410791993037424,
    "105": 0,
    "106": 0.12636620410168242,
    "107": 0.11737531012062623,
    "108": 0.2590775269872424,
    "109": 0.21707235745248415,
    "110": 0.21193650793650792,
    "111": 0.0001045726780112178,
    "112": 0.24442082890541977,
    "113": 0.23194232635519202,
    "114": 0.16852356193777338,
    "115": 0.2724467756865165,
    "116": 0.15449989104380038,
    "117": 0.16600833881939872,
    "118": 0.23563488335681854,
    "119": 0.10404515522107244,
    "120": 0.23820572312451663,
    "121": 0.046904866931333625,
    "122": 0.1515235842493391,
    "123": 0.17377167630057805,
    "124": 0.1367827868852459,
    "125": 0.20670826833073322,
    "126": 0.04486922263159815,
    "127": 0.164380714879468,
    "128": 0.2084121670790278,
    "129": 0.23149528067560854,
    "130": 0.19965870307167236,
    "131": 0.21280801159573065,
    "132": 0.16050930838236713,
    "133": 0.18665434070089923,
    "134": 0.1622146673142302,
    "135": 0.001848605577689243,
    "136": 0.008492569002123142,
    "137": 0,
    "138": 0.23219086021505375,
    "140": 0.20152038700760194,
    "141": 0.20182394924662966,
    "142": 0.043465127206820164,
    "143": 0.06821705426356589,
    "144": 0,
    "145": 0.13215859030837004,
    "146": 0.0039209535759096616,
    "147": 0.04763137457934248,
    "148": 0.0007671980223339868,
    "149": 0.1437488525794015,
    "150": 0.21309314586994726,
    "151": 0.05192871434553999,
    "152": 0.1703982563899346,
    "153": 0.1309496697790936,
    "154": 0,
    "155": 0.12937165124208475,
    "156": 0.1870808929632459,
    "157": 0.002320185614849188,
    "158": 0.09912101277019184,
    "159": 0,
    "160": 0.23909006499535748,
    "161": 0.02840761011206672,
    "162": 0.11087756174461377,
    "163": 0.2092471843509188,
    "164": 0.12209302325581395,
    "165": 0.20881399870382372,
    "166": 0.21988337363106245,
    "167": 0,
    "168": 0.31384892086330934,
    "169": 0.04508998810391803,
    "170": 0.233742774566474,
    "171": 0.23277567907897104,
    "172": 0.12146669302233642,
    "173": 0.25538971807628524,
    "174": 0,
    "175": 0.21755589731456287,
    "176": 0.24918211559432935,
    "177": 0.1713260577066826,
    "178": 0.21934181931077304,
    "179": 0.20258410531448073,
    "180": 0.21356169171618317,
    "181": 0.07961026615969581,
    "182": 0.0990484429065744,
    "183": 0,
    "184": 0.027158595951831923,
    "185": 0.19538461538461538,
    "186": 0.18139244458320325,
    "187": 0,
    "188": 0.16880193905817176,
    "189": 0.07526178010471204,
    "190": 0.2280018688677776,
    "191": 0.1776126962687827,
    "192": 0.2554890219560878,
    "193": 0.2478139534883721,
    "194": 0.21717643916121276,
    "195": 0.0915032679738562,
    "196": 0.22633744855967078
}