{
    "0": 0.003710859044740718,
    "1": 0.18120550545799716,
    "2": 0.20160274756725816,
    "3": 0.21352405721716514,
    "4": 0,
    "5": 0.13844111511473545,
    "6": 0.16496778928484057,
    "7": 0.18197463768115943,
    "8": 0.1906729092077481,
    "9": 0.20625364148378325,
    "10": 0.21496247077642427,
    "11": 0.15384615384615385,
    "12": 0.21815480210725383,
    "13": 0.1464867010718539,
    "15": 0.2351748606183477,
    "16": 0,
    "17": 0.16455696202531644,
    "18": 0,
    "19": 0.2332093205404347,
    "20": 0.2273155416012559,
    "21": 0.13838927004141172,
    "22": 0.07732755954222084,
    "23": 0.09398789409187122,
    "24": 0,
    "25": 0,
    "26": 0.03125948406676783,
    "27": 0.18162370306984704,
    "28": 0.2246280748269259,
    "29": 0.23360399750156152,
    "30": 0.17676592797783933,
    "31": 0,
    "32": 0.09905298182748912,
    "33": 0,
    "34": 0.12320990839891627,
    "35": 0,
    "36": 0.008173618940248028,
    "37": 0.18517609522640816,
    "38": 0.2021301775147929,
    "39": 0.2291404988336623,
    "40": 0.18470196981325146,
    "41": 0.15452588648464938,
    "42": 0.20483025746183642,
    "43": 0,
    "44": 0.2388888888888889,
    "45": 0.20580723215485952,
    "46": 0.16825817860300618,
    "47": 0.16641247246229451,
    "48": 0.015578190533253445,
    "49": 0.2151914020045888,
    "50": 0.19923788786064237,
    "51": 0.09803451581975071,
    "52": 0.1919617762788083,
    "53": 0.1934716082964978,
    "54": 0,
    "55": 0.2264420331239292,
    "56": 0.20136438485062338,
    "57": 0.2340309123238955,
    "58": 0.1699534490055015,
    "59": 0,
    "60": 0.21371394049237274,
    "61": 0.1762358276643991,
    "62": 0.18913392726741637,
    "63": 0.2307577342699148,
    "64": 0.18013018888058904,
    "65": 0.033410480857501194,
    "66": 0.00020271007780948373,
    "67": 0.19427671304804411,
    "68": 0.17948058626896374,
    "69": 0.013101641152944422,
    "70": 0.16731197934999414,
    "71": 0,
    "72": 0.037205909173809955,
    "73": 0,
    "74": 0.18952134540750323,
    "75": 0.17366502931389638,
    "76": 0.16013015927384827,
    "77": 0.26829652996845427,
    "78": 0.16456728590847303,
    "79": 0.20797376596479117,
    "80": 0.1573262839879154,
    "81": 0.08625257580217839,
    "82": 0.15721749980503782,
    "83": 0.12062463483295267,
    "84": 0.22062350119904076,
    "85": 0,
    "86": 0.12774504552758437,
    "87": 0.21819515774027878,
    "88": 0.1894020288307528,
    "89": 0.1849039749888343,
    "90": 0.14801915542011318,
    "91": 0,
    "92": 0.18981136097197057,
    "93": 0.0006604096093482922,
    "94": 0.23804609563123494,
    "95": 0.2163884007029877,
    "96": 0.285977105478332,
    "97": 0,
    "98": 0.0039713041250320266,
    "99": 0.21909043748919246,
    "100": 0.032846715328467155,
    "101": 0.17213186813186812,
    "102": 0.001649222962258167,
    "103": 0.21664222873900293,
    "104": 0.233252427184466,
    "105": 0,
    "106": 0.13431255789334393,
    "107": 0.1339572437838334,
    "108": 0.20212975744429107,
    "109": 0.20407929414460868,
    "110": 0.19301686936053356,
    "111": 5.7369055131661984e-05,
    "112": 0.23984048613748576,
    "113": 0.23114247904719895,
    "114": 0.1759909792696678,
    "115": 0.23690812166823455,
    "116": 0.15751303165369795,
    "117": 0.1913387715930902,
    "118": 0.2457123450500934,
    "119": 0.10628523700146168,
    "120": 0.2205530444030843,
    "121": 0.04794675090252708,
    "122": 0.15609155439663913,
    "123": 0.19885667619436503,
    "124": 0.1559301625526791,
    "125": 0.22772417707150966,
    "126": 0.04557150848405743,
    "127": 0.1543557936284184,
    "128": 0.22377400412632917,
    "129": 0.23836895994251842,
    "130": 0.216376582278481,
    "131": 0.23959994202058268,
    "132": 0.19854747410018156,
    "133": 0.16702010348630078,
    "134": 0.17184897279289282,
    "135": 0.0016245897910777529,
    "136": 0.006756756756756757,
    "137": 0,
    "138": 0.24439544285189269,
    "139": 0.19815396700706991,
    "140": 0.22901696988228099,
    "141": 0.2026685393258427,
    "142": 0.044491670665661204,
    "143": 0.07823960880195599,
    "144": 0,
    "145": 0.13054146900049077,
    "146": 0.004163775156141568,
    "147": 0.0552655818237642,
    "148": 0.00043348842585902957,
    "149": 0.13243724056137576,
    "150": 0.20268120881617815,
    "151": 0.05723192613392985,
    "152": 0.21132947976878613,
    "153": 0.13181782303259926,
    "154": 0,
    "155": 0.15918585966791646,
    "156": 0.17058468957203135,
    "157": 0.0030646644192460926,
    "158": 0.0982218939953417,
    "159": 0,
    "160": 0.22505040322580644,
    "161": 0.032827500774233506,
    "162": 0.10585135380701435,
    "163": 0.21467450468103635,
    "164": 0.12071757817366388,
    "165": 0.22077922077922077,
    "166": 0.2255455516557302,
    "167": 0,
    "168": 0.2704651162790698,
    "169": 0.04643573310266189,
    "170": 0.24652087475149106,
    "171": 0.24451472623048034,
    "172": 0.12266544863987008,
    "173": 0.24631061138439916,
    "174": 0,
    "175": 0.21846537741734248,
    "176": 0.22290331568682084,
    "177": 0.20181177654755914,
    "178": 0.22044622044622045,
    "179": 0.19707634001082838,
    "180": 0.20971086983042578,
    "181": 0.09123682750970605,
    "182": 0.10754810064134189,
    "183": 0,
    "184": 0.03125948406676783,
    "185": 0.23831959167648215,
    "186": 0.1959406713505074,
    "187": 0,
    "188": 0.20332278481012658,
    "189": 0.07761089543689938,
    "190": 0.23862675460848976,
    "191": 0.18928571428571428,
    "192": 0.2045532942393929,
    "193": 0.23792486583184258,
    "194": 0.2380813529669048,
    "195": 0.11695062084897488,
    "196": 0.24253933803581118
}