{
    "0": 0.004436958962657105,
    "1": 0.2917880553532411,
    "2": 0.3087333474307465,
    "3": 0.33532006198593395,
    "4": 0,
    "5": 0.20790805386396774,
    "6": 0.27923646907216493,
    "7": 0.3146097758574129,
    "8": 0.2983757062146893,
    "9": 0.22531645569620254,
    "10": 0.3694259962049336,
    "11": 0.15509330070357907,
    "12": 0.3360234776228907,
    "13": 0.25311812179016874,
    "14": 0.22901696988228099,
    "15": 0.32011173184357544,
    "16": 0,
    "17": 0.1339118597924111,
    "18": 0,
    "19": 0.2661525029103609,
    "20": 0.4747346744812292,
    "21": 0.2493675689349861,
    "22": 0.055245901639344265,
    "23": 0.17530264476829363,
    "24": 0,
    "25": 0,
    "26": 0.021690590111642743,
    "27": 0.3100369458128079,
    "28": 0.3058058058058058,
    "29": 0.3434151634341516,
    "30": 0.30179445350734097,
    "31": 0,
    "32": 0.08588770864946889,
    "33": 0,
    "34": 0.16183826594414338,
    "35": 0,
    "36": 0.006921783842578859,
    "37": 0.2605995717344754,
    "38": 0.3304735376044568,
    "39": 0.28758815232722146,
    "40": 0.18533638145003264,
    "41": 0.1953125,
    "42": 0.20228310502283106,
    "43": 0,
    "44": 0.3083612040133779,
    "45": 0.28531663187195544,
    "46": 0.2866302746729053,
    "47": 0.27946183871771446,
    "48": 0.012166218991941855,
    "49": 0.2975782254607801,
    "50": 0.26578493387004026,
    "51": 0.1543669985775249,
    "52": 0.15404828379044178,
    "53": 0.2639,
    "54": 0,
    "55": 0.49660684662946764,
    "56": 0.32317676823231767,
    "57": 0.36672539642587465,
    "58": 0.2917435811377748,
    "59": 0,
    "60": 0.26713338246131174,
    "61": 0.290558393517703,
    "62": 0.28715619480191773,
    "63": 0.31242078580481625,
    "64": 0.28641163578402073,
    "65": 0.06173504228607449,
    "66": 0.00029708174318425923,
    "67": 0.17329453604914322,
    "68": 0.17384266752994496,
    "69": 0.014053806000114724,
    "70": 0.2723960565795114,
    "71": 0,
    "72": 0.06056001251424613,
    "73": 0,
    "74": 0.26626043184527753,
    "75": 0.21541893901834408,
    "76": 0.25695070942343967,
    "77": 0.42162941600576787,
    "78": 0.27287011173184356,
    "79": 0.2904540981301842,
    "80": 0.26989984185556143,
    "81": 0.07423152387181164,
    "82": 0.26159853008727607,
    "83": 0.21401535633178329,
    "84": 0.2413593637020969,
    "85": 0,
    "86": 0.11861693612934208,
    "87": 0.4863161131611316,
    "88": 0.3110518015285697,
    "89": 0.17973033041932138,
    "90": 0.20989647639851838,
    "91": 0,
    "92": 0.33139172040773873,
    "93": 0.0008352379289136592,
    "94": 0.4399158984311823,
    "95": 0.20742713419144843,
    "96": 0.2976066597294485,
    "97": 0,
    "98": 0.003321952569899419,
    "99": 0.2590216519647153,
    "100": 0.02385144869537378,
    "101": 0.29621264767199446,
    "102": 0.0021301523058898713,
    "103": 0.44843970720431486,
    "104": 0.21261572257963282,
    "105": 0,
    "106": 0.19020550940096195,
    "107": 0.2265988622651267,
    "108": 0.20373961218836564,
    "109": 0.2892298187808896,
    "110": 0.2984078670100679,
    "111": 8.362680146068146e-05,
    "112": 0.2503116775176617,
    "113": 0.34898012552301255,
    "114": 0.30612774796607234,
    "115": 0.2843273231622746,
    "116": 0.26987951807228916,
    "117": 0.3102681054622316,
    "118": 0.3008669737198591,
    "119": 0.10619347766511374,
    "120": 0.33913674283641637,
    "121": 0.07545685369953152,
    "122": 0.2636252075362737,
    "123": 0.23334816792760718,
    "124": 0.10797041906327033,
    "125": 0.45772720725910987,
    "126": 0.07131739068911844,
    "127": 0.25381985627572734,
    "128": 0.5441277472527473,
    "129": 0.33274179236912155,
    "130": 0.6120262274108428,
    "131": 0.3603533385294882,
    "132": 0.30868780096308185,
    "133": 0.27464091134224866,
    "134": 0.1360774818401937,
    "135": 0.0019831873076012313,
    "136": 0.0057131402225117775,
    "137": 0,
    "138": 0.3130016051364366,
    "139": 0.20152038700760194,
    "141": 0.30368362695577183,
    "142": 0.07069084232269911,
    "143": 0.06302590331628444,
    "144": 0,
    "145": 0.16604708798017348,
    "146": 0.0039849709666401004,
    "147": 0.041829427083333336,
    "148": 0.0006112469437652812,
    "149": 0.14852981588348446,
    "150": 0.3222708355565041,
    "151": 0.09999759389812565,
    "152": 0.2269133459835547,
    "153": 0.21962828649138713,
    "154": 0,
    "155": 0.27125628140703517,
    "156": 0.29433350401092334,
    "157": 0.0014272121788772598,
    "158": 0.16808958864619136,
    "159": 0,
    "160": 0.19990450421773037,
    "161": 0.022404900064474532,
    "162": 0.1518987341772152,
    "163": 0.22073829531812725,
    "164": 0.22422599155053913,
    "165": 0.31289537712895377,
    "166": 0.49037247474747475,
    "167": 0,
    "168": 0.2797225358928859,
    "169": 0.07154507710557532,
    "170": 0.31249037424919146,
    "171": 0.3111383860079779,
    "172": 0.2164493167766405,
    "173": 0.3392987050778408,
    "174": 0,
    "175": 0.4658970276008493,
    "176": 0.3197312156383629,
    "177": 0.29046563192904656,
    "178": 0.31181452172705815,
    "179": 0.14425043259399087,
    "180": 0.4797062750333778,
    "181": 0.07637683446425754,
    "182": 0.10200997430859907,
    "183": 0,
    "184": 0.021690590111642743,
    "185": 0.25288667141838916,
    "186": 0.29388297872340424,
    "187": 0,
    "188": 0.2240764512908287,
    "189": 0.13322818424695013,
    "190": 0.32418812989921614,
    "191": 0.2929717669269716,
    "192": 0.30386798402354426,
    "193": 0.2503584743332377,
    "194": 0.566936790923825,
    "195": 0.09931170108161258,
    "196": 0.3220338983050847
}