{
    "0": 0.004544556411776329,
    "1": 0.3289095127610209,
    "2": 0.35904979840906615,
    "3": 0.30199335548172757,
    "4": 0,
    "5": 0.21375714766229398,
    "6": 0.33504676834920366,
    "7": 0.3043666608906602,
    "8": 0.31526227923732536,
    "9": 0.23323813409492725,
    "10": 0.34843557250196255,
    "11": 0.2024568496345825,
    "12": 0.3119761166609255,
    "13": 0.26452639957548424,
    "14": 0.2026685393258427,
    "15": 0.2878338278931751,
    "16": 0,
    "17": 0.11338289962825279,
    "18": 0,
    "19": 0.2549073438572409,
    "20": 0.31667092815136794,
    "21": 0.2493643410852713,
    "22": 0.05264764230123607,
    "23": 0.1916767330397849,
    "24": 0,
    "25": 0,
    "26": 0.0214190093708166,
    "27": 0.30144956118725963,
    "28": 0.33316689551866185,
    "29": 0.29509610645638246,
    "30": 0.29828218812541696,
    "31": 0,
    "32": 0.09312092686459088,
    "33": 0,
    "34": 0.19459972576732412,
    "35": 0,
    "36": 0.006519274376417234,
    "37": 0.3693875133278048,
    "38": 0.307732716957344,
    "39": 0.2976010966415353,
    "40": 0.18567228841095468,
    "41": 0.19149912788029008,
    "42": 0.19552431501936596,
    "43": 0,
    "44": 0.30084205154376115,
    "45": 0.31054032164757606,
    "46": 0.3122274550845979,
    "47": 0.2805907172995781,
    "48": 0.013290017720023627,
    "49": 0.29782812012885795,
    "50": 0.3190351711026616,
    "51": 0.15786523152819823,
    "52": 0.14539332721150902,
    "53": 0.27456960157402854,
    "54": 0,
    "55": 0.3052482937161685,
    "56": 0.3012873754152824,
    "57": 0.37391090931402626,
    "58": 0.314906884638072,
    "59": 0,
    "60": 0.24685951365679382,
    "61": 0.32243950352710066,
    "62": 0.30807639495693423,
    "63": 0.3358913070826519,
    "64": 0.2801612438813706,
    "65": 0.07575534464063399,
    "66": 0.0002808349146110057,
    "67": 0.19447513812154696,
    "68": 0.18550272798129383,
    "69": 0.01403018446059251,
    "70": 0.34525837592277114,
    "71": 0,
    "72": 0.06304483188044832,
    "73": 0,
    "74": 0.2352797459076472,
    "75": 0.2336631244656162,
    "76": 0.2553072625698324,
    "77": 0.3920301561658589,
    "78": 0.334496373152144,
    "79": 0.33078014184397164,
    "80": 0.2762767220902613,
    "81": 0.07682832948421862,
    "82": 0.2864756314204063,
    "83": 0.2523652242064603,
    "84": 0.22270153680237262,
    "85": 0,
    "86": 0.11657641395908544,
    "87": 0.2998917358354385,
    "88": 0.32048849893289066,
    "89": 0.17308766052484645,
    "90": 0.21260861527084488,
    "91": 0,
    "92": 0.3129137437012153,
    "93": 0.000862590799031477,
    "94": 0.3074252136752137,
    "95": 0.20508855777340457,
    "96": 0.29320113314447593,
    "97": 0,
    "98": 0.003184150008844861,
    "99": 0.27819449927622053,
    "100": 0.02531455961653685,
    "101": 0.3007922310247892,
    "102": 0.0019739234325489583,
    "103": 0.3082308018667798,
    "104": 0.21927710843373494,
    "105": 0,
    "106": 0.2259173040682851,
    "107": 0.25245332175423363,
    "108": 0.19913192160989082,
    "109": 0.2870379595496662,
    "110": 0.31981406159209763,
    "111": 7.401102764311883e-05,
    "112": 0.2498673036093418,
    "113": 0.28619843403061823,
    "114": 0.33473205699798936,
    "115": 0.27921294060840174,
    "116": 0.27741024306846057,
    "117": 0.39287410926365796,
    "118": 0.29607563787074215,
    "119": 0.1207195203197868,
    "120": 0.29176782167291987,
    "121": 0.08566508824795523,
    "122": 0.27802561519643115,
    "123": 0.2850212249848393,
    "124": 0.09533898305084745,
    "125": 0.3110273327049953,
    "126": 0.08136110421175886,
    "127": 0.26173060999171954,
    "128": 0.2842418974295294,
    "129": 0.2686410693225003,
    "130": 0.32715765247410816,
    "131": 0.36290424059393483,
    "132": 0.3281421583308376,
    "133": 0.27400016093988894,
    "134": 0.13411300121506683,
    "135": 0.00224929161919785,
    "136": 0.005069829730246796,
    "137": 0,
    "138": 0.3385326400924321,
    "139": 0.20182394924662966,
    "140": 0.30368362695577183,
    "142": 0.08003419702748915,
    "143": 0.05987104697574455,
    "144": 0,
    "145": 0.19536382794099416,
    "146": 0.004109885355829548,
    "147": 0.04049749734566965,
    "148": 0.000551166636046298,
    "149": 0.1658379250100793,
    "150": 0.3816344659116145,
    "151": 0.12034207413249211,
    "152": 0.26387351778656126,
    "153": 0.25778398944017394,
    "154": 0,
    "155": 0.33396604450068545,
    "156": 0.28636176349402553,
    "157": 0.0013284132841328412,
    "158": 0.2046458273587611,
    "159": 0,
    "160": 0.1946610677864427,
    "161": 0.02145536384096024,
    "162": 0.18412930474333983,
    "163": 0.21626617375231053,
    "164": 0.24195998987085338,
    "165": 0.3364372959245374,
    "166": 0.3033444403307417,
    "167": 0,
    "168": 0.24158618671349136,
    "169": 0.08276555344577237,
    "170": 0.28467673027627455,
    "171": 0.2846383402017905,
    "172": 0.22058370157229473,
    "173": 0.2717922345075855,
    "174": 0,
    "175": 0.3183749046944777,
    "176": 0.26984478935698447,
    "177": 0.31808789089406253,
    "178": 0.29837227618797585,
    "179": 0.15191207467630233,
    "180": 0.31189021121475285,
    "181": 0.07670623145400593,
    "182": 0.10205538110191265,
    "183": 0,
    "184": 0.021574170510340725,
    "185": 0.20321264660887303,
    "186": 0.3303562155987122,
    "187": 0,
    "188": 0.22953296703296702,
    "189": 0.14137508860106965,
    "190": 0.3322006252548593,
    "191": 0.32262545580830004,
    "192": 0.2731731240804316,
    "193": 0.23855193840334998,
    "194": 0.3417705889616002,
    "195": 0.1083320306393622,
    "196": 0.3080104784227216
}