{
    "0": 0.006590663876142317,
    "1": 0.09369849878644414,
    "2": 0.0868069670721411,
    "3": 0.08608200750226361,
    "4": 0,
    "5": 0.06426240969470985,
    "6": 0.12476336428378257,
    "7": 0.08581222402974668,
    "8": 0.08916099243110552,
    "9": 0.045852480461543624,
    "10": 0.08695790511947564,
    "11": 0.04351815903716514,
    "12": 0.07637484349417317,
    "13": 0.11280971394191325,
    "14": 0.044491670665661204,
    "15": 0.05469030593920397,
    "16": 0,
    "17": 0.02033375403169261,
    "18": 0,
    "19": 0.05221641665262093,
    "20": 0.071475843812045,
    "21": 0.09405313122429447,
    "22": 0.010488895146246173,
    "23": 0.10792161192382003,
    "24": 0,
    "25": 0,
    "26": 0.0067627064914937834,
    "27": 0.1043011094509966,
    "28": 0.06675920844497531,
    "29": 0.061112190069269115,
    "30": 0.08711251435132032,
    "31": 0,
    "32": 0.031626024917474176,
    "33": 0,
    "34": 0.09346651717459994,
    "35": 0,
    "36": 0.023629916183107672,
    "37": 0.08494654724068189,
    "38": 0.0684461858699645,
    "39": 0.056627670566276704,
    "40": 0.03918876095912116,
    "41": 0.054002828003249195,
    "42": 0.03605384222184359,
    "43": 0,
    "44": 0.0691588165052408,
    "45": 0.07484654690362182,
    "46": 0.08380550416281221,
    "47": 0.08563756855575869,
    "48": 0.004214075010535188,
    "49": 0.07386908258866455,
    "50": 0.08783649712282558,
    "51": 0.11425855513307985,
    "52": 0.02478103711942166,
    "53": 0.0674714834649481,
    "54": 0,
    "55": 0.07155294724622727,
    "56": 0.077066269545793,
    "57": 0.08156475110637336,
    "58": 0.09340262740002887,
    "59": 0,
    "60": 0.05148810469142077,
    "61": 0.09003612016562418,
    "62": 0.08187212927884131,
    "63": 0.07173381177621921,
    "64": 0.0770374867202914,
    "65": 0.1256632031113949,
    "66": 0.00028664495114006516,
    "67": 0.03794839300172493,
    "68": 0.03731054611949221,
    "69": 0.013005263426848587,
    "70": 0.13194468393282063,
    "71": 0,
    "72": 0.03867329325635379,
    "73": 0,
    "74": 0.049590270551508844,
    "75": 0.09226722777485534,
    "76": 0.07354682302531432,
    "77": 0.07835623678646934,
    "78": 0.10193808964041354,
    "79": 0.06703929539295393,
    "80": 0.08930741190765493,
    "81": 0.017584828220641828,
    "82": 0.08644450012528189,
    "83": 0.09800595018563596,
    "84": 0.05049820375516844,
    "85": 0,
    "86": 0.03373948981046031,
    "87": 0.0688905474251225,
    "88": 0.09702193306056744,
    "89": 0.03140227395776936,
    "90": 0.10106692531522793,
    "91": 0,
    "92": 0.08691913142295525,
    "93": 0.0008447482650170249,
    "94": 0.06981284502490911,
    "95": 0.035863556694081165,
    "96": 0.05603535523918764,
    "97": 0,
    "98": 0.0013008228460793805,
    "99": 0.07110068346424564,
    "100": 0.00654791241287052,
    "101": 0.09148172989997376,
    "102": 0.0011219785848435328,
    "103": 0.0771414311560297,
    "104": 0.041799307958477507,
    "105": 0,
    "106": 0.09913037500429657,
    "107": 0.11861885622052727,
    "108": 0.0368921740859823,
    "109": 0.07077951679076128,
    "110": 0.07376603435590671,
    "111": 0.004216296802447471,
    "112": 0.054166387343299593,
    "113": 0.0626577627248618,
    "114": 0.10311439114391144,
    "115": 0.06483351795139115,
    "116": 0.08989136744340327,
    "117": 0.08617394074546034,
    "118": 0.05730649648175421,
    "119": 0.04430667927568211,
    "120": 0.06976524043922756,
    "121": 2.270107920993688,
    "122": 0.0916925762286587,
    "123": 0.05791009518515945,
    "124": 0.018078187285824183,
    "125": 0.06873039247070875,
    "126": 1.2504333311934261,
    "127": 0.08829370404165102,
    "128": 0.06580029610133245,
    "129": 0.0590513068731849,
    "130": 0.07775930425885663,
    "131": 0.0778903475909698,
    "132": 0.08182397378720306,
    "133": 0.09063931545132387,
    "134": 0.024232295801128054,
    "135": 0.0016259000518143972,
    "136": 0.02148941662364481,
    "137": 0,
    "138": 0.0649671609452231,
    "139": 0.043465127206820164,
    "140": 0.07069084232269911,
    "141": 0.08003419702748915,
    "143": 0.013864327650845299,
    "144": 0,
    "145": 0.07288011949838469,
    "146": 0.0014194464158978,
    "147": 0.00898488425354991,
    "148": 0.010742237454601258,
    "149": 0.0556471702747272,
    "150": 0.07945939289452619,
    "151": 0.10621805219262846,
    "152": 0.04982679589908674,
    "153": 0.12163830748381269,
    "154": 0,
    "155": 0.1034006615073376,
    "156": 0.09416727272727272,
    "157": 0.0008067061835782681,
    "158": 0.12253123740427246,
    "159": 0,
    "160": 0.033090509243350975,
    "161": 0.005385617233975149,
    "162": 0.1291142540572248,
    "163": 0.04057862745763863,
    "164": 0.13707086081515304,
    "165": 0.0709954765647557,
    "166": 0.06770034274522604,
    "167": 0,
    "168": 0.04259082868417472,
    "169": 1.0458491115642294,
    "170": 0.0527753422809739,
    "171": 0.05292075369939664,
    "172": 0.10439720442632498,
    "173": 0.05681968078089962,
    "174": 0,
    "175": 0.07958662843819907,
    "176": 0.06676840900419687,
    "177": 0.06583240824839372,
    "178": 0.05539549502357255,
    "179": 0.02999790955334123,
    "180": 0.07755140362407285,
    "181": 0.024132301795727163,
    "182": 0.03338043094312964,
    "183": 0,
    "184": 0.0067627064914937834,
    "185": 0.04326795653326265,
    "186": 0.08004301736057766,
    "187": 0,
    "188": 0.048097752504738696,
    "189": 0.08822742730503229,
    "190": 0.07056336610408348,
    "191": 0.1064406577693041,
    "192": 0.06798438114840936,
    "193": 0.05076638032676436,
    "194": 0.08304509668280792,
    "195": 0.022974264575737195,
    "196": 0.05981877152506102
}