{
    "0": 0.0020502100460292254,
    "1": 0.03918480778138027,
    "2": 0.04561563964787927,
    "3": 0.05021310602024507,
    "4": 0,
    "5": 0.03856169871794872,
    "6": 0.036201593185582456,
    "7": 0.037343314763231196,
    "8": 0.03588495959683726,
    "9": 0.06517967781908303,
    "10": 0.049463426668311335,
    "11": 0.11987659762009696,
    "12": 0.048166089965397924,
    "13": 0.027189575241197843,
    "14": 0.07823960880195599,
    "15": 0.05896622504198545,
    "16": 0,
    "17": 0.15007656967840735,
    "18": 0,
    "19": 0.07291916526745022,
    "20": 0.0640275387263339,
    "21": 0.026586067257468163,
    "22": 0.18893387314439947,
    "23": 0.0172054407348525,
    "24": 0,
    "25": 0,
    "26": 0.1004566210045662,
    "27": 0.04344058065215036,
    "28": 0.05705799593559481,
    "29": 0.059049849447975915,
    "30": 0.03369672943508424,
    "31": 0,
    "32": 0.12349588347055099,
    "33": 0,
    "34": 0.052824184566428005,
    "35": 0,
    "36": 0.006528590724898694,
    "37": 0.052109181141439205,
    "38": 0.04449202950273614,
    "39": 0.06701570680628273,
    "40": 0.13151602104256338,
    "41": 0.03769913656816247,
    "42": 0.08758877240446399,
    "43": 0,
    "44": 0.06535714285714286,
    "45": 0.05155077184534768,
    "46": 0.035671100362756954,
    "47": 0.033962264150943396,
    "48": 0.04640718562874251,
    "49": 0.04253296899132707,
    "50": 0.05781710914454277,
    "51": 0.023682292931746417,
    "52": 0.11581291759465479,
    "53": 0.03978238694321659,
    "54": 0,
    "55": 0.05751419181356439,
    "56": 0.04327830188679245,
    "57": 0.05570181515865318,
    "58": 0.03403077424082065,
    "59": 0,
    "60": 0.051563267310525455,
    "61": 0.034996930093851415,
    "62": 0.05939111628680752,
    "63": 0.05936362197245528,
    "64": 0.044610875936177144,
    "65": 0.006448255289981087,
    "66": 0.0001752178276175154,
    "67": 0.13192741539970573,
    "68": 0.11643507426928605,
    "69": 0.009716870497570782,
    "70": 0.05567671584348942,
    "71": 0,
    "72": 0.008984231756508984,
    "73": 0,
    "74": 0.06619937694704049,
    "75": 0.06409507110851353,
    "76": 0.03198794171830514,
    "77": 0.0627601665065642,
    "78": 0.03895050040573438,
    "79": 0.07279933249895702,
    "80": 0.030469314079422383,
    "81": 0.2084726867335563,
    "82": 0.03141203877658375,
    "83": 0.022776737358910767,
    "84": 0.06646525679758308,
    "85": 0,
    "86": 0.5833333333333334,
    "87": 0.05803501025074909,
    "88": 0.05785002929115407,
    "89": 0.07921462423832092,
    "90": 0.04272898961284231,
    "91": 0,
    "92": 0.04022806461830852,
    "93": 0.00041249543875235994,
    "94": 0.07167900272691859,
    "95": 0.07692307692307693,
    "96": 0.07350230414746543,
    "97": 0,
    "98": 0.003909304143862392,
    "99": 0.06926670729230144,
    "100": 0.12460567823343849,
    "101": 0.03559567401856425,
    "102": 0.0016844039506929026,
    "103": 0.048807205452775074,
    "104": 0.098490294751977,
    "105": 0,
    "106": 0.05542090806269187,
    "107": 0.038808576695449695,
    "108": 0.06540138497050525,
    "109": 0.04211479678478433,
    "110": 0.052233580730990055,
    "111": 5.889628364450203e-05,
    "112": 0.07336343115124154,
    "113": 0.05070808588396528,
    "114": 0.03739878120043409,
    "115": 0.05492864254895453,
    "116": 0.030467114287777056,
    "117": 0.05128846634976232,
    "118": 0.05933296480560162,
    "119": 0.08595229079893979,
    "120": 0.048300053966540746,
    "121": 0.015244853399875235,
    "122": 0.029565456545654567,
    "123": 0.10332749562171628,
    "124": 0.12348484848484849,
    "125": 0.05485294117647059,
    "126": 0.014456803999844968,
    "127": 0.029097704217832355,
    "128": 0.06170026292725679,
    "129": 0.0620281575188737,
    "130": 0.053038524145415086,
    "131": 0.05793000744601638,
    "132": 0.042595499738356885,
    "133": 0.03239793831301645,
    "134": 0.11716937354988399,
    "135": 0.0016028495102404273,
    "136": 0.005594405594405594,
    "137": 0,
    "138": 0.07267318317042074,
    "139": 0.06821705426356589,
    "140": 0.06302590331628444,
    "141": 0.05987104697574455,
    "142": 0.013864327650845299,
    "144": 0,
    "145": 0.06771188366280391,
    "146": 0.006535947712418301,
    "147": 0.19295558958652373,
    "148": 0.0004703521369665423,
    "149": 0.08505236432878452,
    "150": 0.04307242465137202,
    "151": 0.011121408711770158,
    "152": 0.10517059444249033,
    "153": 0.03388741668674215,
    "154": 0,
    "155": 0.05023511870627365,
    "156": 0.03600300025002084,
    "157": 0.018148820326678767,
    "158": 0.023628788311169453,
    "159": 0,
    "160": 0.094140625,
    "161": 0.1497326203208556,
    "162": 0.035916061339790153,
    "163": 0.07835484839387571,
    "164": 0.027900416973264654,
    "165": 0.05352727272727273,
    "166": 0.061457128696514124,
    "167": 0,
    "168": 0.08557749850388989,
    "169": 0.014861036988382117,
    "170": 0.07640557424315234,
    "171": 0.07626105665790103,
    "172": 0.021604053149794473,
    "173": 0.06594911937377691,
    "174": 0,
    "175": 0.04791537025513379,
    "176": 0.0494552752293578,
    "177": 0.06994557548881274,
    "178": 0.06290261462675256,
    "179": 0.09931170108161258,
    "180": 0.048297898488386386,
    "181": 0.14559068219633944,
    "182": 0.09967497291440953,
    "183": 0,
    "184": 0.1004566210045662,
    "185": 0.06694955209806695,
    "186": 0.044841048522030115,
    "187": 0,
    "188": 0.08016877637130802,
    "189": 0.01426821800367422,
    "190": 0.06917406917406918,
    "191": 0.036231884057971016,
    "192": 0.04227753153767474,
    "193": 0.07238280301190186,
    "194": 0.05879692446856626,
    "195": 0.1769297484822203,
    "196": 0.06890130353817504
}