{
    "0": 0.005459867161994821,
    "1": 0.15979993218040014,
    "2": 0.1735,
    "3": 0.1635631057388653,
    "4": 0,
    "5": 0.1010564245352551,
    "6": 0.16542609752392526,
    "7": 0.13227636589725655,
    "8": 0.13694766530868066,
    "9": 0.15317118226600984,
    "10": 0.1746215306980656,
    "11": 0.16554721453970764,
    "12": 0.15216912574322836,
    "13": 0.12586695615463483,
    "14": 0.13054146900049077,
    "15": 0.15099789915966386,
    "16": 0,
    "17": 0.10061952574236274,
    "18": 0,
    "19": 0.15625942684766214,
    "20": 0.17044145873320538,
    "21": 0.10487885828078328,
    "22": 0.060770975056689346,
    "23": 0.08338604258907864,
    "24": 0,
    "25": 0,
    "26": 0.03985341273476867,
    "27": 0.17273954116059378,
    "28": 0.1640230713770728,
    "29": 0.15302228240797736,
    "30": 0.12855330896068046,
    "31": 0,
    "32": 0.1937382297551789,
    "33": 0,
    "34": 0.37892014225670867,
    "35": 0,
    "36": 0.021026592455163882,
    "37": 0.17282608695652174,
    "38": 0.13818678637650045,
    "39": 0.1725230414746544,
    "40": 0.1597668810289389,
    "41": 0.10788421253094649,
    "42": 0.11852223336676697,
    "43": 0,
    "44": 0.16925486102048806,
    "45": 0.17290900735294118,
    "46": 0.1388997574145082,
    "47": 0.1291496472335685,
    "48": 0.017567267066933512,
    "49": 0.14991041210432013,
    "50": 0.20441446965052115,
    "51": 0.07202680067001675,
    "52": 0.10344149459193706,
    "53": 0.13121832175708653,
    "54": 0,
    "55": 0.15027977617905675,
    "56": 0.1506388036050312,
    "57": 0.17112359550561798,
    "58": 0.13854338378540387,
    "59": 0,
    "60": 0.1290703161868806,
    "61": 0.13390470199716936,
    "62": 0.25446302068574667,
    "63": 0.1801980198019802,
    "64": 0.125,
    "65": 0.03877934514003295,
    "66": 0.00035539073666319,
    "67": 0.16591560835723065,
    "68": 0.15267175572519084,
    "69": 0.020637898686679174,
    "70": 0.22931633835457707,
    "71": 0,
    "72": 0.028397787639638853,
    "73": 0,
    "74": 0.12853271389856755,
    "75": 0.2400975015234613,
    "76": 0.11120911429621462,
    "77": 0.17799232578289392,
    "78": 0.16521447721179625,
    "79": 0.205181967949678,
    "80": 0.12067471164744316,
    "81": 0.08566275924256087,
    "82": 0.1252768549280177,
    "83": 0.10475300137768156,
    "84": 0.17088708393056218,
    "85": 0,
    "86": 0.14491803278688525,
    "87": 0.1607014172471775,
    "88": 0.2098142909851187,
    "89": 0.12062848454130766,
    "90": 0.10852425563491327,
    "91": 0,
    "92": 0.15900204803574752,
    "93": 0.0009858666769361113,
    "94": 0.17992503123698458,
    "95": 0.13516176712103795,
    "96": 0.16629247118694807,
    "97": 0,
    "98": 0.004219877845641311,
    "99": 0.1550728622491064,
    "100": 0.03565750624574154,
    "101": 0.1385020117610647,
    "102": 0.0028939286557996694,
    "103": 0.15151515151515152,
    "104": 0.16547422491286,
    "105": 0,
    "106": 0.3325624421831637,
    "107": 0.161270455745205,
    "108": 0.12586362270952237,
    "109": 0.1373678247734139,
    "110": 0.1653898152320865,
    "111": 0.0002553022494964872,
    "112": 0.14385814385814386,
    "113": 0.14082242131863082,
    "114": 0.15187024677945057,
    "115": 0.14610982588579083,
    "116": 0.12116359754470243,
    "117": 0.17667056198873898,
    "118": 0.16251325556733828,
    "119": 0.2884097035040431,
    "120": 0.15512555712577453,
    "121": 0.07882994546355974,
    "122": 0.11789527523815613,
    "123": 0.19944454087831973,
    "124": 0.07350216182828907,
    "125": 0.15586049170954833,
    "126": 0.0759866928776652,
    "127": 0.11673006173224419,
    "128": 0.1578813343519226,
    "129": 0.14847401704701677,
    "130": 0.16580310880829016,
    "131": 0.16476478807638564,
    "132": 0.1431785457163427,
    "133": 0.1300208271347813,
    "134": 0.11377002636382072,
    "135": 0.0028519493543938826,
    "136": 0.017148579296532733,
    "137": 0,
    "138": 0.19338990620812863,
    "139": 0.13215859030837004,
    "140": 0.16604708798017348,
    "141": 0.19536382794099416,
    "142": 0.07288011949838469,
    "143": 0.06771188366280391,
    "144": 0,
    "146": 0.006051001296643135,
    "147": 0.04936305732484077,
    "148": 0.0024107192913606548,
    "149": 0.3480392156862745,
    "150": 0.14100991033506372,
    "151": 0.05781957506095437,
    "152": 0.20072298325722984,
    "153": 0.2068625841405352,
    "154": 0,
    "155": 0.18825086540419467,
    "156": 0.139591587930509,
    "157": 0.0029082774049217002,
    "158": 0.181912809208915,
    "159": 0,
    "160": 0.1433056325023084,
    "161": 0.029344858962693357,
    "162": 0.27232190253742433,
    "163": 0.14687292082501663,
    "164": 0.1730438657923219,
    "165": 0.17461988304093568,
    "166": 0.1638187221396731,
    "167": 0,
    "168": 0.14306808859721082,
    "169": 0.07692919649960223,
    "170": 0.16781503598223854,
    "171": 0.16742979242979242,
    "172": 0.09694468913718764,
    "173": 0.15450990966698125,
    "174": 0,
    "175": 0.1586299668874172,
    "176": 0.1408824505142099,
    "177": 0.1950087057457922,
    "178": 0.16265950302216253,
    "179": 0.10983323749281196,
    "180": 0.1545750968004891,
    "181": 0.11168192986374804,
    "182": 0.24957264957264957,
    "183": 0,
    "184": 0.03985341273476867,
    "185": 0.10466565139138861,
    "186": 0.1572278748320215,
    "187": 0,
    "188": 0.13559322033898305,
    "189": 0.06161492170893087,
    "190": 0.18324175824175823,
    "191": 0.1465175867691591,
    "192": 0.13218174990612092,
    "193": 0.1479147914791479,
    "194": 0.1826830443159923,
    "195": 0.1175146330481765,
    "196": 0.16291502532357907
}