{
    "0": 0.00046211610667180127,
    "1": 0.002721588819418904,
    "2": 0.0029552368535419385,
    "3": 0.00381903642773208,
    "4": 0,
    "5": 0.0024371069182389936,
    "6": 0.0026378434021746126,
    "7": 0.002798376941374003,
    "8": 0.0022379187355759146,
    "9": 0.004440361353544633,
    "10": 0.003406057258584185,
    "11": 0.006274837900020916,
    "12": 0.0035428687114080373,
    "13": 0.002183638687686408,
    "14": 0.004163775156141568,
    "15": 0.0035162627150571394,
    "16": 0,
    "17": 0.005975013579576317,
    "18": 0,
    "19": 0.004447739065974796,
    "20": 0.004230317273795535,
    "21": 0.001909835653616123,
    "22": 0.006646726487205052,
    "23": 0.0014093981229379544,
    "24": 0,
    "25": 0,
    "26": 0.005745062836624776,
    "27": 0.003254610698489527,
    "28": 0.003298515667949423,
    "29": 0.0034674063800277394,
    "30": 0.002554450121000269,
    "31": 0,
    "32": 0.00762001524003048,
    "33": 0,
    "34": 0.004495897493537147,
    "35": 0,
    "36": 0.0015365703749231714,
    "37": 0.003845044698644622,
    "38": 0.0031497480201583875,
    "39": 0.003517791909078609,
    "40": 0.0054124269322364145,
    "41": 0.002774951438349829,
    "42": 0.004955037621581942,
    "43": 0,
    "44": 0.004100337674867342,
    "45": 0.0035908484661947267,
    "46": 0.0025769605794678926,
    "47": 0.0025384101536406146,
    "48": 0.0032846715328467154,
    "49": 0.0033372418147379814,
    "50": 0.003993274485077764,
    "51": 0.0016656256506350198,
    "52": 0.0057251908396946565,
    "53": 0.002872812744841995,
    "54": 0,
    "55": 0.0036078098471986416,
    "56": 0.002952755905511811,
    "57": 0.0035073654674817115,
    "58": 0.002321416727465676,
    "59": 0,
    "60": 0.0035611717403790924,
    "61": 0.0026142867236628275,
    "62": 0.0037987797858869575,
    "63": 0.003654889799534832,
    "64": 0.00283451438099208,
    "65": 0.0006485639814486227,
    "66": 5.485205616850552e-05,
    "67": 0.006155198944823038,
    "68": 0.005715541877335678,
    "69": 0.001696113074204947,
    "70": 0.0033901497316131462,
    "71": 0,
    "72": 0.0006251886345017894,
    "73": 0,
    "74": 0.0032075955863484734,
    "75": 0.00529921158071604,
    "76": 0.0022497954731388057,
    "77": 0.00355792750722704,
    "78": 0.002877076889879882,
    "79": 0.004697986577181208,
    "80": 0.0024035572647518326,
    "81": 0.006758832565284178,
    "82": 0.002610803754584447,
    "83": 0.0017695200176952002,
    "84": 0.004326328800988875,
    "85": 0,
    "86": 0.006578947368421052,
    "87": 0.003762310501272546,
    "88": 0.004286909242994563,
    "89": 0.0042561065877128055,
    "90": 0.002867383512544803,
    "91": 0,
    "92": 0.003283802643461128,
    "93": 0.00014045163001919506,
    "94": 0.004342273307790549,
    "95": 0.005017301038062283,
    "96": 0.004028776978417266,
    "97": 0,
    "98": 0.0016759776536312849,
    "99": 0.003562475260588468,
    "100": 0.00501432664756447,
    "101": 0.0025459299525218467,
    "102": 0.0006616819956328988,
    "103": 0.0031887755102040817,
    "104": 0.005281026027913994,
    "105": 0,
    "106": 0.005106093271303755,
    "107": 0.003295271668327075,
    "108": 0.0037564564094537487,
    "109": 0.0027727233341998093,
    "110": 0.003350593968930856,
    "111": 2.887169419101513e-05,
    "112": 0.004113475177304964,
    "113": 0.0032605151613955006,
    "114": 0.002630691399662732,
    "115": 0.003465804066543438,
    "116": 0.0024034128462416633,
    "117": 0.003436106983655275,
    "118": 0.003606516602412635,
    "119": 0.0069265782703344545,
    "120": 0.0031708283789139914,
    "121": 0.0016216597334837483,
    "122": 0.0022473205024778147,
    "123": 0.004585653455617425,
    "124": 0.005781938325991189,
    "125": 0.0035766884073216917,
    "126": 0.0016149984201102412,
    "127": 0.002077484559236384,
    "128": 0.003942181340341655,
    "129": 0.003877523733119401,
    "130": 0.0035608308605341245,
    "131": 0.0034902168164992068,
    "132": 0.0027577256874036825,
    "133": 0.002538918955034409,
    "134": 0.006335282651072124,
    "135": 0.0011286307053941908,
    "136": 0.001575795776867318,
    "137": 0,
    "138": 0.0050381263616557734,
    "139": 0.0039209535759096616,
    "140": 0.0039849709666401004,
    "141": 0.004109885355829548,
    "142": 0.0014194464158978,
    "143": 0.006535947712418301,
    "144": 0,
    "145": 0.006051001296643135,
    "147": 0.00761509172724126,
    "148": 0.0002652441719961098,
    "149": 0.0065591207232760145,
    "150": 0.0030997072498708455,
    "151": 0.0010423000086858334,
    "152": 0.006295130531383078,
    "153": 0.003019759732160441,
    "154": 0,
    "155": 0.003552551771943506,
    "156": 0.002564967937900776,
    "157": 0.0015438054805094559,
    "158": 0.0026641669544624795,
    "159": 0,
    "160": 0.0049800796812749,
    "161": 0.006243114212265883,
    "162": 0.003662420382165605,
    "163": 0.0041145208297617,
    "164": 0.0026115115428810196,
    "165": 0.0034471952366029457,
    "166": 0.003997715591090805,
    "167": 0,
    "168": 0.004414261460101867,
    "169": 0.0017025056441763203,
    "170": 0.004433934377771209,
    "171": 0.004418912947414936,
    "172": 0.0018513843305562568,
    "173": 0.003740005158627805,
    "174": 0,
    "175": 0.00325188144569358,
    "176": 0.0034275031159119234,
    "177": 0.004597399185603573,
    "178": 0.0036653185035389283,
    "179": 0.005432322317790856,
    "180": 0.003309127677176211,
    "181": 0.007369614512471655,
    "182": 0.008877159309021113,
    "183": 0,
    "184": 0.005745062836624776,
    "185": 0.0036829699469652327,
    "186": 0.002984565532531764,
    "187": 0,
    "188": 0.00391972405142678,
    "189": 0.0010972933430870519,
    "190": 0.0041327489041953665,
    "191": 0.0025885558583106268,
    "192": 0.0026935441828134505,
    "193": 0.004339368547059704,
    "194": 0.0036274405206444043,
    "195": 0.007925275969431078,
    "196": 0.004422999597909127
}