{
    "0": 0.0016928657799274486,
    "1": 0.027491724898859874,
    "2": 0.031150883552333485,
    "3": 0.03502974223397224,
    "4": 0,
    "5": 0.025618111408996128,
    "6": 0.024527417591001407,
    "7": 0.025002155358220535,
    "8": 0.02466367713004484,
    "9": 0.05173279758915118,
    "10": 0.03304878048780488,
    "11": 0.08695652173913043,
    "12": 0.03402203856749311,
    "13": 0.019258335930196324,
    "14": 0.0552655818237642,
    "15": 0.043689320388349516,
    "16": 0,
    "17": 0.11191047162270183,
    "18": 0,
    "19": 0.05143540669856459,
    "20": 0.043574468085106385,
    "21": 0.018490433971068594,
    "22": 0.2465034965034965,
    "23": 0.01141873375026351,
    "24": 0,
    "25": 0,
    "26": 0.10980392156862745,
    "27": 0.02974656357388316,
    "28": 0.03920049581654788,
    "29": 0.042089502578605886,
    "30": 0.02364337903292012,
    "31": 0,
    "32": 0.09827357237715803,
    "33": 0,
    "34": 0.035703001579778834,
    "35": 0,
    "36": 0.006546644844517185,
    "37": 0.034158288218613046,
    "38": 0.02970647176706354,
    "39": 0.04757929883138564,
    "40": 0.1010689990281827,
    "41": 0.025563363217833777,
    "42": 0.06296800544588155,
    "43": 0,
    "44": 0.042789223454833596,
    "45": 0.03540320314695139,
    "46": 0.024068522483940043,
    "47": 0.022780896591001545,
    "48": 0.04660194174757282,
    "49": 0.030532544378698224,
    "50": 0.040321402483564646,
    "51": 0.01626065405307381,
    "52": 0.09001731102135026,
    "53": 0.02786552346570397,
    "54": 0,
    "55": 0.03804748562158974,
    "56": 0.0306158357771261,
    "57": 0.03986802309595821,
    "58": 0.023693999676532428,
    "59": 0,
    "60": 0.03465668727627726,
    "61": 0.023859282479972134,
    "62": 0.04252150893448048,
    "63": 0.0417713567839196,
    "64": 0.030651753065175306,
    "65": 0.004395966352488092,
    "66": 0.00015949599266318435,
    "67": 0.10491967871485944,
    "68": 0.09672619047619048,
    "69": 0.007354805985290388,
    "70": 0.034877864517753716,
    "71": 0,
    "72": 0.00624671075212228,
    "73": 0,
    "74": 0.0439052570768342,
    "75": 0.04327666151468315,
    "76": 0.021632415342374575,
    "77": 0.0425296442687747,
    "78": 0.02615604356364935,
    "79": 0.0522713130056005,
    "80": 0.020793002079300207,
    "81": 0.14335664335664336,
    "82": 0.021025946913212048,
    "83": 0.01596494762288477,
    "84": 0.05141257317383558,
    "85": 0,
    "86": 0.13562895291637386,
    "87": 0.03967510153077163,
    "88": 0.03953656770456191,
    "89": 0.057936235858759,
    "90": 0.030182031708749266,
    "91": 0,
    "92": 0.027236538864445842,
    "93": 0.0003971437422060541,
    "94": 0.045741626794258375,
    "95": 0.05482790130977764,
    "96": 0.05260739719733517,
    "97": 0,
    "98": 0.004448938321536906,
    "99": 0.05018211250505868,
    "100": 0.17787418655097614,
    "101": 0.02513115586393637,
    "102": 0.0014728682170542635,
    "103": 0.03171933197164484,
    "104": 0.07404718693284937,
    "105": 0,
    "106": 0.03888174807197944,
    "107": 0.026873434790984398,
    "108": 0.04862907397827212,
    "109": 0.028176919622810957,
    "110": 0.036260072242289526,
    "111": 4.915985802633002e-05,
    "112": 0.04992164763823595,
    "113": 0.03627808136004857,
    "114": 0.02608047690014903,
    "115": 0.03777008081807686,
    "116": 0.021015636207143883,
    "117": 0.036214808383976185,
    "118": 0.04105571847507331,
    "119": 0.06612529002320186,
    "120": 0.03336459868685515,
    "121": 0.009624713781193,
    "122": 0.01985670419651996,
    "123": 0.06948033304622452,
    "124": 0.10073111291632819,
    "125": 0.03634249164122692,
    "126": 0.009227086711450854,
    "127": 0.020433888409739268,
    "128": 0.04429717474712243,
    "129": 0.044879640962872294,
    "130": 0.036544404138116354,
    "131": 0.041223404255319146,
    "132": 0.029478928793855098,
    "133": 0.021852152721364745,
    "134": 0.10042865890998164,
    "135": 0.001504621336963531,
    "136": 0.005821004123211254,
    "137": 0,
    "138": 0.04990524320909665,
    "139": 0.04763137457934248,
    "140": 0.041829427083333336,
    "141": 0.04049749734566965,
    "142": 0.00898488425354991,
    "143": 0.19295558958652373,
    "144": 0,
    "145": 0.04936305732484077,
    "146": 0.00761509172724126,
    "148": 0.0005043818170354958,
    "149": 0.05802155992390615,
    "150": 0.028158041179744017,
    "151": 0.007270964614638876,
    "152": 0.07681465821000705,
    "153": 0.02244150883335986,
    "154": 0,
    "155": 0.0348309507601543,
    "156": 0.02384881993728338,
    "157": 0.023316062176165803,
    "158": 0.01671024212799818,
    "159": 0,
    "160": 0.06930693069306931,
    "161": 0.23177083333333334,
    "162": 0.0246864024084295,
    "163": 0.06018237082066869,
    "164": 0.018362011309053322,
    "165": 0.03677531006633977,
    "166": 0.04237565445026178,
    "167": 0,
    "168": 0.05975500448162534,
    "169": 0.009362989614849947,
    "170": 0.05328554360812425,
    "171": 0.052731591448931116,
    "172": 0.015126290253531845,
    "173": 0.04396668603525082,
    "174": 0,
    "175": 0.031634662727720336,
    "176": 0.03388865157340168,
    "177": 0.049899799599198394,
    "178": 0.04388773780372952,
    "179": 0.07204030226700252,
    "180": 0.03195625759416768,
    "181": 0.15639810426540285,
    "182": 0.08788052843193567,
    "183": 0,
    "184": 0.10980392156862745,
    "185": 0.045593419506462986,
    "186": 0.031201593272847977,
    "187": 0,
    "188": 0.05859065716547902,
    "189": 0.009542973871154608,
    "190": 0.05058292591199699,
    "191": 0.024204991236123862,
    "192": 0.029597830998644374,
    "193": 0.053041362530413624,
    "194": 0.04090773365183637,
    "195": 0.16762452107279693,
    "196": 0.04541734860883797
}