{
    "0": 0.0012281964121777535,
    "1": 0.0012977819726285983,
    "2": 0.0007189607298690996,
    "3": 0.0008964934299838631,
    "4": 0,
    "5": 0.00040895859895595277,
    "6": 0.0017158080101142368,
    "7": 0.0005330366868293588,
    "8": 0.00046356387910254034,
    "9": 0.00048055178652193576,
    "10": 0.0005539608198620134,
    "11": 0.0007735792918774175,
    "12": 0.0005680937871197645,
    "13": 0.003420969274627811,
    "14": 0.00043348842585902957,
    "15": 0.000679532481652623,
    "16": 0,
    "17": 0.0004920805781946794,
    "18": 0,
    "19": 0.000477635423690717,
    "20": 0.0007497255468980105,
    "21": 0.0016655699950649779,
    "22": 0.00047110552763819093,
    "23": 0.0017858931134626297,
    "24": 0,
    "25": 0,
    "26": 0.0005062329937353667,
    "27": 0.0018659464767984287,
    "28": 0.0009233366749327283,
    "29": 0.0010680052332256427,
    "30": 0.00048020854771214927,
    "31": 0,
    "32": 0.0010687675583241725,
    "33": 0,
    "34": 0.0038658419537165403,
    "35": 0,
    "36": 0.013331009845778513,
    "37": 0.0019411524315488353,
    "38": 0.00047541598899036657,
    "39": 0.0005244851763926461,
    "40": 0.0005380522508519161,
    "41": 0.0006811645390786619,
    "42": 0.0006417736289381563,
    "43": 0,
    "44": 0.0012132323205090183,
    "45": 0.001505633144696537,
    "46": 0.0006713740016205579,
    "47": 0.0004563396992721382,
    "48": 0.0016202306445976427,
    "49": 0.0005257886830245368,
    "50": 0.0012003862112157824,
    "51": 0.005698664704026917,
    "52": 0.0004844227799812286,
    "53": 0.0005454996280684354,
    "54": 0,
    "55": 0.00047025628967787447,
    "56": 0.0005497388740348335,
    "57": 0.001082864951271077,
    "58": 0.0008657614143807527,
    "59": 0,
    "60": 0.0004526814720136337,
    "61": 0.0005115803181099433,
    "62": 0.0019772350772190458,
    "63": 0.0006602228912480853,
    "64": 0.00046516182735151544,
    "65": 0.005297480956469321,
    "66": 6.39259481816264e-05,
    "67": 0.0004791279870635443,
    "68": 0.002949497381568651,
    "69": 0.00289916064623226,
    "70": 0.0016250253910217347,
    "71": 0,
    "72": 0.0010251494454873453,
    "73": 0,
    "74": 0.0006827802813054759,
    "75": 0.0027718316043690654,
    "76": 0.000528626261233308,
    "77": 0.0006079348716728782,
    "78": 0.0014291738906330538,
    "79": 0.001434997378370174,
    "80": 0.0007256415330826572,
    "81": 0.0004362457933441356,
    "82": 0.000533997864008544,
    "83": 0.0004469490866692577,
    "84": 0.0006798674258519589,
    "85": 0,
    "86": 0.0008544661112636943,
    "87": 0.0005014780405405405,
    "88": 0.0031654676258992807,
    "89": 0.0004965388322574992,
    "90": 0.0037487105945102775,
    "91": 0,
    "92": 0.0007313149041977475,
    "93": 0.00017839053510789441,
    "94": 0.0005179793353507266,
    "95": 0.0005198856251624642,
    "96": 0.0004749532031402788,
    "97": 0,
    "98": 0.0003613218822090664,
    "99": 0.004400044277175116,
    "100": 0.0004428557871761617,
    "101": 0.0013391207979312893,
    "102": 0.00022761414849547048,
    "103": 0.0004770393431921464,
    "104": 0.0009086379224433567,
    "105": 0,
    "106": 0.0022901576480613547,
    "107": 0.004036520903411821,
    "108": 0.0008238636363636364,
    "109": 0.00047043676339506783,
    "110": 0.0007756748371082842,
    "111": 0.021244845866876104,
    "112": 0.0005851701173126759,
    "113": 0.0004468040370058873,
    "114": 0.0008706011730205278,
    "115": 0.00042660978536195174,
    "116": 0.0007696705809913357,
    "117": 0.0009852216748768472,
    "118": 0.001058574453069866,
    "119": 0.001981662230109435,
    "120": 0.0004365354492463344,
    "121": 0.011027246935388898,
    "122": 0.0005194243047289255,
    "123": 0.0011173184357541898,
    "124": 0.00033874295568626244,
    "125": 0.0005214444009907443,
    "126": 0.010349978659837816,
    "127": 0.0007719855038277615,
    "128": 0.0006718985164480757,
    "129": 0.0005231277533039647,
    "130": 0.0007189257195676175,
    "131": 0.0006790284669626535,
    "132": 0.00048569624556802173,
    "133": 0.00045637093829864917,
    "134": 0.0005768238258599228,
    "135": 0.00023734445461634965,
    "136": 0.013064652532734537,
    "137": 0,
    "138": 0.0005525014503163071,
    "139": 0.0007671980223339868,
    "140": 0.0006112469437652812,
    "141": 0.000551166636046298,
    "142": 0.010742237454601258,
    "143": 0.0004703521369665423,
    "144": 0,
    "145": 0.0024107192913606548,
    "146": 0.0002652441719961098,
    "147": 0.0005043818170354958,
    "149": 0.0023564321871181707,
    "150": 0.00042003310849208115,
    "151": 0.0023317832781656637,
    "152": 0.0005254860746190226,
    "153": 0.0021384048409845762,
    "154": 0,
    "155": 0.001338754462514875,
    "156": 0.0008937984140807627,
    "157": 0.00022288734636693625,
    "158": 0.0025537304894990604,
    "159": 0,
    "160": 0.0005316792202038103,
    "161": 0.00047546595663750473,
    "162": 0.004525437337291063,
    "163": 0.0005481190860835449,
    "164": 0.002719267052942038,
    "165": 0.0013818636908796997,
    "166": 0.0009847758969445332,
    "167": 0,
    "168": 0.0004895044487316076,
    "169": 0.010347092959597065,
    "170": 0.0004492489119752913,
    "171": 0.00044895897637353384,
    "172": 0.0010081987483117427,
    "173": 0.0004644935653979617,
    "174": 0,
    "175": 0.000555415299166877,
    "176": 0.0010407180954858852,
    "177": 0.0013183915622940012,
    "178": 0.00046249693935848955,
    "179": 0.0005714457577671509,
    "180": 0.0005537656061216271,
    "181": 0.0008037342730841757,
    "182": 0.00133434420015163,
    "183": 0,
    "184": 0.0005062329937353667,
    "185": 0.0005614980768690867,
    "186": 0.00046821094135041894,
    "187": 0,
    "188": 0.0009664307438674285,
    "189": 0.0025266310026981925,
    "190": 0.000869376222560313,
    "191": 0.0006433675696790055,
    "192": 0.0005204460966542751,
    "193": 0.0006194042457345571,
    "194": 0.0005756449840389346,
    "195": 0.0004941627030699858,
    "196": 0.0005232718259432663
}