{
    "0": 0.004917591916708287,
    "1": 0.13001590949266395,
    "2": 0.1472216308281882,
    "3": 0.14125692724914515,
    "4": 0,
    "5": 0.08415625273092721,
    "6": 0.12827468609517903,
    "7": 0.1096080189063646,
    "8": 0.11250409701737135,
    "9": 0.15,
    "10": 0.1494589720468891,
    "11": 0.16519607843137254,
    "12": 0.14056420233463035,
    "13": 0.10452030093887957,
    "14": 0.13243724056137576,
    "15": 0.14551455145514552,
    "16": 0,
    "17": 0.11526390870185449,
    "18": 0,
    "19": 0.15788536845852616,
    "20": 0.15502214602086012,
    "21": 0.08462238398544131,
    "22": 0.07241813602015114,
    "23": 0.06385687009405275,
    "24": 0,
    "25": 0,
    "26": 0.05188067444876784,
    "27": 0.1416396103896104,
    "28": 0.14092105263157895,
    "29": 0.1415758244790948,
    "30": 0.10486570650058388,
    "31": 0,
    "32": 0.25,
    "33": 0,
    "34": 0.31354202109561075,
    "35": 0,
    "36": 0.018057375855540993,
    "37": 0.14706570025718962,
    "38": 0.12210593085949889,
    "39": 0.16451506123800066,
    "40": 0.1741918932786044,
    "41": 0.10254522507362221,
    "42": 0.12783505154639174,
    "43": 0,
    "44": 0.1560346091802317,
    "45": 0.1573161485974223,
    "46": 0.11578515785157852,
    "47": 0.1079567550750564,
    "48": 0.027769012306721363,
    "49": 0.12756410256410255,
    "50": 0.16905481793085317,
    "51": 0.06075320422336401,
    "52": 0.12348230431413072,
    "53": 0.11499493414387031,
    "54": 0,
    "55": 0.13718548489063093,
    "56": 0.1383702104695089,
    "57": 0.1446060606060606,
    "58": 0.11740700047088369,
    "59": 0,
    "60": 0.12643986070184837,
    "61": 0.11214876033057851,
    "62": 0.22291021671826625,
    "63": 0.16133879781420765,
    "64": 0.10399159663865547,
    "65": 0.028417542959733266,
    "66": 0.0002887399233668636,
    "67": 0.16803911477097272,
    "68": 0.16376663254861823,
    "69": 0.019756732053715812,
    "70": 0.18219211226711832,
    "71": 0,
    "72": 0.02381217561757958,
    "73": 0,
    "74": 0.11495258935083881,
    "75": 0.21576975476839236,
    "76": 0.09703062894552256,
    "77": 0.15818206633001228,
    "78": 0.13062673130193905,
    "79": 0.1843660307276718,
    "80": 0.09921761406909922,
    "81": 0.09674447174447175,
    "82": 0.10428385980095196,
    "83": 0.08197459237771332,
    "84": 0.18400307633147472,
    "85": 0,
    "86": 0.14753173483779972,
    "87": 0.1418543046357616,
    "88": 0.18083832335329342,
    "89": 0.13964823055732148,
    "90": 0.09417446423181407,
    "91": 0,
    "92": 0.13818795946751442,
    "93": 0.0009335542745116344,
    "94": 0.15990045108103904,
    "95": 0.14546915812738598,
    "96": 0.16014606155451225,
    "97": 0,
    "98": 0.004282933160285529,
    "99": 0.14928909952606634,
    "100": 0.03993660855784469,
    "101": 0.11633944507545027,
    "102": 0.0025575447570332483,
    "103": 0.13106216773353585,
    "104": 0.17175141242937852,
    "105": 0,
    "106": 0.2895174708818636,
    "107": 0.1311867525298988,
    "108": 0.13256484149855907,
    "109": 0.12318544264976487,
    "110": 0.14987623762376237,
    "111": 0.00022976841258747955,
    "112": 0.14652999495883046,
    "113": 0.12966751918158567,
    "114": 0.11703314212874442,
    "115": 0.14026152787336546,
    "116": 0.0997920997920998,
    "117": 0.14753541076487253,
    "118": 0.15584415584415584,
    "119": 0.32705677867902666,
    "120": 0.1452252252252252,
    "121": 0.05961234634503487,
    "122": 0.0963002184128665,
    "123": 0.18573460678723835,
    "124": 0.0883733775200221,
    "125": 0.13721309419290104,
    "126": 0.05695187165775401,
    "127": 0.09319802170980795,
    "128": 0.14753157290470723,
    "129": 0.14190897597977245,
    "130": 0.14246509963011575,
    "131": 0.1474506789648988,
    "132": 0.12148190695002872,
    "133": 0.10940424204616345,
    "134": 0.12821192052980132,
    "135": 0.00277687030382228,
    "136": 0.015266044167778272,
    "137": 0,
    "138": 0.1824381926683717,
    "139": 0.1437488525794015,
    "140": 0.14852981588348446,
    "141": 0.1658379250100793,
    "142": 0.0556471702747272,
    "143": 0.08505236432878452,
    "144": 0,
    "145": 0.3480392156862745,
    "146": 0.0065591207232760145,
    "147": 0.05802155992390615,
    "148": 0.0023564321871181707,
    "150": 0.12713336739908024,
    "151": 0.044582721573562654,
    "152": 0.191324200913242,
    "153": 0.16311051841973662,
    "154": 0,
    "155": 0.14795160263213755,
    "156": 0.11961569255404324,
    "157": 0.004433185560481318,
    "158": 0.13527272727272727,
    "159": 0,
    "160": 0.16225708265043315,
    "161": 0.035897435897435895,
    "162": 0.2279775651600132,
    "163": 0.15018094089264172,
    "164": 0.13376366076564197,
    "165": 0.15266785805463365,
    "166": 0.15017960762641613,
    "167": 0,
    "168": 0.16176768700587876,
    "169": 0.056855649376759146,
    "170": 0.17061697123213315,
    "171": 0.16918646508279336,
    "172": 0.07630275878330582,
    "173": 0.1493737436214628,
    "174": 0,
    "175": 0.13756141134435015,
    "176": 0.13392526822049575,
    "177": 0.176759410801964,
    "178": 0.15171363290175172,
    "179": 0.1295788686768004,
    "180": 0.1368955619342018,
    "181": 0.11189427312775331,
    "182": 0.25951557093425603,
    "183": 0,
    "184": 0.05188067444876784,
    "185": 0.1043464105485919,
    "186": 0.12824675324675325,
    "187": 0,
    "188": 0.1204670086679639,
    "189": 0.0490068233510235,
    "190": 0.16222017785955228,
    "191": 0.11822064630510114,
    "192": 0.11678165584415584,
    "193": 0.15033723819666311,
    "194": 0.16200158436757328,
    "195": 0.12853702588801927,
    "196": 0.15924601884952877
}