{
    "0": 0.004189790142967401,
    "1": 0.28290468986384265,
    "2": 0.30894854586129755,
    "3": 0.3183906618651434,
    "4": 0,
    "5": 0.17122055674518202,
    "6": 0.23476190476190475,
    "7": 0.31600340296814444,
    "8": 0.27511230907457324,
    "9": 0.25961538461538464,
    "10": 0.3254536771728749,
    "11": 0.14670458347273335,
    "12": 0.31825133826153457,
    "13": 0.22695367337388864,
    "14": 0.2351748606183477,
    "16": 0,
    "17": 0.15501880815680064,
    "18": 0,
    "19": 0.33184625943719975,
    "20": 0.3380569758948137,
    "21": 0.21209667372617416,
    "22": 0.056388160359685274,
    "23": 0.1543819364714887,
    "24": 0,
    "25": 0,
    "26": 0.02232796486090776,
    "27": 0.2669265490356996,
    "28": 0.2927086075282969,
    "29": 0.3869438923711971,
    "30": 0.29734560729287696,
    "31": 0,
    "32": 0.08631256384065372,
    "33": 0,
    "34": 0.15023011176857332,
    "35": 0,
    "36": 0.006343403935060746,
    "37": 0.26248574686431014,
    "38": 0.34869135206850804,
    "39": 0.3275144138372838,
    "40": 0.1837916063675832,
    "41": 0.2484228844898847,
    "42": 0.21841834988017803,
    "43": 0,
    "44": 0.30398742318136346,
    "45": 0.3002518891687657,
    "46": 0.2967528286266213,
    "47": 0.2766952455183164,
    "48": 0.017023613399231193,
    "49": 0.3537059538274605,
    "50": 0.24757455982752424,
    "51": 0.1345394171866949,
    "52": 0.17669386980451698,
    "53": 0.3186352301065518,
    "54": 0,
    "55": 0.33364750235626767,
    "56": 0.3678005649023701,
    "57": 0.32085765034255265,
    "58": 0.27897737087579894,
    "59": 0,
    "60": 0.355193661971831,
    "61": 0.32077100115074797,
    "62": 0.2746141564662054,
    "63": 0.3238933186692329,
    "64": 0.2330392156862745,
    "65": 0.048054031673739776,
    "66": 0.00027596991927879863,
    "67": 0.17120343839541546,
    "68": 0.16631092138029172,
    "69": 0.013893065495880194,
    "70": 0.21877646062658765,
    "71": 0,
    "72": 0.05257498711946417,
    "73": 0,
    "74": 0.23497192934410516,
    "75": 0.20275590551181102,
    "76": 0.29960983576807915,
    "77": 0.40454201362604086,
    "78": 0.24650504335515838,
    "79": 0.2595943382460236,
    "80": 0.2644009665601372,
    "81": 0.07040176925912274,
    "82": 0.26480500722195477,
    "83": 0.20194313316500165,
    "84": 0.27166967065377684,
    "85": 0,
    "86": 0.10899134428546194,
    "87": 0.37332556785090276,
    "88": 0.24758497316636852,
    "89": 0.2427426536064114,
    "90": 0.18806668616554548,
    "91": 0,
    "92": 0.3294285088679658,
    "93": 0.0007946392414251549,
    "94": 0.33467429986074576,
    "95": 0.3343528961957561,
    "96": 0.33238015138772076,
    "97": 0,
    "98": 0.0035989203239028293,
    "99": 0.25300515168860904,
    "100": 0.024426078971533517,
    "101": 0.2735632183908046,
    "102": 0.002061281337047354,
    "103": 0.3513744654856445,
    "104": 0.25250866630176977,
    "105": 0,
    "106": 0.15741360089186177,
    "107": 0.16730512991339108,
    "108": 0.31681260945709283,
    "109": 0.3379190751445087,
    "110": 0.29877744510978044,
    "111": 8.427992171331716e-05,
    "112": 0.28007489467935714,
    "113": 0.33347050754458163,
    "114": 0.26042735042735043,
    "115": 0.3581250924146089,
    "116": 0.26557377049180325,
    "117": 0.2598207369702335,
    "118": 0.35035592695759826,
    "119": 0.1021941689209498,
    "120": 0.36760207474398193,
    "121": 0.05842744664932844,
    "122": 0.2549966565123709,
    "123": 0.21182575876710175,
    "124": 0.12822966507177033,
    "125": 0.33624044009123844,
    "126": 0.05593639575971732,
    "127": 0.2563897181970436,
    "128": 0.31920740526468033,
    "129": 0.33477425552353507,
    "130": 0.3483452303698897,
    "131": 0.32879273504273504,
    "132": 0.2747820798702615,
    "133": 0.29129897635015883,
    "134": 0.17280886003437082,
    "135": 0.002002913328477786,
    "136": 0.00512932445705555,
    "137": 0,
    "138": 0.3136543014996054,
    "139": 0.2598271081389659,
    "140": 0.32011173184357544,
    "141": 0.2878338278931751,
    "142": 0.05469030593920397,
    "143": 0.05896622504198545,
    "144": 0,
    "145": 0.15099789915966386,
    "146": 0.0035162627150571394,
    "147": 0.043689320388349516,
    "148": 0.000679532481652623,
    "149": 0.14551455145514552,
    "150": 0.3342108275151654,
    "151": 0.0811822987034535,
    "152": 0.2067974298275279,
    "153": 0.19526717557251907,
    "154": 0,
    "155": 0.2017017984915877,
    "156": 0.27407278425909803,
    "157": 0.0018281535648994515,
    "158": 0.1428334622610233,
    "159": 0,
    "160": 0.26415818775196775,
    "161": 0.024322317118455256,
    "162": 0.13270373687209966,
    "163": 0.274364406779661,
    "164": 0.1874417738028694,
    "165": 0.33355508249068655,
    "166": 0.3484936268829664,
    "167": 0,
    "168": 0.36819343424415174,
    "169": 0.05592202786836644,
    "170": 0.32895410339532505,
    "171": 0.32654446707399865,
    "172": 0.19579582704615225,
    "173": 0.3717217787913341,
    "174": 0,
    "175": 0.36685194542698335,
    "176": 0.3718996813080227,
    "177": 0.2622549019607843,
    "178": 0.34154656748799006,
    "179": 0.18208789171147785,
    "180": 0.35402270483711745,
    "181": 0.07417923691215617,
    "182": 0.09630496572479519,
    "183": 0,
    "184": 0.02232796486090776,
    "185": 0.2594847775175644,
    "186": 0.2986080904741192,
    "187": 0,
    "188": 0.20332075471698113,
    "189": 0.1184916326727267,
    "190": 0.30267018779342725,
    "191": 0.2526656999061674,
    "192": 0.3281035272560696,
    "193": 0.26590330788804073,
    "194": 0.3448890106878597,
    "195": 0.0944954128440367,
    "196": 0.32446976891421336
}