{
    "0": 0.0042030558282948344,
    "1": 0.34412820298806446,
    "2": 0.3593705564508484,
    "3": 0.35994283380971825,
    "4": 0,
    "5": 0.19568345323741007,
    "6": 0.309775863327736,
    "7": 0.3940714163676747,
    "8": 0.3600263092986928,
    "9": 0.2450413691488156,
    "10": 0.38528489019330026,
    "11": 0.12804407713498622,
    "12": 0.3639694336857532,
    "13": 0.31482431392664784,
    "14": 0.20268120881617815,
    "15": 0.3342108275151654,
    "16": 0,
    "17": 0.10210772833723654,
    "18": 0,
    "19": 0.2795473106988683,
    "20": 0.3269608914135897,
    "21": 0.2921120200632949,
    "22": 0.03844860441654523,
    "23": 0.24446541622429319,
    "24": 0,
    "25": 0,
    "26": 0.016301354774754927,
    "27": 0.32509084463351945,
    "28": 0.29915573186857897,
    "29": 0.3670224846695435,
    "30": 0.37609970674486803,
    "31": 0,
    "32": 0.0694939030970109,
    "33": 0,
    "34": 0.15966029723991507,
    "35": 0,
    "36": 0.0061890762803651555,
    "37": 0.3022314283024197,
    "38": 0.37908820614469774,
    "39": 0.29614466052541794,
    "40": 0.14411933448078026,
    "41": 0.24298746696223036,
    "42": 0.18025944726452342,
    "43": 0,
    "44": 0.2826862539349423,
    "45": 0.3026173904519165,
    "46": 0.37589717910198633,
    "47": 0.35350821744627053,
    "48": 0.010409818102125795,
    "49": 0.37277115555117724,
    "50": 0.2745060425858431,
    "51": 0.16288617468952069,
    "52": 0.12086016559337627,
    "53": 0.3299422601044817,
    "54": 0,
    "55": 0.3472339527027027,
    "56": 0.3843402225755167,
    "57": 0.3594865955905186,
    "58": 0.37910085054678005,
    "59": 0,
    "60": 0.31316990342778306,
    "61": 0.41042487954445905,
    "62": 0.26931966636518945,
    "63": 0.3337594545648237,
    "64": 0.2645971914264597,
    "65": 0.08118416034299092,
    "66": 0.0002758846951101302,
    "67": 0.14118322802986788,
    "68": 0.12881776174912657,
    "69": 0.012595080509730317,
    "70": 0.2626226898930056,
    "71": 0,
    "72": 0.06752184341271202,
    "73": 0,
    "74": 0.20973782771535582,
    "75": 0.20732067302961724,
    "76": 0.36244329228775113,
    "77": 0.39091738931994524,
    "78": 0.3227589521749579,
    "79": 0.2542863266180883,
    "80": 0.3456843940714908,
    "81": 0.05171834769954103,
    "82": 0.35210317162780236,
    "83": 0.29564129074386464,
    "84": 0.22570984915705414,
    "85": 0,
    "86": 0.08340698188245692,
    "87": 0.34309398212940034,
    "88": 0.26333144902958355,
    "89": 0.17949298325033952,
    "90": 0.19244548286604363,
    "91": 0,
    "92": 0.42658788774002954,
    "93": 0.0008250947743997622,
    "94": 0.30741733690795353,
    "95": 0.22288313505948215,
    "96": 0.2891552245752851,
    "97": 0,
    "98": 0.0023395233221231173,
    "99": 0.2232188360004077,
    "100": 0.01732127096204766,
    "101": 0.33385863998108894,
    "102": 0.0017580383992597732,
    "103": 0.36719211822660097,
    "104": 0.19456749825134065,
    "105": 0,
    "106": 0.17029393913118876,
    "107": 0.2122242314647378,
    "108": 0.2304665542439573,
    "109": 0.3576352818963075,
    "110": 0.31881896808827914,
    "111": 5.431830526887561e-05,
    "112": 0.2570352315532905,
    "113": 0.3451223421305695,
    "114": 0.32472523249558066,
    "115": 0.33519247594050744,
    "116": 0.34800029139651784,
    "117": 0.2929274516952242,
    "118": 0.3057724024189115,
    "119": 0.09000909182745732,
    "120": 0.3580082135523614,
    "121": 0.08492583188560737,
    "122": 0.3451944757609921,
    "123": 0.19721552291164218,
    "124": 0.08495312142693803,
    "125": 0.32222222222222224,
    "126": 0.07980988216655115,
    "127": 0.3362529081702477,
    "128": 0.30523037267747827,
    "129": 0.2819261067347165,
    "130": 0.3686176836861768,
    "131": 0.33736069159462556,
    "132": 0.34507356219349083,
    "133": 0.3654940299703502,
    "134": 0.11873411873411874,
    "135": 0.0020216922110209545,
    "136": 0.00476488048742384,
    "137": 0,
    "138": 0.30860911825966214,
    "139": 0.21309314586994726,
    "140": 0.3222708355565041,
    "141": 0.3816344659116145,
    "142": 0.07945939289452619,
    "143": 0.04307242465137202,
    "144": 0,
    "145": 0.14100991033506372,
    "146": 0.0030997072498708455,
    "147": 0.028158041179744017,
    "148": 0.00042003310849208115,
    "149": 0.12713336739908024,
    "151": 0.13321159113844971,
    "152": 0.17651029362132972,
    "153": 0.2464015280714919,
    "154": 0,
    "155": 0.24238464679461005,
    "156": 0.3574798113056688,
    "157": 0.001423721388675939,
    "158": 0.19531209664928495,
    "159": 0,
    "160": 0.19148430066603234,
    "161": 0.015609432082364663,
    "162": 0.16095513349848609,
    "163": 0.2246300827216591,
    "164": 0.2597456130020021,
    "165": 0.3342948387761409,
    "166": 0.3337669376693767,
    "167": 0,
    "168": 0.263498656242365,
    "169": 0.08027989383337354,
    "170": 0.3037472976219073,
    "171": 0.30233393177737883,
    "172": 0.2751044958711388,
    "173": 0.32245879120879123,
    "174": 0,
    "175": 0.3729545226382893,
    "176": 0.35089005235602094,
    "177": 0.25790313996806813,
    "178": 0.3105333630885963,
    "179": 0.13429228998849252,
    "180": 0.37274449207456883,
    "181": 0.05495949200788264,
    "182": 0.07446808510638298,
    "183": 0,
    "184": 0.016301354774754927,
    "185": 0.2186695278969957,
    "186": 0.3405073724700064,
    "187": 0,
    "188": 0.18332982529993685,
    "189": 0.16885505867427847,
    "190": 0.2889080894265039,
    "191": 0.3407226254338908,
    "192": 0.3447022644674308,
    "193": 0.23564553601062063,
    "194": 0.3558360971434685,
    "195": 0.07308257087992771,
    "196": 0.3210912906610703
}