{
    "0": 0.0036609009282225135,
    "1": 0.15812654937543624,
    "2": 0.13778467657830273,
    "3": 0.11039733523673566,
    "4": 0,
    "5": 0.11804438726278546,
    "6": 0.18642301446886891,
    "7": 0.16077392881000097,
    "8": 0.1688283457720455,
    "9": 0.05788745927957065,
    "10": 0.1345350626511321,
    "11": 0.04062242131321466,
    "12": 0.11174056026308841,
    "13": 0.19012493660965377,
    "14": 0.05723192613392985,
    "15": 0.0811822987034535,
    "16": 0,
    "17": 0.020956550086154706,
    "18": 0,
    "19": 0.06598972756751639,
    "20": 0.0952906725553262,
    "21": 0.19236270347583265,
    "22": 0.010140532030653114,
    "23": 0.24973566911993367,
    "24": 0,
    "25": 0,
    "26": 0.004860071403892664,
    "27": 0.13142055051982965,
    "28": 0.10878691547962824,
    "29": 0.08915793962943658,
    "30": 0.1637730657938428,
    "31": 0,
    "32": 0.022809095765684156,
    "33": 0,
    "34": 0.07500862564692352,
    "35": 0,
    "36": 0.011642921706193776,
    "37": 0.12110175827886448,
    "38": 0.12012354478498456,
    "39": 0.07766944000762867,
    "40": 0.038366365800202674,
    "41": 0.08242979325207085,
    "42": 0.05045079154736269,
    "43": 0,
    "44": 0.09393793601154679,
    "45": 0.10735705240018159,
    "46": 0.14599254426840633,
    "47": 0.15565066891196558,
    "48": 0.003913624015838666,
    "49": 0.11874214433087485,
    "50": 0.11190637392397718,
    "51": 0.13891832323146697,
    "52": 0.029530138524897043,
    "53": 0.10979655276405224,
    "54": 0,
    "55": 0.11022518604426404,
    "56": 0.11769572617246596,
    "57": 0.1278306409972708,
    "58": 0.17023460060619078,
    "59": 0,
    "60": 0.0744432906426676,
    "61": 0.14461064569575058,
    "62": 0.09983369085781774,
    "63": 0.10439229117923732,
    "64": 0.14378926431707376,
    "65": 0.20705413774447168,
    "66": 0.00029071147183065167,
    "67": 0.03860229016645024,
    "68": 0.03896226637998251,
    "69": 0.007164113303207318,
    "70": 0.12454407111282881,
    "71": 0,
    "72": 0.07499737035868308,
    "73": 0,
    "74": 0.0843578091365702,
    "75": 0.07456295145996565,
    "76": 0.13397161830255616,
    "77": 0.11430323846908734,
    "78": 0.15350616638547632,
    "79": 0.08657192575406032,
    "80": 0.1746506519605552,
    "81": 0.014583284954601398,
    "82": 0.16447077959800163,
    "83": 0.22242634551268967,
    "84": 0.06166131166131166,
    "85": 0,
    "86": 0.02723780973347698,
    "87": 0.10300026465847027,
    "88": 0.11523703128035749,
    "89": 0.04019808425555659,
    "90": 0.11290473955889253,
    "91": 0,
    "92": 0.13398062873325242,
    "93": 0.0008880258593130232,
    "94": 0.08578818795803995,
    "95": 0.04362151375933918,
    "96": 0.07873806998939555,
    "97": 0,
    "98": 0.0010185839604207375,
    "99": 0.08991924727793002,
    "100": 0.005045850421639556,
    "101": 0.16117146456842657,
    "102": 0.0009277596388874021,
    "103": 0.1263051532502526,
    "104": 0.04585471493809143,
    "105": 0,
    "106": 0.08336254644885367,
    "107": 0.12157105800794252,
    "108": 0.047105208549491594,
    "109": 0.11802701115678214,
    "110": 0.09697381683504841,
    "111": 0.0012173022921248841,
    "112": 0.07238000095142952,
    "113": 0.09968275171147103,
    "114": 0.1734951947395043,
    "115": 0.0897922398254435,
    "116": 0.1752145747094179,
    "117": 0.13649975454099164,
    "118": 0.08329177057356608,
    "119": 0.03281679406942103,
    "120": 0.10793537657400808,
    "121": 0.10664640961162336,
    "122": 0.18173547935619314,
    "123": 0.06600287907869481,
    "124": 0.019963702359346643,
    "125": 0.10933134213315349,
    "126": 0.10131503914012684,
    "127": 0.17177592263126681,
    "128": 0.08791992582202039,
    "129": 0.07851407057926466,
    "130": 0.11641625734373495,
    "131": 0.12210433027251914,
    "132": 0.14689853949184972,
    "133": 0.1549568915161569,
    "134": 0.027190402838071233,
    "135": 0.001422314852628466,
    "136": 0.010647010647010647,
    "137": 0,
    "138": 0.08548082966687617,
    "139": 0.05192871434553999,
    "140": 0.09999759389812565,
    "141": 0.12034207413249211,
    "142": 0.10621805219262846,
    "143": 0.011121408711770158,
    "144": 0,
    "145": 0.05781957506095437,
    "146": 0.0010423000086858334,
    "147": 0.007270964614638876,
    "148": 0.0023317832781656637,
    "149": 0.044582721573562654,
    "150": 0.13321159113844971,
    "152": 0.05655453130611756,
    "153": 0.15068018569415895,
    "154": 0,
    "155": 0.15286355631619417,
    "156": 0.15168892929575495,
    "157": 0.0004359698033546729,
    "158": 0.1653193472183091,
    "159": 0,
    "160": 0.040100309365332334,
    "161": 0.0038209230060996663,
    "162": 0.0947958686111973,
    "163": 0.050959753776754456,
    "164": 0.1919491136217507,
    "165": 0.10892612448013078,
    "166": 0.09925701507610185,
    "167": 0,
    "168": 0.05265016004518923,
    "169": 0.09893278478119451,
    "170": 0.07286877394636015,
    "171": 0.07269159907161486,
    "172": 0.21680809687969593,
    "173": 0.07462932454695223,
    "174": 0,
    "175": 0.1260776122286349,
    "176": 0.10025092320802954,
    "177": 0.08459968791261553,
    "178": 0.08185662026699606,
    "179": 0.033222357685454375,
    "180": 0.12340762421130917,
    "181": 0.01882183239495603,
    "182": 0.02439985170080638,
    "183": 0,
    "184": 0.004883329878147099,
    "185": 0.060739560388058306,
    "186": 0.1370401640332891,
    "187": 0,
    "188": 0.0627668659265585,
    "189": 0.23590413273928407,
    "190": 0.09331850168065195,
    "191": 0.18026148892574886,
    "192": 0.11568990142592896,
    "193": 0.0691660509569321,
    "194": 0.11707877809572725,
    "195": 0.02056153289611875,
    "196": 0.08183321747884657
}