{
    "0": 0.004007089465978269,
    "1": 0.1875736160188457,
    "2": 0.21052003816793893,
    "3": 0.2207457627118644,
    "4": 0,
    "5": 0.14933201385452746,
    "6": 0.1830082135523614,
    "7": 0.1771744132535665,
    "8": 0.18929308081755108,
    "9": 0.2227784730913642,
    "10": 0.21325575512269163,
    "11": 0.25363583478766727,
    "12": 0.19904891304347827,
    "13": 0.13551804038397883,
    "14": 0.21132947976878613,
    "15": 0.2067974298275279,
    "16": 0,
    "17": 0.15745231167151633,
    "18": 0,
    "19": 0.20668512658227847,
    "20": 0.23902600629451715,
    "21": 0.13952902657096083,
    "22": 0.09767277856135402,
    "23": 0.09194972317821337,
    "24": 0,
    "25": 0,
    "26": 0.041866849691146193,
    "27": 0.22764609246655715,
    "28": 0.27027903958468524,
    "29": 0.20804004379790395,
    "30": 0.17056914846970095,
    "31": 0,
    "32": 0.14247630331753555,
    "33": 0,
    "34": 0.16500142734798745,
    "35": 0,
    "36": 0.00633937785640572,
    "37": 0.227614950255445,
    "38": 0.18078695498050337,
    "39": 0.2688660608455156,
    "40": 0.2536101083032491,
    "41": 0.12192145551364544,
    "42": 0.15281501340482573,
    "43": 0,
    "44": 0.25359431837865926,
    "45": 0.20580878265703167,
    "46": 0.18097169724347745,
    "47": 0.15919801216690943,
    "48": 0.01358965860125953,
    "49": 0.1780240509313841,
    "50": 0.2919789507255621,
    "51": 0.0974599500517756,
    "52": 0.16642420715740472,
    "53": 0.15510024234412867,
    "54": 0,
    "55": 0.2197335675596545,
    "56": 0.1848173111032281,
    "57": 0.2878374279648165,
    "58": 0.16131511528608028,
    "59": 0,
    "60": 0.16990291262135923,
    "61": 0.16593527153044432,
    "62": 0.24007161458333334,
    "63": 0.28502495840266223,
    "64": 0.1923420406340701,
    "65": 0.03554854520805089,
    "66": 0.0002580039873343497,
    "67": 0.29517684887459805,
    "68": 0.2669149596523898,
    "69": 0.013854527461652647,
    "70": 0.2278965426233835,
    "71": 0,
    "72": 0.03683304647160069,
    "73": 0,
    "74": 0.17767842358006292,
    "75": 0.20417673455298585,
    "76": 0.13335013864381146,
    "77": 0.29262944847360434,
    "78": 0.18958212979010206,
    "79": 0.3176617432910339,
    "80": 0.15130926024887395,
    "81": 0.12672176308539945,
    "82": 0.15471847739888978,
    "83": 0.12761665939816833,
    "84": 0.2007753519689859,
    "85": 0,
    "86": 0.20973538059457694,
    "87": 0.21975007619628162,
    "88": 0.26481850206769797,
    "89": 0.16092216388952293,
    "90": 0.16138625185862976,
    "91": 0,
    "92": 0.18893505357533347,
    "93": 0.0007479956055258175,
    "94": 0.24669204277687148,
    "95": 0.1864030215507665,
    "96": 0.23987915407854984,
    "97": 0,
    "98": 0.0042889693070633965,
    "99": 0.23615214180206795,
    "100": 0.052429220552254456,
    "101": 0.16471006759160442,
    "102": 0.0022721371072448714,
    "103": 0.20125631235373814,
    "104": 0.22194071446668356,
    "105": 0,
    "106": 0.2269581629443221,
    "107": 0.1736652669466107,
    "108": 0.1621727237202032,
    "109": 0.17384927797833935,
    "110": 0.21680178920883422,
    "111": 6.71520802755154e-05,
    "112": 0.17928141528360386,
    "113": 0.19599884024354886,
    "114": 0.1960730593607306,
    "115": 0.18458049886621314,
    "116": 0.15179526355996945,
    "117": 0.2885347623748413,
    "118": 0.20995962314939434,
    "119": 0.14403583215464402,
    "120": 0.18850846123573398,
    "121": 0.05461618457035011,
    "122": 0.1468083557755295,
    "123": 0.33693693693693694,
    "124": 0.11485451761102604,
    "125": 0.21629822280017338,
    "126": 0.05216926367247174,
    "127": 0.14476756527276588,
    "128": 0.22617471872931832,
    "129": 0.20238944365192582,
    "130": 0.2206547048349541,
    "131": 0.2930202637504021,
    "132": 0.20940075740699488,
    "133": 0.14660390047074648,
    "134": 0.1840584119257682,
    "135": 0.0019727756954034327,
    "136": 0.00512125320078325,
    "137": 0,
    "138": 0.25257032007759456,
    "139": 0.1703982563899346,
    "140": 0.2269133459835547,
    "141": 0.26387351778656126,
    "142": 0.04982679589908674,
    "143": 0.10517059444249033,
    "144": 0,
    "145": 0.20072298325722984,
    "146": 0.006295130531383078,
    "147": 0.07681465821000705,
    "148": 0.0005254860746190226,
    "149": 0.191324200913242,
    "150": 0.17651029362132972,
    "151": 0.05655453130611756,
    "153": 0.14692765113974232,
    "154": 0,
    "155": 0.2844217151848938,
    "156": 0.15632540503274733,
    "157": 0.0037697052775873888,
    "158": 0.11815252416756176,
    "159": 0,
    "160": 0.2073202614379085,
    "161": 0.04389044943820225,
    "162": 0.1367244927962364,
    "163": 0.231311706629055,
    "164": 0.12807028794972103,
    "165": 0.2665130568356375,
    "166": 0.22630744849445325,
    "167": 0,
    "168": 0.21251984577001587,
    "169": 0.053021756647864626,
    "170": 0.2681672025723473,
    "171": 0.2661977834612106,
    "172": 0.11368132704306802,
    "173": 0.22833660889762372,
    "174": 0,
    "175": 0.20418452230904965,
    "176": 0.18893313195111905,
    "177": 0.30659429030961,
    "178": 0.23744454303460516,
    "179": 0.15436972502041926,
    "180": 0.19858945805493688,
    "181": 0.15722427086825344,
    "182": 0.16401043175891047,
    "183": 0,
    "184": 0.04223901098901099,
    "185": 0.14897848490327245,
    "186": 0.2351017441860465,
    "187": 0,
    "188": 0.22426706612454525,
    "189": 0.0718442896670165,
    "190": 0.28312803284807764,
    "191": 0.19220541036221916,
    "192": 0.16951438848920863,
    "193": 0.17991551459293395,
    "194": 0.2483170134638923,
    "195": 0.21195652173913043,
    "196": 0.24819322936477747
}