{
    "0": 0.005939788445890968,
    "1": 0.276079604578564,
    "2": 0.2782782782782783,
    "3": 0.2309997859130807,
    "4": 0,
    "5": 0.15314649536694902,
    "6": 0.31416319838567286,
    "7": 0.24516285558318676,
    "8": 0.2501527183872938,
    "9": 0.1468094944512947,
    "10": 0.2708637292092209,
    "11": 0.11249592701205605,
    "12": 0.2325818181818182,
    "13": 0.2588935903463407,
    "14": 0.13181782303259926,
    "15": 0.19526717557251907,
    "16": 0,
    "17": 0.06190975865687303,
    "18": 0,
    "19": 0.16528408201596495,
    "20": 0.2209936266605237,
    "21": 0.2160148091892918,
    "22": 0.029331841432225066,
    "23": 0.2020772718045876,
    "24": 0,
    "25": 0,
    "26": 0.016428571428571428,
    "27": 0.2554303556882976,
    "28": 0.21674074074074073,
    "29": 0.20257115256000593,
    "30": 0.24234016175689238,
    "31": 0,
    "32": 0.08191210232863234,
    "33": 0,
    "34": 0.2421427465551943,
    "35": 0,
    "36": 0.012313912883661092,
    "37": 0.24068767908309455,
    "38": 0.2212401322447878,
    "39": 0.1855277475516866,
    "40": 0.11187026671056964,
    "41": 0.15656943405634505,
    "42": 0.11849984242042232,
    "43": 0,
    "44": 0.1988400994200497,
    "45": 0.23928782505910165,
    "46": 0.24892051328832937,
    "47": 0.23461963797217858,
    "48": 0.010401071625561422,
    "49": 0.23841792283225002,
    "50": 0.24066172617710907,
    "51": 0.13565975067937713,
    "52": 0.07605139254648471,
    "53": 0.2118078282497709,
    "54": 0,
    "55": 0.22658498782197947,
    "56": 0.23973500793596025,
    "57": 0.2436820452541875,
    "58": 0.26781386330586526,
    "59": 0,
    "60": 0.1664323868428451,
    "61": 0.24755142017629775,
    "62": 0.2938170241286863,
    "63": 0.22537223642653031,
    "64": 0.19920844327176782,
    "65": 0.0988208652194284,
    "66": 0.0003703031403158468,
    "67": 0.10983849703361899,
    "68": 0.10174040338321405,
    "69": 0.016821321130460573,
    "70": 0.3274441451434004,
    "71": 0,
    "72": 0.061725211734137295,
    "73": 0,
    "74": 0.1512526171395567,
    "75": 0.22237369687249398,
    "76": 0.2125178622463561,
    "77": 0.259685946500434,
    "78": 0.27450352338244716,
    "79": 0.20311135804428923,
    "80": 0.23241007781465964,
    "81": 0.04568979459809154,
    "82": 0.2373601789709172,
    "83": 0.23129614802953474,
    "84": 0.16649398262532877,
    "85": 0,
    "86": 0.0796799738754184,
    "87": 0.219150521609538,
    "88": 0.2479457218243498,
    "89": 0.10944924826672899,
    "90": 0.15256199354170474,
    "91": 0,
    "92": 0.25994856524093124,
    "93": 0.001006422277410526,
    "94": 0.21223333070928127,
    "95": 0.11744320369657296,
    "96": 0.1827129137233114,
    "97": 0,
    "98": 0.0024281667341157424,
    "99": 0.16909336535574904,
    "100": 0.016015222389598033,
    "101": 0.25908923980903414,
    "102": 0.0021409880263262232,
    "103": 0.24836186852673853,
    "104": 0.12625815283034061,
    "105": 0,
    "106": 0.2664526484751204,
    "107": 0.2195016652275811,
    "108": 0.11937742031575811,
    "109": 0.22508979646135427,
    "110": 0.22428694900605012,
    "111": 0.0003420062613454,
    "112": 0.1686113901553203,
    "113": 0.20725501599302124,
    "114": 0.2795031055900621,
    "115": 0.19794818805815928,
    "116": 0.23343504795117698,
    "117": 0.25306034791323645,
    "118": 0.19981640146878826,
    "119": 0.12034337544541626,
    "120": 0.23112292549752136,
    "121": 0.12794437766009292,
    "122": 0.23469659096952614,
    "123": 0.1634358017681888,
    "124": 0.05135543365927339,
    "125": 0.22458403576925895,
    "126": 0.12051085077779912,
    "127": 0.2349123266160691,
    "128": 0.20010519987977157,
    "129": 0.18545145330859616,
    "130": 0.23810213690691778,
    "131": 0.23750748055056853,
    "132": 0.23462088698140202,
    "133": 0.2526240458015267,
    "134": 0.07795763872110816,
    "135": 0.0025131880163232804,
    "136": 0.010101632275947028,
    "137": 0,
    "138": 0.21045414213116076,
    "139": 0.1309496697790936,
    "140": 0.21962828649138713,
    "141": 0.25778398944017394,
    "142": 0.12163830748381269,
    "143": 0.03388741668674215,
    "144": 0,
    "145": 0.2068625841405352,
    "146": 0.003019759732160441,
    "147": 0.02244150883335986,
    "148": 0.0021384048409845762,
    "149": 0.16311051841973662,
    "150": 0.2464015280714919,
    "151": 0.15068018569415895,
    "152": 0.14692765113974232,
    "154": 0,
    "155": 0.2631505316172356,
    "156": 0.27441659464131374,
    "157": 0.0014106583072100312,
    "158": 0.31426440822413976,
    "159": 0,
    "160": 0.1143661971830986,
    "161": 0.01323296354992076,
    "162": 0.2570406202372275,
    "163": 0.13279282115869018,
    "164": 0.3827426995262937,
    "165": 0.22362468991682474,
    "166": 0.22426134632957662,
    "167": 0,
    "168": 0.143244320446393,
    "169": 0.11932270916334661,
    "170": 0.1808655307575394,
    "171": 0.18053337591823698,
    "172": 0.21828460532422056,
    "173": 0.18231416230961583,
    "174": 0,
    "175": 0.2507496787091247,
    "176": 0.199845190345507,
    "177": 0.19571984435797665,
    "178": 0.187362845251608,
    "179": 0.08497566424638953,
    "180": 0.2525978647686833,
    "181": 0.05476363050656358,
    "182": 0.08958758677011025,
    "183": 0,
    "184": 0.016510557231306556,
    "185": 0.12486244589538552,
    "186": 0.23666934619506966,
    "187": 0,
    "188": 0.12740584195033589,
    "189": 0.15227356852025853,
    "190": 0.21876477075783834,
    "191": 0.2674540198068524,
    "192": 0.21464215364412345,
    "193": 0.1541788969565889,
    "194": 0.25495924957711824,
    "195": 0.059315157416423236,
    "196": 0.18932794026135658
}