{
    "0": 0.005026253972640597,
    "1": 0.3198080988778663,
    "2": 0.3165220535068691,
    "3": 0.3007346627230226,
    "4": 0,
    "5": 0.22980237752706897,
    "6": 0.38324548794122343,
    "7": 0.3174304739522131,
    "8": 0.34091275600709564,
    "9": 0.18473937617751726,
    "10": 0.2817040358744395,
    "11": 0.1742802759933381,
    "12": 0.24125495852866932,
    "13": 0.2639667329596818,
    "14": 0.15918585966791646,
    "15": 0.2017017984915877,
    "16": 0,
    "17": 0.07713156408808583,
    "18": 0,
    "19": 0.1715814986871339,
    "20": 0.25182008576842524,
    "21": 0.31349889353331695,
    "22": 0.04624542124542125,
    "23": 0.23350667494566904,
    "24": 0,
    "25": 0,
    "26": 0.0199910654456109,
    "27": 0.34514483512479505,
    "28": 0.3650232146805218,
    "29": 0.2372733443226995,
    "30": 0.2800611042409253,
    "31": 0,
    "32": 0.08536041062262888,
    "33": 0,
    "34": 0.18936018535020496,
    "35": 0,
    "36": 0.010505684045472363,
    "37": 0.31625,
    "38": 0.25808388369499957,
    "39": 0.24486960239418554,
    "40": 0.16436562723161152,
    "41": 0.13883166568569746,
    "42": 0.10915922014622258,
    "43": 0,
    "44": 0.2791356341130809,
    "45": 0.26481620405101275,
    "46": 0.3165040967616075,
    "47": 0.28041446272009274,
    "48": 0.011046062078868883,
    "49": 0.2383740381398461,
    "50": 0.40488243896951287,
    "51": 0.1577926387258155,
    "52": 0.08539644454138946,
    "53": 0.20843146490814884,
    "54": 0,
    "55": 0.2728415353379097,
    "56": 0.23922647328498792,
    "57": 0.4187027987561084,
    "58": 0.2880133993591611,
    "59": 0,
    "60": 0.16183868169991328,
    "61": 0.2693050193050193,
    "62": 0.29218620116375726,
    "63": 0.3847900113507378,
    "64": 0.31266421439831843,
    "65": 0.10375707527822592,
    "66": 0.0003506651446307198,
    "67": 0.177490234375,
    "68": 0.15486307837582625,
    "69": 0.015186974057660708,
    "70": 0.3738051657514745,
    "71": 0,
    "72": 0.06630153398515222,
    "73": 0,
    "74": 0.20461916461916463,
    "75": 0.21270663214499103,
    "76": 0.19462077089195734,
    "77": 0.33091142216048725,
    "78": 0.3249274895262649,
    "79": 0.3333333333333333,
    "80": 0.2727151700725554,
    "81": 0.0641705069124424,
    "82": 0.2757015742642026,
    "83": 0.3005926251097454,
    "84": 0.16006082108464267,
    "85": 0,
    "86": 0.142455023864888,
    "87": 0.25698757763975155,
    "88": 0.38019413240266114,
    "89": 0.10702307145035064,
    "90": 0.20644286739494458,
    "91": 0,
    "92": 0.281630271711952,
    "93": 0.0009372419795145682,
    "94": 0.25665019451161813,
    "95": 0.130328120208525,
    "96": 0.20634090195668098,
    "97": 0,
    "98": 0.0028674362179251524,
    "99": 0.22495894909688013,
    "100": 0.025499266614013315,
    "101": 0.28680089485458615,
    "102": 0.002229240200631618,
    "103": 0.27773343974461295,
    "104": 0.1513353115727003,
    "105": 0,
    "106": 0.26606965174129354,
    "107": 0.3050360892388451,
    "108": 0.12437234453456933,
    "109": 0.22760894034410678,
    "110": 0.25622119815668204,
    "111": 0.0001993385584197889,
    "112": 0.15279777329878108,
    "113": 0.22903942254303164,
    "114": 0.40823429541595924,
    "115": 0.19666575066410186,
    "116": 0.27714553487749366,
    "117": 0.44417819409650366,
    "118": 0.20163461538461538,
    "119": 0.10611435726210351,
    "120": 0.22100978609162553,
    "121": 0.10934067849796032,
    "122": 0.2766993442835811,
    "123": 0.33632879608827804,
    "124": 0.05525827235994321,
    "125": 0.25166058564879784,
    "126": 0.10315767749036873,
    "127": 0.2796290374160537,
    "128": 0.2402339877057307,
    "129": 0.1961698749751935,
    "130": 0.28642836932943505,
    "131": 0.38232701630674304,
    "132": 0.3384519794070655,
    "133": 0.2359896118097321,
    "134": 0.10086878032268984,
    "135": 0.0023001095290251915,
    "136": 0.008862863021286698,
    "137": 0,
    "138": 0.23435025862978992,
    "139": 0.12937165124208475,
    "140": 0.27125628140703517,
    "141": 0.33396604450068545,
    "142": 0.1034006615073376,
    "143": 0.05023511870627365,
    "144": 0,
    "145": 0.18825086540419467,
    "146": 0.003552551771943506,
    "147": 0.0348309507601543,
    "148": 0.001338754462514875,
    "149": 0.14795160263213755,
    "150": 0.24238464679461005,
    "151": 0.15286355631619417,
    "152": 0.2844217151848938,
    "153": 0.2631505316172356,
    "154": 0,
    "156": 0.25761655094232677,
    "157": 0.0016548984995586938,
    "158": 0.21958011996572407,
    "159": 0,
    "160": 0.12318137730358875,
    "161": 0.017333929769626482,
    "162": 0.18988253945377243,
    "163": 0.16810624055279638,
    "164": 0.2627867006460025,
    "165": 0.3622274476271911,
    "166": 0.2635566188197767,
    "167": 0,
    "168": 0.14393704048876463,
    "169": 0.10320936243538197,
    "170": 0.22768491205069377,
    "171": 0.2264808362369338,
    "172": 0.2531142984763512,
    "173": 0.21087150949021166,
    "174": 0,
    "175": 0.2826558265582656,
    "176": 0.20824219091784058,
    "177": 0.32391910739191077,
    "178": 0.24584923172115086,
    "179": 0.08873133526694596,
    "180": 0.2816308243727599,
    "181": 0.10351024320115011,
    "182": 0.09261507892703388,
    "183": 0,
    "184": 0.020107238605898123,
    "185": 0.13448177405539163,
    "186": 0.4104121043201274,
    "187": 0,
    "188": 0.19396412845022018,
    "189": 0.17145499186888175,
    "190": 0.3131708407871199,
    "191": 0.3343541421279937,
    "192": 0.22682652075957516,
    "193": 0.14882352941176472,
    "194": 0.31405803024111156,
    "195": 0.10923151280811987,
    "196": 0.22263450834879406
}