{
    "0": 0.004823729478710184,
    "1": 0.34263521288837745,
    "2": 0.34292035398230086,
    "3": 0.32475117216418525,
    "4": 0,
    "5": 0.18755718206770358,
    "6": 0.3581665765278529,
    "7": 0.3711831372265935,
    "8": 0.34974640743871516,
    "9": 0.18821548821548822,
    "10": 0.3407798537774167,
    "11": 0.11227570015093075,
    "12": 0.32380474757606154,
    "13": 0.35054977711738483,
    "14": 0.17058468957203135,
    "15": 0.27407278425909803,
    "16": 0,
    "17": 0.07987275384747657,
    "18": 0,
    "19": 0.2329676163510883,
    "20": 0.2943621719927254,
    "21": 0.2905146746065504,
    "22": 0.03056153718734471,
    "23": 0.27210858775755753,
    "24": 0,
    "25": 0,
    "26": 0.013469387755102041,
    "27": 0.3135997614076946,
    "28": 0.2767285268516998,
    "29": 0.29448696998365875,
    "30": 0.34925434678029,
    "31": 0,
    "32": 0.063564875491481,
    "33": 0,
    "34": 0.16069665773515723,
    "35": 0,
    "36": 0.007349735284957957,
    "37": 0.27109993906154783,
    "38": 0.32610239015539955,
    "39": 0.24099913867355727,
    "40": 0.12292817679558012,
    "41": 0.24923747276688454,
    "42": 0.15116874253540352,
    "43": 0,
    "44": 0.26025673294739493,
    "45": 0.29271255060728746,
    "46": 0.35187662840645023,
    "47": 0.33571380448696353,
    "48": 0.008694239050946616,
    "49": 0.35250977835723596,
    "50": 0.25896008156223044,
    "51": 0.17516856544989537,
    "52": 0.09714285714285714,
    "53": 0.3144581996026288,
    "54": 0,
    "55": 0.31901318587834965,
    "56": 0.38159993284647026,
    "57": 0.3193548387096774,
    "58": 0.36854951185495116,
    "59": 0,
    "60": 0.265196564255038,
    "61": 0.37033812218836165,
    "62": 0.2553851174934726,
    "63": 0.2815815649867374,
    "64": 0.2528283664459161,
    "65": 0.09509824306060921,
    "66": 0.00030587943980365454,
    "67": 0.12091616248919619,
    "68": 0.10740866035182679,
    "69": 0.012578616352201259,
    "70": 0.2907066646049173,
    "71": 0,
    "72": 0.07703837545941729,
    "73": 0,
    "74": 0.1996344274020504,
    "75": 0.1878716744913928,
    "76": 0.34037735849056605,
    "77": 0.34649635693082664,
    "78": 0.33518570624648286,
    "79": 0.21886698278013478,
    "80": 0.3369146179611957,
    "81": 0.044703919933277735,
    "82": 0.3371207230471272,
    "83": 0.3156862745098039,
    "84": 0.19530516431924883,
    "85": 0,
    "86": 0.07820243595128097,
    "87": 0.3203478260869565,
    "88": 0.2512967407292715,
    "89": 0.1574898435474112,
    "90": 0.19314353656119956,
    "91": 0,
    "92": 0.35271798048629394,
    "93": 0.000914999455357467,
    "94": 0.27740117968130995,
    "95": 0.17193556723231976,
    "96": 0.2442964935641367,
    "97": 0,
    "98": 0.0022523857506964616,
    "99": 0.20703950577141927,
    "100": 0.015147793334970933,
    "101": 0.3558084000561877,
    "102": 0.0017736214124475975,
    "103": 0.3585279313474709,
    "104": 0.15600867678958785,
    "105": 0,
    "106": 0.17483731019522777,
    "107": 0.2105001861735137,
    "108": 0.1790744466800805,
    "109": 0.335340109460516,
    "110": 0.28311047437121933,
    "111": 9.678412740310589e-05,
    "112": 0.22501074344649763,
    "113": 0.3202828561572956,
    "114": 0.37097457627118646,
    "115": 0.3098431063195723,
    "116": 0.33731664137582196,
    "117": 0.28916124090386824,
    "118": 0.2673998968894999,
    "119": 0.08193901485535575,
    "120": 0.3388360144866504,
    "121": 0.09909401548637889,
    "122": 0.33671774044674174,
    "123": 0.17165752846900043,
    "124": 0.06462727960332801,
    "125": 0.3109116833011826,
    "126": 0.09350424174871509,
    "127": 0.3634830407895559,
    "128": 0.2636790869419268,
    "129": 0.26970991279587114,
    "130": 0.3304188525272712,
    "131": 0.30645700903312145,
    "132": 0.3126741968607892,
    "133": 0.3807697770203096,
    "134": 0.09335834256969903,
    "135": 0.0020859512440311637,
    "136": 0.006150756291972636,
    "137": 0,
    "138": 0.2533543804262036,
    "139": 0.1870808929632459,
    "140": 0.29433350401092334,
    "141": 0.28636176349402553,
    "142": 0.09416727272727272,
    "143": 0.03600300025002084,
    "144": 0,
    "145": 0.139591587930509,
    "146": 0.002564967937900776,
    "147": 0.02384881993728338,
    "148": 0.0008937984140807627,
    "149": 0.11961569255404324,
    "150": 0.3574798113056688,
    "151": 0.15168892929575495,
    "152": 0.15632540503274733,
    "153": 0.27441659464131374,
    "154": 0,
    "155": 0.25761655094232677,
    "157": 0.0009726049602852974,
    "158": 0.21482781519779906,
    "159": 0,
    "160": 0.14994303742003331,
    "161": 0.012191130747831779,
    "162": 0.17356812308431996,
    "163": 0.17222413200412512,
    "164": 0.29116893034418806,
    "165": 0.2916598661661498,
    "166": 0.30037891836031694,
    "167": 0,
    "168": 0.2186327445776517,
    "169": 0.09279146035624719,
    "170": 0.23919436770341324,
    "171": 0.23844238975817922,
    "172": 0.29899700527641776,
    "173": 0.2717133573373145,
    "174": 0,
    "175": 0.36610597140454165,
    "176": 0.3046067322802084,
    "177": 0.22114748677248677,
    "178": 0.2582741811340118,
    "179": 0.1084409475754725,
    "180": 0.363227204534089,
    "181": 0.05223077559804652,
    "182": 0.06769355492501013,
    "183": 0,
    "184": 0.013469387755102041,
    "185": 0.1926896436618543,
    "186": 0.31358490566037733,
    "187": 0,
    "188": 0.15270499072804966,
    "189": 0.1955249042145594,
    "190": 0.2765475152571927,
    "191": 0.3579676674364896,
    "192": 0.34230890713834494,
    "193": 0.20602327173169063,
    "194": 0.3415425065731814,
    "195": 0.06081989247311828,
    "196": 0.24887387387387389
}