{
    "0": 0.00018205356420422365,
    "1": 0.0012598992080633548,
    "2": 0.0014415613218008428,
    "3": 0.001810422863054442,
    "4": 0,
    "5": 0.0011731352038322417,
    "6": 0.0009946442234123947,
    "7": 0.00101514254293207,
    "8": 0.0011858377096391666,
    "9": 0.0019782393669634025,
    "10": 0.0016706443914081145,
    "11": 0.003923278116826504,
    "12": 0.0016224986479177934,
    "13": 0.0011662881345528206,
    "14": 0.0030646644192460926,
    "15": 0.0018281535648994515,
    "16": 0,
    "17": 0.005917159763313609,
    "18": 0,
    "19": 0.002349624060150376,
    "20": 0.001657550140891762,
    "21": 0.0009189065012634965,
    "22": 0.015873015873015872,
    "23": 0.0006959426543252836,
    "24": 0,
    "25": 0,
    "26": 0.025547445255474453,
    "27": 0.001473063973063973,
    "28": 0.0015137753557372085,
    "29": 0.0017854244440837527,
    "30": 0.0010486408001935952,
    "31": 0,
    "32": 0.007607192254495159,
    "33": 0,
    "34": 0.003121098626716604,
    "35": 0,
    "36": 0.0015048908954100827,
    "37": 0.0013867876954109935,
    "38": 0.0011583458820803893,
    "39": 0.0022485690923957483,
    "40": 0.004241281809613572,
    "41": 0.0013221153846153847,
    "42": 0.003044654939106901,
    "43": 0,
    "44": 0.0024125452352231603,
    "45": 0.0017901404571743322,
    "46": 0.0010945524964216552,
    "47": 0.0009605379012246858,
    "48": 0.04784688995215311,
    "49": 0.0015105740181268882,
    "50": 0.002275636467074385,
    "51": 0.0007774654625919503,
    "52": 0.005316007088009451,
    "53": 0.0013333333333333333,
    "54": 0,
    "55": 0.0012958963282937365,
    "56": 0.0010350776308223116,
    "57": 0.0011996800853105837,
    "58": 0.0012712537740346417,
    "59": 0,
    "60": 0.0016082341588935349,
    "61": 0.001113776559287183,
    "62": 0.002097450790577606,
    "63": 0.0016809290953545232,
    "64": 0.0014727540500736377,
    "65": 0.0003028467595396729,
    "66": 3.1976209699983215e-05,
    "67": 0.0033947623666343357,
    "68": 0.004381694255111977,
    "69": 0.0011165507171691145,
    "70": 0.0019680196801968018,
    "71": 0,
    "72": 0.0002962017817676411,
    "73": 0,
    "74": 0.0015097188148707303,
    "75": 0.0024696048632218844,
    "76": 0.0009028974800952146,
    "77": 0.0018447348193697155,
    "78": 0.0013130252100840337,
    "79": 0.0026183282980866062,
    "80": 0.0010590976488032196,
    "81": 0.0079155672823219,
    "82": 0.001028353165858675,
    "83": 0.0008448464367359109,
    "84": 0.0027659039476992707,
    "85": 0,
    "86": 0.007570543702684102,
    "87": 0.0016783643576441867,
    "88": 0.002542013839853128,
    "89": 0.002407980736154111,
    "90": 0.0011527377521613833,
    "91": 0,
    "92": 0.0014427040395713108,
    "93": 5.570986303332246e-05,
    "94": 0.0014944890715486642,
    "95": 0.0030404378230465185,
    "96": 0.002018389773491814,
    "97": 0,
    "98": 0.001076426264800861,
    "99": 0.0025600630169358013,
    "100": 0.02527075812274368,
    "101": 0.001245019920318725,
    "102": 0.00031756113051762465,
    "103": 0.0012948793407886992,
    "104": 0.003918774492340577,
    "105": 0,
    "106": 0.002364438839848676,
    "107": 0.0016080211880438895,
    "108": 0.002313624678663239,
    "109": 0.0012149326264634416,
    "110": 0.0012214983713355048,
    "111": 2.9591927322226496e-05,
    "112": 0.0021934634788330775,
    "113": 0.0014898688915375446,
    "114": 0.0010528020732102365,
    "115": 0.0014589074404279462,
    "116": 0.0010590228748940977,
    "117": 0.002053388090349076,
    "118": 0.0019826964671953856,
    "119": 0.005850234009360375,
    "120": 0.0013145786775338505,
    "121": 0.0008112179858616293,
    "122": 0.0010085389632219458,
    "123": 0.003883495145631068,
    "124": 0.00618921308576481,
    "125": 0.0015662822155773886,
    "126": 0.0007690532953933708,
    "127": 0.0008480657577141366,
    "128": 0.0020394289598912306,
    "129": 0.0016025641025641025,
    "130": 0.0015729453401494297,
    "131": 0.002010338885697875,
    "132": 0.0010154346060113728,
    "133": 0.0009607686148919135,
    "134": 0.004965859714463066,
    "135": 0.00028935185185185184,
    "136": 0.001568627450980392,
    "137": 0,
    "138": 0.0022601191699198686,
    "139": 0.002320185614849188,
    "140": 0.0014272121788772598,
    "141": 0.0013284132841328412,
    "142": 0.0008067061835782681,
    "143": 0.018148820326678767,
    "144": 0,
    "145": 0.0029082774049217002,
    "146": 0.0015438054805094559,
    "147": 0.023316062176165803,
    "148": 0.00022288734636693625,
    "149": 0.004433185560481318,
    "150": 0.001423721388675939,
    "151": 0.0004359698033546729,
    "152": 0.0037697052775873888,
    "153": 0.0014106583072100312,
    "154": 0,
    "155": 0.0016548984995586938,
    "156": 0.0009726049602852974,
    "158": 0.0010668163952835487,
    "159": 0,
    "160": 0.003966679888932963,
    "161": 0.04285714285714286,
    "162": 0.0018839861179970254,
    "163": 0.003303303303303303,
    "164": 0.0010790719980816497,
    "165": 0.0018351214003387917,
    "166": 0.0017532674529805547,
    "167": 0,
    "168": 0.0023550191345304682,
    "169": 0.0008149295085975063,
    "170": 0.0021032951624211263,
    "171": 0.002325581395348837,
    "172": 0.0008925635364306854,
    "173": 0.0015188912094171254,
    "174": 0,
    "175": 0.0012071463061323032,
    "176": 0.0015399692006159878,
    "177": 0.0023391812865497076,
    "178": 0.00165959800848239,
    "179": 0.005744125326370757,
    "180": 0.00119019281123542,
    "181": 0.010689990281827016,
    "182": 0.006505026611472502,
    "183": 0,
    "184": 0.025547445255474453,
    "185": 0.001629802095459837,
    "186": 0.0012981393336218088,
    "187": 0,
    "188": 0.0018018018018018018,
    "189": 0.0005445469671759189,
    "190": 0.0016351744186046512,
    "191": 0.0009012699713232282,
    "192": 0.0011084016847705607,
    "193": 0.002145922746781116,
    "194": 0.0013054830287206266,
    "195": 0.006692160611854685,
    "196": 0.0018072289156626507
}