{
    "0": 0.006005960803203179,
    "1": 0.22367367367367366,
    "2": 0.21403471408795655,
    "3": 0.17955404182853493,
    "4": 0,
    "5": 0.13118666966899348,
    "6": 0.2573096546310832,
    "7": 0.20588095124624697,
    "8": 0.21093825026409296,
    "9": 0.11164015236388079,
    "10": 0.2108806602236942,
    "11": 0.082791831051288,
    "12": 0.17685612979477813,
    "13": 0.23081208485108207,
    "14": 0.0982218939953417,
    "15": 0.1428334622610233,
    "16": 0,
    "17": 0.043602818999598926,
    "18": 0,
    "19": 0.12334652345958168,
    "20": 0.16802152828390424,
    "21": 0.1936741767764298,
    "22": 0.021013667425968108,
    "23": 0.1976562968291075,
    "24": 0,
    "25": 0,
    "26": 0.011726716519374574,
    "27": 0.21350193332636638,
    "28": 0.1688959543909659,
    "29": 0.1512203076588574,
    "30": 0.20705155218429555,
    "31": 0,
    "32": 0.062288185111604534,
    "33": 0,
    "34": 0.209773819289816,
    "35": 0,
    "36": 0.010693682285071057,
    "37": 0.18942235558889722,
    "38": 0.16930868574322613,
    "39": 0.14290571169537625,
    "40": 0.07921367919041526,
    "41": 0.12535912660409884,
    "42": 0.08305237131939762,
    "43": 0,
    "44": 0.15540503025928598,
    "45": 0.17863331167424734,
    "46": 0.20344124757074467,
    "47": 0.19487132437267765,
    "48": 0.008184229835750973,
    "49": 0.1844096610345185,
    "50": 0.1926058105169241,
    "51": 0.11755446642578614,
    "52": 0.05641523439730486,
    "53": 0.16665008456869962,
    "54": 0,
    "55": 0.1741784293421985,
    "56": 0.19279251006851822,
    "57": 0.19203413940256045,
    "58": 0.2224070729156764,
    "59": 0,
    "60": 0.12968012585212377,
    "61": 0.2121871073741181,
    "62": 0.22086737145603075,
    "63": 0.17472283813747227,
    "64": 0.1643315820198482,
    "65": 0.11166700272204859,
    "66": 0.0003712186477835445,
    "67": 0.07950963222416813,
    "68": 0.07703488372093023,
    "69": 0.01529415882126483,
    "70": 0.24454649827784156,
    "71": 0,
    "72": 0.05849975557205193,
    "73": 0,
    "74": 0.11173509933774835,
    "75": 0.17402992052360916,
    "76": 0.1746546060033302,
    "77": 0.1919157415314546,
    "78": 0.23417721518987342,
    "79": 0.16463307840504407,
    "80": 0.20610450991651574,
    "81": 0.030731372324596544,
    "82": 0.20221705703558018,
    "83": 0.21801181102362205,
    "84": 0.12653202140514413,
    "85": 0,
    "86": 0.055642135642135646,
    "87": 0.16686746987951806,
    "88": 0.20020250885976262,
    "89": 0.07770025118615685,
    "90": 0.1214027510445519,
    "91": 0,
    "92": 0.20466188524590165,
    "93": 0.0011179195517142598,
    "94": 0.15509141336955906,
    "95": 0.08984615384615384,
    "96": 0.13720437496421004,
    "97": 0,
    "98": 0.0021489009267135245,
    "99": 0.12745420642755292,
    "100": 0.011666761057937363,
    "101": 0.2131664437225301,
    "102": 0.001850016518004625,
    "103": 0.1922287158426789,
    "104": 0.09239349163456563,
    "105": 0,
    "106": 0.23419260700389105,
    "107": 0.19616403414107722,
    "108": 0.09348659003831418,
    "109": 0.17785743134087237,
    "110": 0.17717976318622175,
    "111": 0.0003527070264278336,
    "112": 0.12362622036262204,
    "113": 0.1592963202065849,
    "114": 0.2297899118985381,
    "115": 0.15147066818898494,
    "116": 0.20678220886019985,
    "117": 0.21306367860071057,
    "118": 0.14819544697390338,
    "119": 0.0964398641527111,
    "120": 0.181062677604418,
    "121": 0.1263363044911295,
    "122": 0.20833152715765746,
    "123": 0.12375458835867856,
    "124": 0.038104987772280045,
    "125": 0.17442808237787316,
    "126": 0.12006904748429453,
    "127": 0.20182164795594154,
    "128": 0.152147577092511,
    "129": 0.1356991407209017,
    "130": 0.18617451837461552,
    "131": 0.1838763114301491,
    "132": 0.19343834654359385,
    "133": 0.2130885122410546,
    "134": 0.05592161805993239,
    "135": 0.0024324443854760957,
    "136": 0.008707931277947752,
    "137": 0,
    "138": 0.15888611127260044,
    "139": 0.09912101277019184,
    "140": 0.16808958864619136,
    "141": 0.2046458273587611,
    "142": 0.12253123740427246,
    "143": 0.023628788311169453,
    "144": 0,
    "145": 0.181912809208915,
    "146": 0.0026641669544624795,
    "147": 0.01671024212799818,
    "148": 0.0025537304894990604,
    "149": 0.13527272727272727,
    "150": 0.19531209664928495,
    "151": 0.1653193472183091,
    "152": 0.11815252416756176,
    "153": 0.31426440822413976,
    "154": 0,
    "155": 0.21958011996572407,
    "156": 0.21482781519779906,
    "157": 0.0010668163952835487,
    "159": 0,
    "160": 0.08130686044515649,
    "161": 0.00864406779661017,
    "162": 0.24216630313347876,
    "163": 0.09810914855072464,
    "164": 0.3342200725513906,
    "165": 0.1759369907658881,
    "166": 0.16857365029993335,
    "167": 0,
    "168": 0.10556095330628108,
    "169": 0.11864703820539782,
    "170": 0.1289532167075047,
    "171": 0.1290708266909588,
    "172": 0.20539740953205615,
    "173": 0.14040544293251875,
    "174": 0,
    "175": 0.19256505576208177,
    "176": 0.15622204682978164,
    "177": 0.15957202024850436,
    "178": 0.1460849240358395,
    "179": 0.06209728003649427,
    "180": 0.19246220530711491,
    "181": 0.03886440386926907,
    "182": 0.07580502215657312,
    "183": 0,
    "184": 0.01178470254957507,
    "185": 0.09313067296847306,
    "186": 0.19491264131551903,
    "187": 0,
    "188": 0.09673512085007983,
    "189": 0.1470401180391259,
    "190": 0.1617062365102806,
    "191": 0.2320792465720002,
    "192": 0.16962948167382402,
    "193": 0.11707262319003255,
    "194": 0.1978518937252685,
    "195": 0.04275671314970612,
    "196": 0.1468984321745058
}