{
    "0": 0.0036079374624173183,
    "1": 0.16453471340689385,
    "2": 0.1877911838490025,
    "3": 0.19948044845501778,
    "4": 0,
    "5": 0.10360531309297913,
    "6": 0.1339903885314002,
    "7": 0.15850965961361546,
    "8": 0.1540923639689072,
    "9": 0.2578324437224414,
    "10": 0.1872394188250158,
    "11": 0.15216798472866103,
    "12": 0.1960591133004926,
    "13": 0.12078985602958658,
    "14": 0.22505040322580644,
    "15": 0.26415818775196775,
    "16": 0,
    "17": 0.24613506916192027,
    "18": 0,
    "19": 0.29357798165137616,
    "20": 0.21462105969148224,
    "21": 0.10484115896252202,
    "22": 0.09652971679297966,
    "23": 0.07268262287871569,
    "24": 0,
    "25": 0,
    "26": 0.03572815533980583,
    "27": 0.16059438635112824,
    "28": 0.2077174420413879,
    "29": 0.2406710030811366,
    "30": 0.15130313101276893,
    "31": 0,
    "32": 0.11797929086915594,
    "33": 0,
    "34": 0.1317467063323417,
    "35": 0,
    "36": 0.007212292254625274,
    "37": 0.1761577377091711,
    "38": 0.19699248120300752,
    "39": 0.2681506136883711,
    "40": 0.22340759334797616,
    "41": 0.16771643818698284,
    "42": 0.21625887924230466,
    "43": 0,
    "44": 0.21176268861454048,
    "45": 0.204214172319238,
    "46": 0.15467298232829296,
    "47": 0.14804565894154273,
    "48": 0.024475524475524476,
    "49": 0.21127482383087764,
    "50": 0.1792533485323454,
    "51": 0.07663226116178588,
    "52": 0.21954576737783896,
    "53": 0.19692009215472292,
    "54": 0,
    "55": 0.2019345238095238,
    "56": 0.21000507872016252,
    "57": 0.20210822206605764,
    "58": 0.15156749287503238,
    "59": 0,
    "60": 0.2749599572877736,
    "61": 0.16552372005636448,
    "62": 0.2010965973230124,
    "63": 0.23221520012963864,
    "64": 0.13257456001686163,
    "65": 0.023322197048244436,
    "66": 0.00021958028796386335,
    "67": 0.21247257912879974,
    "68": 0.18895966029723993,
    "69": 0.013658820110433014,
    "70": 0.14544130144470074,
    "71": 0,
    "72": 0.02920640715556975,
    "73": 0,
    "74": 0.16456128371457834,
    "75": 0.16572310859495626,
    "76": 0.15529558849794606,
    "77": 0.25655682582380634,
    "78": 0.1427120834487215,
    "79": 0.1966019417475728,
    "80": 0.1321699544764795,
    "81": 0.09642988590357011,
    "82": 0.13935401952226015,
    "83": 0.10155793055777104,
    "84": 0.256902199344876,
    "85": 0,
    "86": 0.13892487046632124,
    "87": 0.21113032542053137,
    "88": 0.1545603495357728,
    "89": 0.25518207282913163,
    "90": 0.12547613712749273,
    "91": 0,
    "92": 0.18241807404093502,
    "93": 0.0006642389384680305,
    "94": 0.23298429319371727,
    "95": 0.312710911136108,
    "96": 0.28172817281728174,
    "97": 0,
    "98": 0.004388448471121178,
    "99": 0.1968721251149954,
    "100": 0.03819173811379579,
    "101": 0.15084548626644,
    "102": 0.0017974835230677051,
    "103": 0.19526702100733992,
    "104": 0.25198637911464244,
    "105": 0,
    "106": 0.1295373665480427,
    "107": 0.10312701780278571,
    "108": 0.27546802820325794,
    "109": 0.20245771991726488,
    "110": 0.2005685856432125,
    "111": 5.777897615654251e-05,
    "112": 0.22981366459627328,
    "113": 0.20413159908186687,
    "114": 0.14169620472032507,
    "115": 0.2502599653379549,
    "116": 0.1325438396720565,
    "117": 0.16094631037018878,
    "118": 0.445777464126088,
    "119": 0.1254630773030378,
    "120": 0.2296242774566474,
    "121": 0.03528347406513872,
    "122": 0.1269486143187067,
    "123": 0.1993583868010999,
    "124": 0.17112100965107646,
    "125": 0.20156296077853142,
    "126": 0.03356659057740523,
    "127": 0.13060704683741334,
    "128": 0.2018763611995309,
    "129": 0.2254122211445199,
    "130": 0.18758489540885628,
    "131": 0.2111829249962423,
    "132": 0.1585014409221902,
    "133": 0.15671838022613727,
    "134": 0.21945224719101122,
    "135": 0.0017649605381464585,
    "136": 0.00561077268355242,
    "137": 0,
    "138": 0.24888074888074888,
    "139": 0.23909006499535748,
    "140": 0.19990450421773037,
    "141": 0.1946610677864427,
    "142": 0.033090509243350975,
    "143": 0.094140625,
    "144": 0,
    "145": 0.1433056325023084,
    "146": 0.0049800796812749,
    "147": 0.06930693069306931,
    "148": 0.0005316792202038103,
    "149": 0.16225708265043315,
    "150": 0.19148430066603234,
    "151": 0.040100309365332334,
    "152": 0.2073202614379085,
    "153": 0.1143661971830986,
    "154": 0,
    "155": 0.12318137730358875,
    "156": 0.14994303742003331,
    "157": 0.003966679888932963,
    "158": 0.08130686044515649,
    "159": 0,
    "161": 0.04437273093989512,
    "162": 0.09948591012947448,
    "163": 0.28119130668097664,
    "164": 0.10037546933667084,
    "165": 0.2270450751252087,
    "166": 0.21614115340630616,
    "167": 0,
    "168": 0.3547356188262638,
    "169": 0.03377925101613985,
    "170": 0.2726027397260274,
    "171": 0.27187997272107295,
    "172": 0.08836910295717536,
    "173": 0.26863600317208564,
    "174": 0,
    "175": 0.19741100323624594,
    "176": 0.21187943262411346,
    "177": 0.194065173857637,
    "178": 0.25323686214775326,
    "179": 0.21744791666666666,
    "180": 0.19144344293512758,
    "181": 0.09816576086956522,
    "182": 0.12447761194029851,
    "183": 0,
    "184": 0.03572815533980583,
    "185": 0.19240196078431374,
    "186": 0.18705372819852512,
    "187": 0,
    "188": 0.17279256442754543,
    "189": 0.05534386907364607,
    "190": 0.2236103566902046,
    "191": 0.13971100278551532,
    "192": 0.17955377169165387,
    "193": 0.22720348204570184,
    "194": 0.2094359594737638,
    "195": 0.12539851222104145,
    "196": 0.241708043694141
}