{
    "0": 0.001252828968638862,
    "1": 0.01448087431693989,
    "2": 0.01696629213483146,
    "3": 0.019142519994755473,
    "4": 0,
    "5": 0.01310990635781173,
    "6": 0.012370496366166692,
    "7": 0.013168020521590423,
    "8": 0.013356164383561644,
    "9": 0.029367469879518073,
    "10": 0.017645636934977036,
    "11": 0.05084745762711865,
    "12": 0.019041095890410958,
    "13": 0.010212291885869902,
    "14": 0.032827500774233506,
    "15": 0.024322317118455256,
    "16": 0,
    "17": 0.0805484147386461,
    "18": 0,
    "19": 0.03012912482065997,
    "20": 0.024312004052000676,
    "21": 0.009081443776029615,
    "22": 0.178,
    "23": 0.005874125874125874,
    "24": 0,
    "25": 0,
    "26": 0.12994350282485875,
    "27": 0.0164144105734385,
    "28": 0.020405032218471925,
    "29": 0.023098498597591156,
    "30": 0.012297418356543693,
    "31": 0,
    "32": 0.060689655172413794,
    "33": 0,
    "34": 0.02130681818181818,
    "35": 0,
    "36": 0.0058408371866634215,
    "37": 0.019334186939820742,
    "38": 0.016531832571227575,
    "39": 0.025486945710733528,
    "40": 0.05722599418040737,
    "41": 0.01415436728768449,
    "42": 0.03814432989690722,
    "43": 0,
    "44": 0.023972003499562553,
    "45": 0.020990764063811923,
    "46": 0.012754017515517389,
    "47": 0.011790357748526206,
    "48": 0.05763688760806916,
    "49": 0.017180513061896916,
    "50": 0.021522461360681786,
    "51": 0.008727053866987662,
    "52": 0.05991611743559017,
    "53": 0.015379434216434666,
    "54": 0,
    "55": 0.0204648443210057,
    "56": 0.016536625131011996,
    "57": 0.020754205100379817,
    "58": 0.01226944667201283,
    "59": 0,
    "60": 0.02,
    "61": 0.012802768166089966,
    "62": 0.02380170715692712,
    "63": 0.02269900497512438,
    "64": 0.015312632922160783,
    "65": 0.0022757731307052366,
    "66": 0.0001357556398482731,
    "67": 0.05627490039840637,
    "68": 0.05917753259779338,
    "69": 0.005816439996578565,
    "70": 0.020260130065032515,
    "71": 0,
    "72": 0.0033347799273657523,
    "73": 0,
    "74": 0.025340756383182953,
    "75": 0.0272938443670151,
    "76": 0.011840688912809472,
    "77": 0.022014051522248244,
    "78": 0.014625066477574899,
    "79": 0.028536234859371793,
    "80": 0.010530060476698683,
    "81": 0.11052631578947368,
    "82": 0.010657193605683837,
    "83": 0.007799220077992201,
    "84": 0.030635690579525147,
    "85": 0,
    "86": 0.14750198255352895,
    "87": 0.021530359355638167,
    "88": 0.020758768790264854,
    "89": 0.03510601320820299,
    "90": 0.016450822541127057,
    "91": 0,
    "92": 0.014782427649385801,
    "93": 0.0002862800295822697,
    "94": 0.027083730688537096,
    "95": 0.034535923527597906,
    "96": 0.028506271379703536,
    "97": 0,
    "98": 0.0037680552648105504,
    "99": 0.027465918203688853,
    "100": 0.15451895043731778,
    "101": 0.0126529244176303,
    "102": 0.0013356379635449402,
    "103": 0.017169428878025517,
    "104": 0.0417120058034095,
    "105": 0,
    "106": 0.021891978267817195,
    "107": 0.014236575578062297,
    "108": 0.02860114404576183,
    "109": 0.015290178571428571,
    "110": 0.019273127753303965,
    "111": 7.879677327213451e-05,
    "112": 0.028801071667782986,
    "113": 0.0196078431372549,
    "114": 0.013017848370722122,
    "115": 0.021364009860312245,
    "116": 0.010529311326124075,
    "117": 0.01823075981891594,
    "118": 0.023391812865497075,
    "119": 0.04173228346456693,
    "120": 0.018654230512991338,
    "121": 0.005856117898002715,
    "122": 0.010438554870195892,
    "123": 0.04018238814477059,
    "124": 0.07400881057268723,
    "125": 0.020523196993785228,
    "126": 0.00567348514087225,
    "127": 0.009658978907944017,
    "128": 0.02347255781843286,
    "129": 0.02564102564102564,
    "130": 0.01997070962588204,
    "131": 0.02159323023052232,
    "132": 0.015210688591983556,
    "133": 0.012372634643377001,
    "134": 0.060263653483992465,
    "135": 0.0011889321227842628,
    "136": 0.004801617386909275,
    "137": 0,
    "138": 0.026716760592778124,
    "139": 0.02840761011206672,
    "140": 0.022404900064474532,
    "141": 0.02145536384096024,
    "142": 0.005385617233975149,
    "143": 0.1497326203208556,
    "144": 0,
    "145": 0.029344858962693357,
    "146": 0.006243114212265883,
    "147": 0.23177083333333334,
    "148": 0.00047546595663750473,
    "149": 0.035897435897435895,
    "150": 0.015609432082364663,
    "151": 0.0038209230060996663,
    "152": 0.04389044943820225,
    "153": 0.01323296354992076,
    "154": 0,
    "155": 0.017333929769626482,
    "156": 0.012191130747831779,
    "157": 0.04285714285714286,
    "158": 0.00864406779661017,
    "159": 0,
    "160": 0.04437273093989512,
    "162": 0.01441008706094266,
    "163": 0.033110571081409475,
    "164": 0.010219507770454134,
    "165": 0.01988555078683834,
    "166": 0.023184176394293127,
    "167": 0,
    "168": 0.03602521765235665,
    "169": 0.005889088827089809,
    "170": 0.03023089740537967,
    "171": 0.03006628787878788,
    "172": 0.007560364787601002,
    "173": 0.024686595949855353,
    "174": 0,
    "175": 0.01723716381418093,
    "176": 0.018699532511687208,
    "177": 0.027193330686780467,
    "178": 0.02395657870110425,
    "179": 0.04929208180388044,
    "180": 0.017615830115830115,
    "181": 0.0897560975609756,
    "182": 0.05651397977394408,
    "183": 0,
    "184": 0.12994350282485875,
    "185": 0.028388928317955996,
    "186": 0.015871278458844132,
    "187": 0,
    "188": 0.033114323258869906,
    "189": 0.004950946147070437,
    "190": 0.027684875510962468,
    "191": 0.012666611474459806,
    "192": 0.015117581187010079,
    "193": 0.03033980582524272,
    "194": 0.021079009433962265,
    "195": 0.0947265625,
    "196": 0.026552287581699346
}