{
    "0": 0.005848450330675462,
    "1": 0.1851923698674426,
    "2": 0.1818895950867671,
    "3": 0.17314087061668681,
    "4": 0,
    "5": 0.11000961307378034,
    "6": 0.20408783989293752,
    "7": 0.15296994274809161,
    "8": 0.15936615050912817,
    "9": 0.12155377433277548,
    "10": 0.17936262603959668,
    "11": 0.1079752188022421,
    "12": 0.15762137749341362,
    "13": 0.1712977099236641,
    "14": 0.10585135380701435,
    "15": 0.13270373687209966,
    "16": 0,
    "17": 0.0602589641434263,
    "18": 0,
    "19": 0.13340995491114843,
    "20": 0.1592174197773412,
    "21": 0.13730125619987948,
    "22": 0.029338139581455893,
    "23": 0.1252374971822368,
    "24": 0,
    "25": 0,
    "26": 0.02053760193295077,
    "27": 0.19474991131606953,
    "28": 0.14964555581522163,
    "29": 0.14255184422985595,
    "30": 0.155812324929972,
    "31": 0,
    "32": 0.1049039168329308,
    "33": 0,
    "34": 0.31744773605469134,
    "35": 0,
    "36": 0.02339094159713945,
    "37": 0.18223838751231342,
    "38": 0.14405729238396914,
    "39": 0.14730559640169535,
    "40": 0.10164808052896476,
    "41": 0.11501170177198261,
    "42": 0.09251341762940053,
    "43": 0,
    "44": 0.15647214415605884,
    "45": 0.1682466281310212,
    "46": 0.16252263126131564,
    "47": 0.15223673563749857,
    "48": 0.01205179282868526,
    "49": 0.16038736127800948,
    "50": 0.19430472172643193,
    "51": 0.09832112877299518,
    "52": 0.06590340581104483,
    "53": 0.144014583755317,
    "54": 0,
    "55": 0.14827796403535506,
    "56": 0.1631095406360424,
    "57": 0.17108378522874818,
    "58": 0.16919534801346006,
    "59": 0,
    "60": 0.12288751242639749,
    "61": 0.16156700529229273,
    "62": 0.21926646045072912,
    "63": 0.17234404077999838,
    "64": 0.13474625704841534,
    "65": 0.07152634743561861,
    "66": 0.00035540286395474536,
    "67": 0.10265328430885422,
    "68": 0.09923890481367995,
    "69": 0.01906901166125024,
    "70": 0.24438087454025337,
    "71": 0,
    "72": 0.04080487413820747,
    "73": 0,
    "74": 0.10733480872589314,
    "75": 0.2190458337238729,
    "76": 0.1329769082015698,
    "77": 0.177812295618051,
    "78": 0.18990184127798806,
    "79": 0.16708052500886839,
    "80": 0.14967845659163986,
    "81": 0.04512944494812129,
    "82": 0.15257504819608922,
    "83": 0.1449126851970454,
    "84": 0.13919213973799127,
    "85": 0,
    "86": 0.08046324269889224,
    "87": 0.15186201489611917,
    "88": 0.20081632653061224,
    "89": 0.09090909090909091,
    "90": 0.12161803713527851,
    "91": 0,
    "92": 0.1759480696959344,
    "93": 0.001107681401290818,
    "94": 0.15692622252513205,
    "95": 0.10341401734104046,
    "96": 0.13817638791286016,
    "97": 0,
    "98": 0.0028719912472647702,
    "99": 0.1424090870560312,
    "100": 0.017096580683863227,
    "101": 0.16479423250225292,
    "102": 0.0022611394369319443,
    "103": 0.15795068027210885,
    "104": 0.11144864249098159,
    "105": 0,
    "106": 0.2868090813296293,
    "107": 0.18285185430025783,
    "108": 0.10067980380345926,
    "109": 0.14795745545694736,
    "110": 0.16363497983103736,
    "111": 0.0005929599482507682,
    "112": 0.12776729020078942,
    "113": 0.13545846899371544,
    "114": 0.1808852996538952,
    "115": 0.14413771220053942,
    "116": 0.15099608011598561,
    "117": 0.18386952636282394,
    "118": 0.14745130542892665,
    "119": 0.17078604009759202,
    "120": 0.15452391529690507,
    "121": 0.13326293558606125,
    "122": 0.14619368203003624,
    "123": 0.14471452798191067,
    "124": 0.04571150097465887,
    "125": 0.15001520681265207,
    "126": 0.12813641900121803,
    "127": 0.14836174339083394,
    "128": 0.141674037147222,
    "129": 0.13308112652374948,
    "130": 0.16304673457159977,
    "131": 0.16806459198871207,
    "132": 0.15706840820634607,
    "133": 0.16762321756109105,
    "134": 0.06942277691107644,
    "135": 0.00266545832555908,
    "136": 0.018903167961745366,
    "137": 0,
    "138": 0.16338128218788847,
    "139": 0.11087756174461377,
    "140": 0.1518987341772152,
    "141": 0.18412930474333983,
    "142": 0.1291142540572248,
    "143": 0.035916061339790153,
    "144": 0,
    "145": 0.27232190253742433,
    "146": 0.003662420382165605,
    "147": 0.0246864024084295,
    "148": 0.004525437337291063,
    "149": 0.2279775651600132,
    "150": 0.16095513349848609,
    "151": 0.0947958686111973,
    "152": 0.1367244927962364,
    "153": 0.2570406202372275,
    "154": 0,
    "155": 0.18988253945377243,
    "156": 0.17356812308431996,
    "157": 0.0018839861179970254,
    "158": 0.24216630313347876,
    "159": 0,
    "160": 0.09948591012947448,
    "161": 0.01441008706094266,
    "163": 0.1121563613115353,
    "164": 0.25078528157953783,
    "165": 0.16745741619351326,
    "166": 0.15202999122597113,
    "167": 0,
    "168": 0.11567300658376006,
    "169": 0.12810561822204491,
    "170": 0.1355181576616475,
    "171": 0.13591717547119725,
    "172": 0.1352850664075154,
    "173": 0.13645418326693226,
    "174": 0,
    "175": 0.16323433774116627,
    "176": 0.14074129205120572,
    "177": 0.1607717041800643,
    "178": 0.13824353270720052,
    "179": 0.07755298651252408,
    "180": 0.1622338518890243,
    "181": 0.0583266291230893,
    "182": 0.11589195979899497,
    "183": 0,
    "184": 0.020642432786224952,
    "185": 0.09190570392350808,
    "186": 0.16656316842613675,
    "187": 0,
    "188": 0.10597637248088951,
    "189": 0.0959774560724942,
    "190": 0.16293521750234102,
    "191": 0.1795998047828209,
    "192": 0.14531936465021966,
    "193": 0.12428884026258205,
    "194": 0.1795241528478731,
    "195": 0.060979303382130236,
    "196": 0.1404135818228236
}