{
    "0": 0.0038599709546740042,
    "1": 0.1938991531947652,
    "2": 0.22031323048153342,
    "3": 0.24243646631706334,
    "4": 0,
    "5": 0.11674109177070992,
    "6": 0.16050975963865138,
    "7": 0.19857762999907638,
    "8": 0.19377639067376537,
    "9": 0.3803357314148681,
    "10": 0.20882852292020374,
    "11": 0.16154210028382213,
    "12": 0.21100186021791123,
    "13": 0.1457359236088245,
    "14": 0.21467450468103635,
    "15": 0.274364406779661,
    "16": 0,
    "17": 0.19141710404445816,
    "18": 0,
    "19": 0.29557894736842105,
    "20": 0.2330768022616617,
    "21": 0.12775623939907924,
    "22": 0.07781155015197569,
    "23": 0.09595508959773962,
    "24": 0,
    "25": 0,
    "26": 0.030303030303030304,
    "27": 0.20098468271334793,
    "28": 0.23676383105294468,
    "29": 0.28287841191067,
    "30": 0.18706798495056434,
    "31": 0,
    "32": 0.11148300720906282,
    "33": 0,
    "34": 0.13280437044745058,
    "35": 0,
    "36": 0.006821662258109425,
    "37": 0.2095226067188684,
    "38": 0.22535553664762367,
    "39": 0.36382799325463744,
    "40": 0.2082027168234065,
    "41": 0.16135639508420574,
    "42": 0.16752027315407597,
    "43": 0,
    "44": 0.23055956389289722,
    "45": 0.21092278719397364,
    "46": 0.19854632440886927,
    "47": 0.1816377599447752,
    "48": 0.018305284912902273,
    "49": 0.24369538077403247,
    "50": 0.2059505936945544,
    "51": 0.08261097213334109,
    "52": 0.1723673579315917,
    "53": 0.21613128491620112,
    "54": 0,
    "55": 0.21453480262240202,
    "56": 0.23077860363104666,
    "57": 0.2447600661886376,
    "58": 0.18581780538302278,
    "59": 0,
    "60": 0.25007878978884335,
    "61": 0.20170507775904065,
    "62": 0.22036980903304032,
    "63": 0.28733610489286854,
    "64": 0.15228013029315962,
    "65": 0.03067965657292684,
    "66": 0.0002493785020145107,
    "67": 0.20204402515723272,
    "68": 0.17840851495184998,
    "69": 0.014027367118201196,
    "70": 0.1736519896397457,
    "71": 0,
    "72": 0.03194103194103194,
    "73": 0,
    "74": 0.16861098149012288,
    "75": 0.1785940468651045,
    "76": 0.17705692052111568,
    "77": 0.2673236352260285,
    "78": 0.1731226018636945,
    "79": 0.22812885055447985,
    "80": 0.16805566174784006,
    "81": 0.09101516919486581,
    "82": 0.17340442463791184,
    "83": 0.13496965756393584,
    "84": 0.2406917599186165,
    "85": 0,
    "86": 0.1304002120328651,
    "87": 0.23348214285714286,
    "88": 0.18949741413605622,
    "89": 0.21611637035326714,
    "90": 0.12779117307893909,
    "91": 0,
    "92": 0.21916445623342176,
    "93": 0.0006989368394076121,
    "94": 0.25030355594102344,
    "95": 0.2766910205043601,
    "96": 0.25491340727768047,
    "97": 0,
    "98": 0.0038085565570648724,
    "99": 0.1903193941389529,
    "100": 0.03248882265275708,
    "101": 0.16805845511482254,
    "102": 0.002149449993678088,
    "103": 0.2223582710909759,
    "104": 0.2339658899831852,
    "105": 0,
    "106": 0.15172786177105832,
    "107": 0.12796165671911738,
    "108": 0.25875897002954834,
    "109": 0.22951593860684769,
    "110": 0.23088517402027953,
    "111": 6.688771463789858e-05,
    "112": 0.19455734228662308,
    "113": 0.2212618841832325,
    "114": 0.1725085910652921,
    "115": 0.2620312248511186,
    "116": 0.168247170388498,
    "117": 0.1942282361393845,
    "118": 0.2628403998621165,
    "119": 0.11413043478260869,
    "120": 0.22523600585028586,
    "121": 0.04325832248465687,
    "122": 0.1611284810586781,
    "123": 0.2089399220832479,
    "124": 0.12687623902577175,
    "125": 0.2117160578911096,
    "126": 0.0413866942331832,
    "127": 0.16196632805285216,
    "128": 0.21931747025673137,
    "129": 0.22617379117028732,
    "130": 0.2110807647288334,
    "131": 0.2378626831370296,
    "132": 0.19724284199363734,
    "133": 0.19171483622350674,
    "134": 0.17935233877663992,
    "135": 0.001978977420192058,
    "136": 0.005251951738821859,
    "137": 0,
    "138": 0.25783713596735297,
    "139": 0.2092471843509188,
    "140": 0.22073829531812725,
    "141": 0.21626617375231053,
    "142": 0.04057862745763863,
    "143": 0.07835484839387571,
    "144": 0,
    "145": 0.14687292082501663,
    "146": 0.0041145208297617,
    "147": 0.06018237082066869,
    "148": 0.0005481190860835449,
    "149": 0.15018094089264172,
    "150": 0.2246300827216591,
    "151": 0.050959753776754456,
    "152": 0.231311706629055,
    "153": 0.13279282115869018,
    "154": 0,
    "155": 0.16810624055279638,
    "156": 0.17222413200412512,
    "157": 0.003303303303303303,
    "158": 0.09810914855072464,
    "159": 0,
    "160": 0.28119130668097664,
    "161": 0.033110571081409475,
    "162": 0.1121563613115353,
    "164": 0.12081703607127336,
    "165": 0.27529095792300806,
    "166": 0.23676923076923076,
    "167": 0,
    "168": 0.2953195533380851,
    "169": 0.04205898373667419,
    "170": 0.2850631862440439,
    "171": 0.2843582335947173,
    "172": 0.11177962309184028,
    "173": 0.2856356631810677,
    "174": 0,
    "175": 0.21998508575689785,
    "176": 0.23374069391768507,
    "177": 0.229253112033195,
    "178": 0.30189373046515905,
    "179": 0.16858826543684347,
    "180": 0.226775956284153,
    "181": 0.09535586699642759,
    "182": 0.11804008908685969,
    "183": 0,
    "184": 0.030303030303030304,
    "185": 0.1800752553305859,
    "186": 0.23529411764705882,
    "187": 0,
    "188": 0.17528681587361294,
    "189": 0.06735298705350179,
    "190": 0.24307900067521945,
    "191": 0.16625139616805568,
    "192": 0.20422857142857143,
    "193": 0.19158361018826134,
    "194": 0.2397677793904209,
    "195": 0.1209954233409611,
    "196": 0.25190701053396297
}