{
    "0": 0.005831126892055281,
    "1": 0.2889999432108581,
    "2": 0.29258962176837167,
    "3": 0.2381153985726382,
    "4": 0,
    "5": 0.1571233144420559,
    "6": 0.34062517664349107,
    "7": 0.2714718942922127,
    "8": 0.2677233274030945,
    "9": 0.13320286221026237,
    "10": 0.2797037405862949,
    "11": 0.09324738719569435,
    "12": 0.23200924630451975,
    "13": 0.3001552945743958,
    "14": 0.12071757817366388,
    "15": 0.1874417738028694,
    "16": 0,
    "17": 0.052582683017465624,
    "18": 0,
    "19": 0.15915821309306283,
    "20": 0.21654040404040403,
    "21": 0.24639838857993607,
    "22": 0.024247236303670677,
    "23": 0.25439266615737205,
    "24": 0,
    "25": 0,
    "26": 0.012777811421304427,
    "27": 0.26061944331454473,
    "28": 0.21499231950844855,
    "29": 0.20168428817310058,
    "30": 0.2670994300189994,
    "31": 0,
    "32": 0.065351725859809,
    "33": 0,
    "34": 0.2099600368890255,
    "35": 0,
    "36": 0.013377760095484385,
    "37": 0.23607204835138532,
    "38": 0.2359785897137538,
    "39": 0.1748356807511737,
    "40": 0.0954675118858954,
    "41": 0.16280303432178664,
    "42": 0.10472785551377674,
    "43": 0,
    "44": 0.1946229913473424,
    "45": 0.2339773075743637,
    "46": 0.2710381333045263,
    "47": 0.25758520365752285,
    "48": 0.008742312793922586,
    "49": 0.24249544733595724,
    "50": 0.2334199455580302,
    "51": 0.1531961505359518,
    "52": 0.06913442460317461,
    "53": 0.22381999661647775,
    "54": 0,
    "55": 0.24273310683276708,
    "56": 0.2577387355085455,
    "57": 0.2493643410852713,
    "58": 0.3006839945280438,
    "59": 0,
    "60": 0.16864372114766552,
    "61": 0.2733969986357435,
    "62": 0.2967323904410228,
    "63": 0.21915856000991388,
    "64": 0.20763284501864965,
    "65": 0.12726702145743166,
    "66": 0.00036005252530957457,
    "67": 0.09253750237356795,
    "68": 0.08801909907645913,
    "69": 0.015061117578579744,
    "70": 0.3189410444312405,
    "71": 0,
    "72": 0.07272280223937055,
    "73": 0,
    "74": 0.14510633298084832,
    "75": 0.1992986930188078,
    "76": 0.23812934916086778,
    "77": 0.2575836820083682,
    "78": 0.2851634534786253,
    "79": 0.1889327559857361,
    "80": 0.2656405163853029,
    "81": 0.03732954896032579,
    "82": 0.2656858284038627,
    "83": 0.2782406428420385,
    "84": 0.16780954845387502,
    "85": 0,
    "86": 0.06730528424743301,
    "87": 0.2319863834079304,
    "88": 0.23654847508058519,
    "89": 0.09899595934859802,
    "90": 0.15857588357588356,
    "91": 0,
    "92": 0.2699200280193801,
    "93": 0.0010633054010280966,
    "94": 0.20827435336507527,
    "95": 0.1081921248323784,
    "96": 0.1779204107830552,
    "97": 0,
    "98": 0.002168788307402169,
    "99": 0.16004126964860108,
    "100": 0.01265133171912833,
    "101": 0.2817177379850868,
    "102": 0.001818493738205524,
    "103": 0.2688829137130286,
    "104": 0.1096156253912608,
    "105": 0,
    "106": 0.23357338601746225,
    "107": 0.21858355745398936,
    "108": 0.11252160438643542,
    "109": 0.23785210257587058,
    "110": 0.2173601576025312,
    "111": 0.00033063736710921206,
    "112": 0.15927444403031432,
    "113": 0.2181605947041838,
    "114": 0.2998732153685023,
    "115": 0.20431832202344233,
    "116": 0.2658554755401043,
    "117": 0.25235109717868337,
    "118": 0.19825256144320824,
    "119": 0.09455534268586614,
    "120": 0.2435064935064935,
    "121": 0.1426372034051802,
    "122": 0.2692870379401151,
    "123": 0.14610679240474067,
    "124": 0.046034863736803336,
    "125": 0.2369665297996765,
    "126": 0.13484014869888475,
    "127": 0.266184638958054,
    "128": 0.2036563299432208,
    "129": 0.1803330191643104,
    "130": 0.251763395619354,
    "131": 0.23563826476629116,
    "132": 0.24076660892887075,
    "133": 0.29099983724841316,
    "134": 0.06547840079217725,
    "135": 0.0022670082292398724,
    "136": 0.011333000499251124,
    "137": 0,
    "138": 0.20168121986185325,
    "139": 0.12209302325581395,
    "140": 0.22422599155053913,
    "141": 0.24195998987085338,
    "142": 0.13707086081515304,
    "143": 0.027900416973264654,
    "144": 0,
    "145": 0.1730438657923219,
    "146": 0.0026115115428810196,
    "147": 0.018362011309053322,
    "148": 0.002719267052942038,
    "149": 0.13376366076564197,
    "150": 0.2597456130020021,
    "151": 0.1919491136217507,
    "152": 0.12807028794972103,
    "153": 0.3827426995262937,
    "154": 0,
    "155": 0.2627867006460025,
    "156": 0.29116893034418806,
    "157": 0.0010790719980816497,
    "158": 0.3342200725513906,
    "159": 0,
    "160": 0.10037546933667084,
    "161": 0.010219507770454134,
    "162": 0.25078528157953783,
    "163": 0.12081703607127336,
    "165": 0.22478491671242906,
    "166": 0.2283954536795987,
    "167": 0,
    "168": 0.1334470127573576,
    "169": 0.13221087496549822,
    "170": 0.16598829814296617,
    "171": 0.16515449527314258,
    "172": 0.2639626589409303,
    "173": 0.17995783207242963,
    "174": 0,
    "175": 0.2655089893845493,
    "176": 0.2064198409873027,
    "177": 0.1830315182655555,
    "178": 0.17988180251169664,
    "179": 0.0750711721747741,
    "180": 0.26518527562419875,
    "181": 0.04569560927479033,
    "182": 0.07389347336834208,
    "183": 0,
    "184": 0.012777811421304427,
    "185": 0.12287480680061824,
    "186": 0.24851250649875803,
    "187": 0,
    "188": 0.12087513598452798,
    "189": 0.18786303037008353,
    "190": 0.20239528546986882,
    "191": 0.2936778449697636,
    "192": 0.22860060128197857,
    "193": 0.14703145356411687,
    "194": 0.26237783962203093,
    "195": 0.049258638873379244,
    "196": 0.18233402685833175
}