{
    "0": 0.004554872820805945,
    "1": 0.34652635500093126,
    "2": 0.37603485838779954,
    "3": 0.3656568019651421,
    "4": 0,
    "5": 0.20462879960883384,
    "6": 0.3095850755870055,
    "7": 0.3795994410805775,
    "8": 0.3637195680029288,
    "9": 0.29444603492699684,
    "10": 0.3208289054197662,
    "11": 0.1610121571953633,
    "12": 0.30619982158786796,
    "13": 0.2725289256198347,
    "14": 0.22077922077922077,
    "15": 0.33355508249068655,
    "16": 0,
    "17": 0.13196255945987417,
    "18": 0,
    "19": 0.2856151069147459,
    "20": 0.3129268595554452,
    "21": 0.29596879063719117,
    "22": 0.05085980763625765,
    "23": 0.19641468346554675,
    "24": 0,
    "25": 0,
    "26": 0.02104664391353811,
    "27": 0.32959551461754105,
    "28": 0.4391148982957669,
    "29": 0.376043460977872,
    "30": 0.35853550948389945,
    "31": 0,
    "32": 0.08659680088251517,
    "33": 0,
    "34": 0.16944609886837403,
    "35": 0,
    "36": 0.009038089089735314,
    "37": 0.33877825016782276,
    "38": 0.35352985967584033,
    "39": 0.3612391930835735,
    "40": 0.18262938726948244,
    "41": 0.21570817048203983,
    "42": 0.16317880794701986,
    "43": 0,
    "44": 0.3391576476724475,
    "45": 0.31150883552333486,
    "46": 0.40247737017627444,
    "47": 0.3398608606029374,
    "48": 0.01560505036175344,
    "49": 0.34860298895386616,
    "50": 0.3828721672718167,
    "51": 0.15902920152934005,
    "52": 0.1294777729823047,
    "53": 0.3185894822666123,
    "54": 0,
    "55": 0.3186016602361744,
    "56": 0.35105348460291735,
    "57": 0.47118463180362863,
    "58": 0.33296610169491525,
    "59": 0,
    "60": 0.29776496034607064,
    "61": 0.36001468698366074,
    "62": 0.29769064229011305,
    "63": 0.5947859671709044,
    "64": 0.28728861865855976,
    "65": 0.06695560809035986,
    "66": 0.00028016082745878986,
    "67": 0.1843843843843844,
    "68": 0.17496296296296296,
    "69": 0.015030556626108022,
    "70": 0.27815315315315314,
    "71": 0,
    "72": 0.063275187371493,
    "73": 0,
    "74": 0.22685021767266736,
    "75": 0.21836401771148917,
    "76": 0.29269297306203146,
    "77": 0.46604015378043573,
    "78": 0.3073162214073686,
    "79": 0.32212655459887934,
    "80": 0.3329933307179286,
    "81": 0.06659895531050493,
    "82": 0.33516394766596674,
    "83": 0.28683022798287233,
    "84": 0.2378024328298356,
    "85": 0,
    "86": 0.11426922522002597,
    "87": 0.32721749696233293,
    "88": 0.3122203098106713,
    "89": 0.18422860283005907,
    "90": 0.22079706825469536,
    "91": 0,
    "92": 0.37027812370278124,
    "93": 0.000890774445341929,
    "94": 0.31477347340774786,
    "95": 0.23889761530772527,
    "96": 0.31599829956071984,
    "97": 0,
    "98": 0.0030973070635808312,
    "99": 0.2859176805591509,
    "100": 0.02356806170547065,
    "101": 0.310634328358209,
    "102": 0.0019932536031892056,
    "103": 0.3395574743658931,
    "104": 0.21566352429296592,
    "105": 0,
    "106": 0.2098856900931414,
    "107": 0.2260533245556287,
    "108": 0.23378016085790884,
    "109": 0.3402502606882169,
    "110": 0.3137409747292419,
    "111": 0.0001752977755634901,
    "112": 0.23398610233733416,
    "113": 0.29551756007393715,
    "114": 0.35660077656194844,
    "115": 0.3198214949795463,
    "116": 0.3336212311557789,
    "117": 0.3645680819912152,
    "118": 0.3207498047383494,
    "119": 0.1085144012127337,
    "120": 0.3281761716544325,
    "121": 0.07555602108864914,
    "122": 0.32685206119526716,
    "123": 0.29164812342382435,
    "124": 0.09046313663252056,
    "125": 0.3062392673153978,
    "126": 0.07119674055659139,
    "127": 0.31323988670201175,
    "128": 0.30602589641434264,
    "129": 0.26388536647222927,
    "130": 0.3385458281018149,
    "131": 0.4540386184389448,
    "132": 0.3563614262560778,
    "133": 0.31312375249500995,
    "134": 0.1383119752540875,
    "135": 0.0020252285615090845,
    "136": 0.00755949603359776,
    "137": 0,
    "138": 0.2987813044060533,
    "139": 0.20881399870382372,
    "140": 0.31289537712895377,
    "141": 0.3364372959245374,
    "142": 0.0709954765647557,
    "143": 0.05352727272727273,
    "144": 0,
    "145": 0.17461988304093568,
    "146": 0.0034471952366029457,
    "147": 0.03677531006633977,
    "148": 0.0013818636908796997,
    "149": 0.15266785805463365,
    "150": 0.3342948387761409,
    "151": 0.10892612448013078,
    "152": 0.2665130568356375,
    "153": 0.22362468991682474,
    "154": 0,
    "155": 0.3622274476271911,
    "156": 0.2916598661661498,
    "157": 0.0018351214003387917,
    "158": 0.1759369907658881,
    "159": 0,
    "160": 0.2270450751252087,
    "161": 0.01988555078683834,
    "162": 0.16745741619351326,
    "163": 0.27529095792300806,
    "164": 0.22478491671242906,
    "166": 0.3316288351209778,
    "167": 0,
    "168": 0.2748702742772424,
    "169": 0.07137178375252963,
    "170": 0.3418981137680083,
    "171": 0.3407341622261693,
    "172": 0.2257816897804616,
    "173": 0.33568425335684254,
    "174": 0,
    "175": 0.34530630233583076,
    "176": 0.3164731578342338,
    "177": 0.3252571737953438,
    "178": 0.36302032913843174,
    "179": 0.13405848283655883,
    "180": 0.34621278458844135,
    "181": 0.07950150408250967,
    "182": 0.09503738953093134,
    "183": 0,
    "184": 0.02104664391353811,
    "185": 0.20324699467096294,
    "186": 0.5968523002421308,
    "187": 0,
    "188": 0.22530168412677365,
    "189": 0.1508644458140063,
    "190": 0.3663448275862069,
    "191": 0.32134026771250745,
    "192": 0.3203427871862885,
    "193": 0.22054303278688525,
    "194": 0.3622991347342398,
    "195": 0.09787422497785651,
    "196": 0.30125133120340786
}