{
    "0": 0.004603784528383963,
    "1": 0.30145837179250506,
    "2": 0.3222054706009046,
    "3": 0.3521384184232972,
    "4": 0,
    "5": 0.19408642911296436,
    "6": 0.2908480681074001,
    "7": 0.32978234915970245,
    "8": 0.307114765820522,
    "9": 0.23745339833667908,
    "10": 0.37107142857142855,
    "11": 0.1569713758079409,
    "12": 0.3573762251822066,
    "13": 0.2501829308853855,
    "14": 0.2255455516557302,
    "15": 0.3484936268829664,
    "16": 0,
    "17": 0.13433601093830114,
    "18": 0,
    "19": 0.2863132674453429,
    "20": 0.4802810154877854,
    "21": 0.2407986980470706,
    "22": 0.056784417299438755,
    "23": 0.17460684551341352,
    "24": 0,
    "25": 0,
    "26": 0.021453730387447967,
    "27": 0.3180024916943522,
    "28": 0.3255395683453237,
    "29": 0.3759706339121841,
    "30": 0.31372720132646825,
    "31": 0,
    "32": 0.0891271056661562,
    "33": 0,
    "34": 0.16565126050420168,
    "35": 0,
    "36": 0.008150283272040553,
    "37": 0.26898047722342733,
    "38": 0.35936236571560587,
    "39": 0.3098284384995638,
    "40": 0.1832734400522705,
    "41": 0.20800933125972007,
    "42": 0.19993913572732805,
    "43": 0,
    "44": 0.3036928409545394,
    "45": 0.3002131691141639,
    "46": 0.30110472823685375,
    "47": 0.29011044599949415,
    "48": 0.014506615654391838,
    "49": 0.31745158450704225,
    "50": 0.27198791681189727,
    "51": 0.14687165624824014,
    "52": 0.1545439551377206,
    "53": 0.28624458651268303,
    "54": 0,
    "55": 0.5295862607338018,
    "56": 0.3464022662889518,
    "57": 0.38982392542723976,
    "58": 0.3020088525706503,
    "59": 0,
    "60": 0.28587641866330393,
    "61": 0.3072419383894794,
    "62": 0.30823162814853283,
    "63": 0.3380503144654088,
    "64": 0.27209484616892027,
    "65": 0.059742911746995836,
    "66": 0.0002895216036449246,
    "67": 0.17342634652822841,
    "68": 0.16876208897485492,
    "69": 0.014312812553888601,
    "70": 0.27488151658767773,
    "71": 0,
    "72": 0.058126850553218014,
    "73": 0,
    "74": 0.25048770971517753,
    "75": 0.21777611568187485,
    "76": 0.27265867359771945,
    "77": 0.4145991682202782,
    "78": 0.2785802360401621,
    "79": 0.2938428874734607,
    "80": 0.2806024925453016,
    "81": 0.07287913527677695,
    "82": 0.27633635511097215,
    "83": 0.2194044502617801,
    "84": 0.25305641478862867,
    "85": 0,
    "86": 0.11637586041299824,
    "87": 0.5555738786279684,
    "88": 0.3000359755366351,
    "89": 0.19813768890245764,
    "90": 0.20058221429242182,
    "91": 0,
    "92": 0.3542826552462527,
    "93": 0.0008582387118824289,
    "94": 0.44776851397743994,
    "95": 0.23042745518614985,
    "96": 0.29789771880125243,
    "97": 0,
    "98": 0.003423706856666975,
    "99": 0.25292397660818716,
    "100": 0.024633714377716952,
    "101": 0.2948584332117422,
    "102": 0.0021333333333333334,
    "103": 0.5132646048109966,
    "104": 0.22243497686293282,
    "105": 0,
    "106": 0.19444444444444445,
    "107": 0.21237514812933808,
    "108": 0.22510017172295363,
    "109": 0.30945831570038085,
    "110": 0.31626289278004316,
    "111": 0.0001301320840653263,
    "112": 0.2599521733014489,
    "113": 0.379343105320304,
    "114": 0.31123517096999304,
    "115": 0.31632250427462844,
    "116": 0.28081982257571125,
    "117": 0.3047713937783682,
    "118": 0.30838815789473684,
    "119": 0.10460652591170826,
    "120": 0.3603279095764501,
    "121": 0.07184776809532278,
    "122": 0.2776591829223408,
    "123": 0.2345403069587245,
    "124": 0.11028315946348734,
    "125": 0.47940959409594097,
    "126": 0.06840918698041426,
    "127": 0.271576689309975,
    "128": 0.45123863280025084,
    "129": 0.35651113144251295,
    "130": 0.5129178222157349,
    "131": 0.3589810241746816,
    "132": 0.3182835062029693,
    "133": 0.2852832718739524,
    "134": 0.14655030462703772,
    "135": 0.002074074074074074,
    "136": 0.006645856409223643,
    "137": 0,
    "138": 0.3200531208499336,
    "139": 0.21988337363106245,
    "140": 0.49037247474747475,
    "141": 0.3033444403307417,
    "142": 0.06770034274522604,
    "143": 0.061457128696514124,
    "144": 0,
    "145": 0.1638187221396731,
    "146": 0.003997715591090805,
    "147": 0.04237565445026178,
    "148": 0.0009847758969445332,
    "149": 0.15017960762641613,
    "150": 0.3337669376693767,
    "151": 0.09925701507610185,
    "152": 0.22630744849445325,
    "153": 0.22426134632957662,
    "154": 0,
    "155": 0.2635566188197767,
    "156": 0.30037891836031694,
    "157": 0.0017532674529805547,
    "158": 0.16857365029993335,
    "159": 0,
    "160": 0.21614115340630616,
    "161": 0.023184176394293127,
    "162": 0.15202999122597113,
    "163": 0.23676923076923076,
    "164": 0.2283954536795987,
    "165": 0.3316288351209778,
    "167": 0,
    "168": 0.29885629040278466,
    "169": 0.0688330871491876,
    "170": 0.32767028472549947,
    "171": 0.3254539762053851,
    "172": 0.2199864109130821,
    "173": 0.3463744668333578,
    "174": 0,
    "175": 0.5152319731693683,
    "176": 0.3613791328959218,
    "177": 0.29535923958624544,
    "178": 0.32944689321768805,
    "179": 0.1420481359131666,
    "180": 0.5149667405764967,
    "181": 0.07744802412315506,
    "182": 0.10062036616734756,
    "183": 0,
    "184": 0.021453730387447967,
    "185": 0.2567159890820284,
    "186": 0.3175390460109751,
    "187": 0,
    "188": 0.2145377558221595,
    "189": 0.12953533800877445,
    "190": 0.33366449049105873,
    "191": 0.2866399522550942,
    "192": 0.32726484612050283,
    "193": 0.24899540757749714,
    "194": 0.5099938499384994,
    "195": 0.09917763157894736,
    "196": 0.34213685474189676
}