{
    "0": 0.0037401011353878446,
    "1": 0.2180466038671294,
    "2": 0.23723366265920723,
    "3": 0.2749860413176996,
    "4": 0,
    "5": 0.1372328458942632,
    "6": 0.171143953621295,
    "7": 0.23033275629928832,
    "8": 0.20927189456958595,
    "9": 0.27844374342797057,
    "10": 0.2533658161302731,
    "11": 0.15436241610738255,
    "12": 0.27554402651678916,
    "13": 0.16802499320836728,
    "14": 0.2704651162790698,
    "15": 0.36819343424415174,
    "16": 0,
    "17": 0.2536520584329349,
    "18": 0,
    "19": 0.35703037120359954,
    "20": 0.30666208791208793,
    "21": 0.14979681150359486,
    "22": 0.07985589912939058,
    "23": 0.10676640598435906,
    "24": 0,
    "25": 0,
    "26": 0.031314018144571264,
    "27": 0.22600654110747717,
    "28": 0.23226090788893786,
    "29": 0.331239092495637,
    "30": 0.2131355165550932,
    "31": 0,
    "32": 0.10454888162854989,
    "33": 0,
    "34": 0.14152797798453676,
    "35": 0,
    "36": 0.006344827586206896,
    "37": 0.2028119945253204,
    "38": 0.2677931387608807,
    "39": 0.31157853351680753,
    "40": 0.2107855846512834,
    "41": 0.24398319113714503,
    "42": 0.24405182567726738,
    "43": 0,
    "44": 0.3070021111893033,
    "45": 0.24876743203268065,
    "46": 0.21416526138279932,
    "47": 0.20239149689991143,
    "48": 0.020699708454810496,
    "49": 0.3103261605088645,
    "50": 0.20159115426105717,
    "51": 0.10982272948033026,
    "52": 0.23502036067481094,
    "53": 0.2667079975201488,
    "54": 0,
    "55": 0.28551829268292683,
    "56": 0.3185768604019555,
    "57": 0.2480374604049029,
    "58": 0.2059265811587793,
    "59": 0,
    "60": 0.36206586287565234,
    "61": 0.23349263630157027,
    "62": 0.23086325439266617,
    "63": 0.2766891362282489,
    "64": 0.18400084988845214,
    "65": 0.031187730597657705,
    "66": 0.00024926000934725036,
    "67": 0.20762601201358058,
    "68": 0.1852695520121488,
    "69": 0.014109589041095891,
    "70": 0.17446359479423146,
    "71": 0,
    "72": 0.04130394941812517,
    "73": 0,
    "74": 0.2145922746781116,
    "75": 0.19141438411020342,
    "76": 0.23311957751791776,
    "77": 0.34376068376068375,
    "78": 0.18752904005203977,
    "79": 0.22093425605536332,
    "80": 0.19072002520876005,
    "81": 0.09179856115107914,
    "82": 0.18904665314401622,
    "83": 0.14068378864714542,
    "84": 0.28641816623821764,
    "85": 0,
    "86": 0.12832550860719874,
    "87": 0.30393905008915545,
    "88": 0.20088448137228626,
    "89": 0.2969465648854962,
    "90": 0.16818383658969804,
    "91": 0,
    "92": 0.2499713204083974,
    "93": 0.0006908328805402468,
    "94": 0.31390134529147984,
    "95": 0.378499735868991,
    "96": 0.3193629505448449,
    "97": 0,
    "98": 0.00390625,
    "99": 0.24924605286499912,
    "100": 0.033157276995305164,
    "101": 0.2075800679085987,
    "102": 0.002077954788741263,
    "103": 0.27739905610907184,
    "104": 0.32778969957081544,
    "105": 0,
    "106": 0.14104763161366934,
    "107": 0.1336422276732988,
    "108": 0.3789090909090909,
    "109": 0.2877077254852214,
    "110": 0.26910394265232973,
    "111": 5.729783414186944e-05,
    "112": 0.28435643564356433,
    "113": 0.2901960784313726,
    "114": 0.19268400176289113,
    "115": 0.349679029957204,
    "116": 0.19037871033776868,
    "117": 0.20098628818859754,
    "118": 0.33784545967287083,
    "119": 0.11651090342679128,
    "120": 0.33536399634480657,
    "121": 0.04636404360161266,
    "122": 0.1825527457728565,
    "123": 0.20436187399030695,
    "124": 0.17590361445783131,
    "125": 0.2845921450151057,
    "126": 0.04426089855179822,
    "127": 0.18975948059613398,
    "128": 0.2905486241668091,
    "129": 0.3049932523616734,
    "130": 0.2780922728559298,
    "131": 0.2753188297074269,
    "132": 0.21049801011078842,
    "133": 0.22798641079790652,
    "134": 0.20476460578559275,
    "135": 0.0018450781730489107,
    "136": 0.005206867435969603,
    "137": 0,
    "138": 0.294901506373117,
    "139": 0.31384892086330934,
    "140": 0.2797225358928859,
    "141": 0.24158618671349136,
    "142": 0.04259082868417472,
    "143": 0.08557749850388989,
    "144": 0,
    "145": 0.14306808859721082,
    "146": 0.004414261460101867,
    "147": 0.05975500448162534,
    "148": 0.0004895044487316076,
    "149": 0.16176768700587876,
    "150": 0.263498656242365,
    "151": 0.05265016004518923,
    "152": 0.21251984577001587,
    "153": 0.143244320446393,
    "154": 0,
    "155": 0.14393704048876463,
    "156": 0.2186327445776517,
    "157": 0.0023550191345304682,
    "158": 0.10556095330628108,
    "159": 0,
    "160": 0.3547356188262638,
    "161": 0.03602521765235665,
    "162": 0.11567300658376006,
    "163": 0.2953195533380851,
    "164": 0.1334470127573576,
    "165": 0.2748702742772424,
    "166": 0.29885629040278466,
    "167": 0,
    "169": 0.044410652318009905,
    "170": 0.3197424892703863,
    "171": 0.3185216834009827,
    "172": 0.12947841175870164,
    "173": 0.4780045351473923,
    "174": 0,
    "175": 0.29112892270072,
    "176": 0.3165993161330432,
    "177": 0.22462902950707828,
    "178": 0.30883977900552484,
    "179": 0.2638888888888889,
    "180": 0.28318466249500734,
    "181": 0.08430851063829788,
    "182": 0.11181026137463698,
    "183": 0,
    "184": 0.031314018144571264,
    "185": 0.27764227642276423,
    "186": 0.23964809384164223,
    "187": 0,
    "188": 0.21363815530153724,
    "189": 0.08238491048593351,
    "190": 0.26913066111400313,
    "191": 0.2005939524838013,
    "192": 0.27203590574741304,
    "193": 0.2806364951436247,
    "194": 0.3005464480874317,
    "195": 0.11135795612329909,
    "196": 0.31662424123751715
}