{
    "0": 0.006338992332968236,
    "1": 0.09455673404042425,
    "2": 0.08582402234636871,
    "3": 0.08735849743384413,
    "4": 0,
    "5": 0.06423864706073296,
    "6": 0.1240541616885703,
    "7": 0.08404819277108434,
    "8": 0.08766653731729401,
    "9": 0.047020983305253485,
    "10": 0.08815121846637604,
    "11": 0.04653626731866341,
    "12": 0.07831063459866705,
    "13": 0.1119968831480205,
    "14": 0.04643573310266189,
    "15": 0.05592202786836644,
    "16": 0,
    "17": 0.02158652870764861,
    "18": 0,
    "19": 0.0538283955367449,
    "20": 0.07420627465714823,
    "21": 0.09156279961649089,
    "22": 0.01148344912137311,
    "23": 0.10187485882087192,
    "24": 0,
    "25": 0,
    "26": 0.007323459618689142,
    "27": 0.10425985090521832,
    "28": 0.06734203046425187,
    "29": 0.062282469316724674,
    "30": 0.0872579260342799,
    "31": 0,
    "32": 0.033119921201674465,
    "33": 0,
    "34": 0.09579709029327996,
    "35": 0,
    "36": 0.024002940635912517,
    "37": 0.08636757693974859,
    "38": 0.06861434008846827,
    "39": 0.057817713072490146,
    "40": 0.042280459021730284,
    "41": 0.055641997023406845,
    "42": 0.03759192614614301,
    "43": 0,
    "44": 0.07050727635091941,
    "45": 0.07675565873476495,
    "46": 0.08310648518815052,
    "47": 0.08455151075048148,
    "48": 0.004650593562599437,
    "49": 0.07390220252112481,
    "50": 0.0894157177524734,
    "51": 0.10641112319586114,
    "52": 0.026207007264116868,
    "53": 0.06802168021680217,
    "54": 0,
    "55": 0.07216869660061807,
    "56": 0.07812771880981381,
    "57": 0.08201904208154663,
    "58": 0.09279008876684335,
    "59": 0,
    "60": 0.052977988778593006,
    "61": 0.08889539422326308,
    "62": 0.08349153314602475,
    "63": 0.07339483394833948,
    "64": 0.07685530328702135,
    "65": 0.11132573259210403,
    "66": 0.00028088196938386536,
    "67": 0.040714227609208495,
    "68": 0.040500975927130776,
    "69": 0.01368657182610671,
    "70": 0.13410184753920198,
    "71": 0,
    "72": 0.03650562167756504,
    "73": 0,
    "74": 0.0506184234816319,
    "75": 0.09670831331090822,
    "76": 0.07257586626329414,
    "77": 0.07875601297684305,
    "78": 0.10176013920492571,
    "79": 0.06913846984837378,
    "80": 0.08827552664376691,
    "81": 0.01896707447245258,
    "82": 0.08489698307579102,
    "83": 0.09345272891534251,
    "84": 0.052603015854556734,
    "85": 0,
    "86": 0.035836529341416144,
    "87": 0.07029644848840622,
    "88": 0.09896602658788774,
    "89": 0.0318740548295785,
    "90": 0.09933942172327907,
    "91": 0,
    "92": 0.08657074340527578,
    "93": 0.0008070163737619636,
    "94": 0.07179761950323396,
    "95": 0.03801972539160704,
    "96": 0.05754510135784898,
    "97": 0,
    "98": 0.001444142626276519,
    "99": 0.07355333488264001,
    "100": 0.006990719921507706,
    "101": 0.09046604699199587,
    "102": 0.00118828994274603,
    "103": 0.0776926575016616,
    "104": 0.04457634545671832,
    "105": 0,
    "106": 0.10080143168378462,
    "107": 0.1213815556656522,
    "108": 0.03878820050049291,
    "109": 0.07110793715568252,
    "110": 0.07623383192427198,
    "111": 0.0031009982337097688,
    "112": 0.05697874784606548,
    "113": 0.06401184201025345,
    "114": 0.10208278924001045,
    "115": 0.06646492231612355,
    "116": 0.08888145082765336,
    "117": 0.08639108221086855,
    "118": 0.05769373377827215,
    "119": 0.04627166465135026,
    "120": 0.07038654030454691,
    "121": 1.423320369099367,
    "122": 0.08995659332435264,
    "123": 0.06041177173350325,
    "124": 0.019393497712457995,
    "125": 0.06980607417572496,
    "126": 2.815713536201469,
    "127": 0.08719474474916782,
    "128": 0.06791875140019416,
    "129": 0.060790273556231005,
    "130": 0.07844477214689062,
    "131": 0.07852210959306596,
    "132": 0.08192281651997292,
    "133": 0.09056399132321041,
    "134": 0.025660620198688814,
    "135": 0.0016923076923076924,
    "136": 0.022100261519761317,
    "137": 0,
    "138": 0.06699579588845606,
    "139": 0.04508998810391803,
    "140": 0.07154507710557532,
    "141": 0.08276555344577237,
    "142": 1.0458491115642294,
    "143": 0.014861036988382117,
    "144": 0,
    "145": 0.07692919649960223,
    "146": 0.0017025056441763203,
    "147": 0.009362989614849947,
    "148": 0.010347092959597065,
    "149": 0.056855649376759146,
    "150": 0.08027989383337354,
    "151": 0.09893278478119451,
    "152": 0.053021756647864626,
    "153": 0.11932270916334661,
    "154": 0,
    "155": 0.10320936243538197,
    "156": 0.09279146035624719,
    "157": 0.0008149295085975063,
    "158": 0.11864703820539782,
    "159": 0,
    "160": 0.03377925101613985,
    "161": 0.005889088827089809,
    "162": 0.12810561822204491,
    "163": 0.04205898373667419,
    "164": 0.13221087496549822,
    "165": 0.07137178375252963,
    "166": 0.0688330871491876,
    "167": 0,
    "168": 0.044410652318009905,
    "170": 0.05532210185435059,
    "171": 0.05552986512524085,
    "172": 0.10029073574478116,
    "173": 0.05827243769908188,
    "174": 0,
    "175": 0.07999293036408625,
    "176": 0.06766782552596681,
    "177": 0.06766169154228856,
    "178": 0.05660237113018917,
    "179": 0.03159544961209149,
    "180": 0.07787057832678271,
    "181": 0.025749660647443544,
    "182": 0.034876606159494186,
    "183": 0,
    "184": 0.007323459618689142,
    "185": 0.0443470706002342,
    "186": 0.07862281603288798,
    "187": 0,
    "188": 0.050536759291555246,
    "189": 0.0830617243962184,
    "190": 0.07286182955672542,
    "191": 0.10635418385872256,
    "192": 0.06894329896907217,
    "193": 0.053491598581778946,
    "194": 0.0849590469099032,
    "195": 0.024963048119559864,
    "196": 0.06209523809523809
}