{
    "0": 0.002803236644863715,
    "1": 0.08868413475381515,
    "2": 0.10020063731854124,
    "3": 0.11722222222222223,
    "4": 0,
    "5": 0.0686588047171697,
    "6": 0.0708838404110139,
    "7": 0.0875,
    "8": 0.0848298889991878,
    "9": 0.1600916263680326,
    "10": 0.10325192964696951,
    "11": 0.14376637963309621,
    "12": 0.11286390362828051,
    "13": 0.06229867285143667,
    "14": 0.16455696202531644,
    "15": 0.15501880815680064,
    "16": 0,
    "18": 0,
    "19": 0.16951672862453532,
    "20": 0.1333803810868031,
    "21": 0.06163430714328918,
    "22": 0.15409054805401112,
    "23": 0.038770583360357436,
    "24": 0,
    "25": 0,
    "26": 0.06284805091487669,
    "27": 0.09196934355214928,
    "28": 0.12574656981436644,
    "29": 0.15244555515887184,
    "30": 0.08274557027352486,
    "31": 0,
    "32": 0.12289966394623139,
    "33": 0,
    "34": 0.08188661852819173,
    "35": 0,
    "36": 0.006321612011062821,
    "37": 0.10612735282338806,
    "38": 0.11278195488721804,
    "39": 0.15964184319720462,
    "40": 0.19422014449638758,
    "41": 0.09575940606518182,
    "42": 0.17472852912142153,
    "43": 0,
    "44": 0.14882506527415143,
    "45": 0.11648351648351649,
    "46": 0.08556534244112889,
    "47": 0.07970768184908225,
    "48": 0.035545023696682464,
    "49": 0.1113895501816815,
    "50": 0.11155913978494623,
    "51": 0.05454206999255398,
    "52": 0.24605678233438485,
    "53": 0.10372308790293802,
    "54": 0,
    "55": 0.12461395923409511,
    "56": 0.11042183622828784,
    "57": 0.1250542142547347,
    "58": 0.07679395719681074,
    "59": 0,
    "60": 0.13744157867405227,
    "61": 0.0851355050643307,
    "62": 0.11659117597718503,
    "63": 0.13254398947541524,
    "64": 0.08855029259136579,
    "65": 0.012672913877733154,
    "66": 0.0001743485703417232,
    "67": 0.20333772507685552,
    "68": 0.19152615650670127,
    "69": 0.01184,
    "70": 0.09112892961690212,
    "71": 0,
    "72": 0.020115473441108544,
    "73": 0,
    "74": 0.13756927949327,
    "75": 0.11265991980141302,
    "76": 0.08228511530398323,
    "77": 0.19272529858849077,
    "78": 0.08229195593816532,
    "79": 0.13649604660840617,
    "80": 0.07019502754205746,
    "81": 0.13958192852326365,
    "82": 0.07382080969772321,
    "83": 0.052202791759638836,
    "84": 0.16502335236118318,
    "85": 0,
    "86": 0.16377551020408163,
    "87": 0.129227250449273,
    "88": 0.10617647058823529,
    "89": 0.19457789979409745,
    "90": 0.0958505217180296,
    "91": 0,
    "92": 0.0984238950732944,
    "93": 0.0005685048322910744,
    "94": 0.14804469273743018,
    "95": 0.20591979630808402,
    "96": 0.17518072289156628,
    "97": 0,
    "98": 0.004185559818625741,
    "99": 0.1557566828036203,
    "100": 0.06003159557661927,
    "101": 0.0838270404102927,
    "102": 0.0014608136732159813,
    "103": 0.10899216973983329,
    "104": 0.2256052824651504,
    "105": 0,
    "106": 0.0824662214629601,
    "107": 0.06774412077808961,
    "108": 0.17583892617449665,
    "109": 0.10451475293281194,
    "110": 0.11465703971119133,
    "111": 5.853658536585366e-05,
    "112": 0.15077554744525548,
    "113": 0.11774878163810722,
    "114": 0.08028883349093097,
    "115": 0.1445188579485372,
    "116": 0.07027469664259658,
    "117": 0.10419866871479774,
    "118": 0.15133242559813265,
    "119": 0.10113085621970921,
    "120": 0.12067498581962564,
    "121": 0.02179279487772892,
    "122": 0.06852035749751738,
    "123": 0.15637065637065636,
    "124": 0.22172808132147395,
    "125": 0.11946634323832626,
    "126": 0.02101468727230893,
    "127": 0.06779661016949153,
    "128": 0.14106068890103882,
    "129": 0.14267756128221246,
    "130": 0.12304853817768947,
    "131": 0.1521285140562249,
    "132": 0.09349022994710138,
    "133": 0.07943250361056835,
    "134": 0.20615384615384616,
    "135": 0.0015678896205707118,
    "136": 0.005293159609120521,
    "137": 0,
    "138": 0.14549356223175966,
    "139": 0.1631467793030623,
    "140": 0.1339118597924111,
    "141": 0.11338289962825279,
    "142": 0.02033375403169261,
    "143": 0.15007656967840735,
    "144": 0,
    "145": 0.10061952574236274,
    "146": 0.005975013579576317,
    "147": 0.11191047162270183,
    "148": 0.0004920805781946794,
    "149": 0.11526390870185449,
    "150": 0.10210772833723654,
    "151": 0.020956550086154706,
    "152": 0.15745231167151633,
    "153": 0.06190975865687303,
    "154": 0,
    "155": 0.07713156408808583,
    "156": 0.07987275384747657,
    "157": 0.005917159763313609,
    "158": 0.043602818999598926,
    "159": 0,
    "160": 0.24613506916192027,
    "161": 0.0805484147386461,
    "162": 0.0602589641434263,
    "163": 0.19141710404445816,
    "164": 0.052582683017465624,
    "165": 0.13196255945987417,
    "166": 0.13433601093830114,
    "167": 0,
    "168": 0.2536520584329349,
    "169": 0.02158652870764861,
    "170": 0.1756352765321375,
    "171": 0.17396683989111605,
    "172": 0.04857310398749023,
    "173": 0.16273779983457404,
    "174": 0,
    "175": 0.11137041358744976,
    "176": 0.12420957542908763,
    "177": 0.1356000809552722,
    "178": 0.1426614481409002,
    "179": 0.20404411764705882,
    "180": 0.11125336064524388,
    "181": 0.12658227848101267,
    "182": 0.12610229276895943,
    "183": 0,
    "184": 0.06284805091487669,
    "185": 0.1489971346704871,
    "186": 0.10471204188481675,
    "187": 0,
    "188": 0.15340613624544983,
    "189": 0.03232731798382078,
    "190": 0.14792438121223933,
    "191": 0.07869648119258103,
    "192": 0.10393158332343509,
    "193": 0.16093092349591484,
    "194": 0.1316988841741317,
    "195": 0.14742451154529307,
    "196": 0.14568838288003375
}