{
    "0": 0.004264752850996674,
    "1": 0.24895213958475484,
    "2": 0.2907877487784531,
    "3": 0.29983987189751804,
    "4": 0,
    "5": 0.16962634110247873,
    "6": 0.22354022220365885,
    "7": 0.2833885747709105,
    "8": 0.2645910692183186,
    "9": 0.27521047708138446,
    "10": 0.29435433169873004,
    "11": 0.17204522096608427,
    "12": 0.3042397458914515,
    "13": 0.18785972426716638,
    "14": 0.24652087475149106,
    "15": 0.32895410339532505,
    "16": 0,
    "17": 0.1756352765321375,
    "18": 0,
    "19": 0.3209113728519019,
    "20": 0.30970384373030874,
    "21": 0.18985165849621188,
    "22": 0.07261761158021712,
    "23": 0.1279729061227596,
    "24": 0,
    "25": 0,
    "26": 0.029060229669557066,
    "27": 0.25243355572569176,
    "28": 0.3218234135998788,
    "29": 0.3425056652638394,
    "30": 0.2517608813436879,
    "31": 0,
    "32": 0.10520722635494155,
    "33": 0,
    "34": 0.163455562461156,
    "35": 0,
    "36": 0.006527093596059113,
    "37": 0.2593192868719611,
    "38": 0.29506172839506173,
    "39": 0.3434212954419635,
    "40": 0.22798993825748914,
    "41": 0.19618921014733576,
    "42": 0.21623234533518998,
    "43": 0,
    "44": 0.288491690185011,
    "45": 0.27437794216543376,
    "46": 0.27191807044410415,
    "47": 0.24523767135481575,
    "48": 0.01574074074074074,
    "49": 0.2824631860776439,
    "50": 0.27244116037219485,
    "51": 0.12519375223560272,
    "52": 0.2045562411010916,
    "53": 0.2487286699062041,
    "54": 0,
    "55": 0.31464764123471173,
    "56": 0.29699433357969945,
    "57": 0.3511085349949283,
    "58": 0.24187439443318948,
    "59": 0,
    "60": 0.2714138286893705,
    "61": 0.25524044389642414,
    "62": 0.2726600621026172,
    "63": 0.34018371477502723,
    "64": 0.2311125278928913,
    "65": 0.04329556246503701,
    "66": 0.0002939993191594714,
    "67": 0.21478793377183034,
    "68": 0.19756367663344407,
    "69": 0.014233954451345756,
    "70": 0.2266275659824047,
    "71": 0,
    "72": 0.04764071529326114,
    "73": 0,
    "74": 0.2342259156663589,
    "75": 0.21011789285181315,
    "76": 0.2264367816091954,
    "77": 0.3654650788542002,
    "78": 0.2290097629009763,
    "79": 0.2921966311447233,
    "80": 0.22360150848522942,
    "81": 0.09024332624616112,
    "82": 0.23698754433721025,
    "83": 0.17599112836151926,
    "84": 0.2650669642857143,
    "85": 0,
    "86": 0.13981149012567326,
    "87": 0.32934131736526945,
    "88": 0.2544559723330673,
    "89": 0.23569370111156854,
    "90": 0.1883656509695291,
    "91": 0,
    "92": 0.309780717020536,
    "93": 0.0007633352352460407,
    "94": 0.32809803244735936,
    "95": 0.2746710526315789,
    "96": 0.34603421461897355,
    "97": 0,
    "98": 0.0035147392290249433,
    "99": 0.2738430917233372,
    "100": 0.02978424015009381,
    "101": 0.23412877082395317,
    "102": 0.0023279412642511787,
    "103": 0.3073998986315256,
    "104": 0.25773195876288657,
    "105": 0,
    "106": 0.18243852195184757,
    "107": 0.1758862662899845,
    "108": 0.2559003902620331,
    "109": 0.27695362691274383,
    "110": 0.2751301561874249,
    "111": 5.681818181818182e-05,
    "112": 0.2607118175535591,
    "113": 0.2974821714452045,
    "114": 0.24397239401272744,
    "115": 0.2954476015887565,
    "116": 0.2249508067689886,
    "117": 0.26575476306790424,
    "118": 0.30846674368707705,
    "119": 0.11930270564735791,
    "120": 0.2955704697986577,
    "121": 0.056589147286821705,
    "122": 0.21637207908927503,
    "123": 0.26044891640866874,
    "124": 0.1322975517890772,
    "125": 0.29852649475772175,
    "126": 0.054470859738451956,
    "127": 0.21477587969046577,
    "128": 0.31196923569940715,
    "129": 0.2902618517884648,
    "130": 0.3070652173913043,
    "131": 0.33017611365990823,
    "132": 0.2871663129677203,
    "133": 0.23470552093390679,
    "134": 0.18612283169245195,
    "135": 0.0021097710740939006,
    "136": 0.005136557253821098,
    "137": 0,
    "138": 0.32126126126126126,
    "139": 0.233742774566474,
    "140": 0.31249037424919146,
    "141": 0.28467673027627455,
    "142": 0.0527753422809739,
    "143": 0.07640557424315234,
    "144": 0,
    "145": 0.16781503598223854,
    "146": 0.004433934377771209,
    "147": 0.05328554360812425,
    "148": 0.0004492489119752913,
    "149": 0.17061697123213315,
    "150": 0.3037472976219073,
    "151": 0.07286877394636015,
    "152": 0.2681672025723473,
    "153": 0.1808655307575394,
    "154": 0,
    "155": 0.22768491205069377,
    "156": 0.23919436770341324,
    "157": 0.0021032951624211263,
    "158": 0.1289532167075047,
    "159": 0,
    "160": 0.2726027397260274,
    "161": 0.03023089740537967,
    "162": 0.1355181576616475,
    "163": 0.2850631862440439,
    "164": 0.16598829814296617,
    "165": 0.3418981137680083,
    "166": 0.32767028472549947,
    "167": 0,
    "168": 0.3197424892703863,
    "169": 0.05532210185435059,
    "171": 24.49122807017544,
    "172": 0.15964477488641057,
    "173": 0.3175722145804677,
    "174": 0,
    "175": 0.3108580302834218,
    "176": 0.32407407407407407,
    "177": 0.2905781223664251,
    "178": 0.3480701754385965,
    "179": 0.17885462555066078,
    "180": 0.30433676713722496,
    "181": 0.09544223826714801,
    "182": 0.11516155758077878,
    "183": 0,
    "184": 0.029308323563892145,
    "185": 0.23560841089279558,
    "186": 0.29937211230896815,
    "187": 0,
    "188": 0.22218272307145395,
    "189": 0.10046984617365,
    "190": 0.31472505432057496,
    "191": 0.2397050890127675,
    "192": 0.2626738705598345,
    "193": 0.2514692787177204,
    "194": 0.3264579314438344,
    "195": 0.13045552110660624,
    "196": 0.3327315399891677
}