{
    "0": 0.004281850961538462,
    "1": 0.24883223043985986,
    "2": 0.2899928690278108,
    "3": 0.29934779715160387,
    "4": 0,
    "5": 0.16926626672819567,
    "6": 0.22407747537151446,
    "7": 0.2824501701507049,
    "8": 0.26430336437939556,
    "9": 0.27431979127841966,
    "10": 0.29350551654964896,
    "11": 0.17151043798608268,
    "12": 0.3037190082644628,
    "13": 0.18747912073227768,
    "14": 0.24451472623048034,
    "15": 0.32654446707399865,
    "16": 0,
    "17": 0.17396683989111605,
    "18": 0,
    "19": 0.31917755572636436,
    "20": 0.30807843137254903,
    "21": 0.19027618683976072,
    "22": 0.0722168905950096,
    "23": 0.1280042592029206,
    "24": 0,
    "25": 0,
    "26": 0.029398040130657957,
    "27": 0.2524568683118585,
    "28": 0.3207063084817386,
    "29": 0.33934030571198714,
    "30": 0.25069788383610986,
    "31": 0,
    "32": 0.10495133305120609,
    "33": 0,
    "34": 0.16364764267990076,
    "35": 0,
    "36": 0.007006760909649662,
    "37": 0.2602790929479193,
    "38": 0.2948133546876925,
    "39": 0.3422794117647059,
    "40": 0.22779043280182232,
    "41": 0.19492273730684326,
    "42": 0.21581450653983353,
    "43": 0,
    "44": 0.2877012033130177,
    "45": 0.2735317779565567,
    "46": 0.2720581206385623,
    "47": 0.24486894713460683,
    "48": 0.01565737969145752,
    "49": 0.28148507643775783,
    "50": 0.2722184300341297,
    "51": 0.12554370493952213,
    "52": 0.20344583431673355,
    "53": 0.2484212900315742,
    "54": 0,
    "55": 0.3119478638667632,
    "56": 0.2969383991147178,
    "57": 0.3501878069921988,
    "58": 0.24203765616751716,
    "59": 0,
    "60": 0.27004405286343613,
    "61": 0.25539977264115193,
    "62": 0.2706003531489111,
    "63": 0.3389699038163202,
    "64": 0.23023945751218478,
    "65": 0.04329674331495162,
    "66": 0.0003016871272423476,
    "67": 0.21367328519855597,
    "68": 0.1962555066079295,
    "69": 0.014212804444731572,
    "70": 0.22567820392890553,
    "71": 0,
    "72": 0.047790187202875145,
    "73": 0,
    "74": 0.23362478907807946,
    "75": 0.21003274784161952,
    "76": 0.2263617904122892,
    "77": 0.3627341123739395,
    "78": 0.22879153517727863,
    "79": 0.2929466277672902,
    "80": 0.2237657954634644,
    "81": 0.08947862846406764,
    "82": 0.23738872403560832,
    "83": 0.17659126192060323,
    "84": 0.26365487872616183,
    "85": 0,
    "86": 0.13995081600715403,
    "87": 0.328689528475199,
    "88": 0.25448028673835127,
    "89": 0.2348841975814716,
    "90": 0.18834414548548337,
    "91": 0,
    "92": 0.3100811123986095,
    "93": 0.000763199888989107,
    "94": 0.3262326060814293,
    "95": 0.2736949846468782,
    "96": 0.3461314717859221,
    "97": 0,
    "98": 0.003505597647857062,
    "99": 0.27356930201786306,
    "100": 0.029624445999533473,
    "101": 0.23377673916951286,
    "102": 0.002384642899725766,
    "103": 0.3058957202373438,
    "104": 0.25711229946524067,
    "105": 0,
    "106": 0.18260087381135956,
    "107": 0.17650273224043717,
    "108": 0.25565024082993704,
    "109": 0.27548882681564246,
    "110": 0.27428799574128293,
    "111": 5.680580934076858e-05,
    "112": 0.2612519399896534,
    "113": 0.2974150450188789,
    "114": 0.244136078782453,
    "115": 0.2944131526868625,
    "116": 0.22522805913809374,
    "117": 0.2657564305741802,
    "118": 0.30650459921156376,
    "119": 0.11970300615718943,
    "120": 0.29487351090884756,
    "121": 0.05674648562889717,
    "122": 0.21578593317886238,
    "123": 0.2595875891308537,
    "124": 0.13188100257671587,
    "125": 0.2968816142232256,
    "126": 0.05462800234329233,
    "127": 0.21399956296889797,
    "128": 0.3121202430444516,
    "129": 0.28993174061433447,
    "130": 0.30742097408764074,
    "131": 0.32783505154639175,
    "132": 0.2859051436205745,
    "133": 0.23487638085218307,
    "134": 0.18576429404900816,
    "135": 0.002139845175907861,
    "136": 0.005248031988004498,
    "137": 0,
    "138": 0.31934731934731936,
    "139": 0.23277567907897104,
    "140": 0.3111383860079779,
    "141": 0.2846383402017905,
    "142": 0.05292075369939664,
    "143": 0.07626105665790103,
    "144": 0,
    "145": 0.16742979242979242,
    "146": 0.004418912947414936,
    "147": 0.052731591448931116,
    "148": 0.00044895897637353384,
    "149": 0.16918646508279336,
    "150": 0.30233393177737883,
    "151": 0.07269159907161486,
    "152": 0.2661977834612106,
    "153": 0.18053337591823698,
    "154": 0,
    "155": 0.2264808362369338,
    "156": 0.23844238975817922,
    "157": 0.002325581395348837,
    "158": 0.1290708266909588,
    "159": 0,
    "160": 0.27187997272107295,
    "161": 0.03006628787878788,
    "162": 0.13591717547119725,
    "163": 0.2843582335947173,
    "164": 0.16515449527314258,
    "165": 0.3407341622261693,
    "166": 0.3254539762053851,
    "167": 0,
    "168": 0.3185216834009827,
    "169": 0.05552986512524085,
    "170": 24.49122807017544,
    "172": 0.1600681360656584,
    "173": 0.3163212878917623,
    "174": 0,
    "175": 0.30785070785070784,
    "176": 0.32157765942133293,
    "177": 0.291049798115747,
    "178": 0.3475599090432045,
    "179": 0.18033868484715196,
    "180": 0.3028383172833249,
    "181": 0.09548416086272747,
    "182": 0.11512275634413038,
    "183": 0,
    "184": 0.02964519140989729,
    "185": 0.23442594817230136,
    "186": 0.2985586011342155,
    "187": 0,
    "188": 0.22178919397697078,
    "189": 0.10058867050535594,
    "190": 0.31406197934021995,
    "191": 0.23947581007090926,
    "192": 0.2632062471290767,
    "193": 0.2512428977272727,
    "194": 0.3246158392434988,
    "195": 0.13004271476032273,
    "196": 0.32956584140653034
}