{
    "0": 0.004538124527278695,
    "1": 0.29162797517227895,
    "2": 0.26216229813352115,
    "3": 0.2543677204658902,
    "4": 0,
    "5": 0.1948046220340478,
    "6": 0.316054544590678,
    "7": 0.3292414069546047,
    "8": 0.33461131009433487,
    "9": 0.12657789218355528,
    "10": 0.267874708775563,
    "11": 0.07787749497327252,
    "12": 0.2445344550033754,
    "13": 0.3331264408583082,
    "14": 0.12266544863987008,
    "15": 0.19579582704615225,
    "16": 0,
    "17": 0.04857310398749023,
    "18": 0,
    "19": 0.148356950581543,
    "20": 0.21025801081980858,
    "21": 0.33255883998106794,
    "22": 0.019714544847009404,
    "23": 0.34540907708424856,
    "24": 0,
    "25": 0,
    "26": 0.008401378203615424,
    "27": 0.27521780732235485,
    "28": 0.21486077637044254,
    "29": 0.20361062673094676,
    "30": 0.3247942789968652,
    "31": 0,
    "32": 0.03935437930215998,
    "33": 0,
    "34": 0.1144479439293794,
    "35": 0,
    "36": 0.005646323882748679,
    "37": 0.2096108060832807,
    "38": 0.256398583712696,
    "39": 0.16381715793211912,
    "40": 0.07779698691034824,
    "41": 0.17836351134540454,
    "42": 0.10094746763232303,
    "43": 0,
    "44": 0.19394343103094897,
    "45": 0.207455509839885,
    "46": 0.29783445620789223,
    "47": 0.29922377887163953,
    "48": 0.006220546654099906,
    "49": 0.2561352021454233,
    "50": 0.20880056067280736,
    "51": 0.1858576378862258,
    "52": 0.0630577620868883,
    "53": 0.23268644436916228,
    "54": 0,
    "55": 0.2358402002712006,
    "56": 0.25937563348874926,
    "57": 0.2717373813227485,
    "58": 0.31374621630711574,
    "59": 0,
    "60": 0.1786049266920077,
    "61": 0.31587026491705866,
    "62": 0.17913103652810045,
    "63": 0.2163345177403574,
    "64": 0.26251919362028825,
    "65": 0.14939485139306888,
    "66": 0.00030765864931016096,
    "67": 0.07770019313623533,
    "68": 0.07509491642423943,
    "69": 0.00994362183260021,
    "70": 0.20860432625138509,
    "71": 0,
    "72": 0.09269162210338681,
    "73": 0,
    "74": 0.16180133506027697,
    "75": 0.13617408809854767,
    "76": 0.2716789667896679,
    "77": 0.25631533101045295,
    "78": 0.285179317297998,
    "79": 0.16885830784913353,
    "80": 0.3339136162604686,
    "81": 0.027393324074517503,
    "82": 0.3091119870159981,
    "83": 0.34405446170152054,
    "84": 0.1277717013025753,
    "85": 0,
    "86": 0.04999032133178475,
    "87": 0.2332823944775254,
    "88": 0.20894552723638182,
    "89": 0.09243285630268575,
    "90": 0.1699024783036593,
    "91": 0,
    "92": 0.2749462311809133,
    "93": 0.0009000654593061313,
    "94": 0.19153246753246753,
    "95": 0.1060994867745756,
    "96": 0.17073297883432384,
    "97": 0,
    "98": 0.001626268101912801,
    "99": 0.1586127629803608,
    "100": 0.009699091597274792,
    "101": 0.3027019216876174,
    "102": 0.0013622767791038588,
    "103": 0.2701779801324503,
    "104": 0.10089820359281437,
    "105": 0,
    "106": 0.13436194149791064,
    "107": 0.1989820543196876,
    "108": 0.11562362381954298,
    "109": 0.25326578254606863,
    "110": 0.20506129683422775,
    "111": 0.00012233912405187178,
    "112": 0.15224197131892547,
    "113": 0.2280318401748088,
    "114": 0.3328545247411957,
    "115": 0.198838749108689,
    "116": 0.33744389321993856,
    "117": 0.24817813765182187,
    "118": 0.17791256002021733,
    "119": 0.0537264917576039,
    "120": 0.23506057212664155,
    "121": 0.10791589363017934,
    "122": 0.3332104341413955,
    "123": 0.13033127342721101,
    "124": 0.0431619786614937,
    "125": 0.23430202387130256,
    "126": 0.10119728513688706,
    "127": 0.34122242647058826,
    "128": 0.19445722759114384,
    "129": 0.17803480146641193,
    "130": 0.25953757225433527,
    "131": 0.2541784589095958,
    "132": 0.29407562381997243,
    "133": 0.29730367851914813,
    "134": 0.059626296223830956,
    "135": 0.0018465705082172388,
    "136": 0.0045443577575806325,
    "137": 0,
    "138": 0.17194407319831398,
    "139": 0.12146669302233642,
    "140": 0.2164493167766405,
    "141": 0.22058370157229473,
    "142": 0.10439720442632498,
    "143": 0.021604053149794473,
    "144": 0,
    "145": 0.09694468913718764,
    "146": 0.0018513843305562568,
    "147": 0.015126290253531845,
    "148": 0.0010081987483117427,
    "149": 0.07630275878330582,
    "150": 0.2751044958711388,
    "151": 0.21680809687969593,
    "152": 0.11368132704306802,
    "153": 0.21828460532422056,
    "154": 0,
    "155": 0.2531142984763512,
    "156": 0.29899700527641776,
    "157": 0.0008925635364306854,
    "158": 0.20539740953205615,
    "159": 0,
    "160": 0.08836910295717536,
    "161": 0.007560364787601002,
    "162": 0.1352850664075154,
    "163": 0.11177962309184028,
    "164": 0.2639626589409303,
    "165": 0.2257816897804616,
    "166": 0.2199864109130821,
    "167": 0,
    "168": 0.12947841175870164,
    "169": 0.10029073574478116,
    "170": 0.15964477488641057,
    "171": 0.1600681360656584,
    "173": 0.17754289215686275,
    "174": 0,
    "175": 0.28029143128662687,
    "176": 0.23550724637681159,
    "177": 0.17038127633649794,
    "178": 0.17380111055022715,
    "179": 0.07185126738337114,
    "180": 0.26823712140823197,
    "181": 0.03399406300871397,
    "182": 0.043338380015140045,
    "183": 0,
    "184": 0.008449374557469908,
    "185": 0.14354042895982277,
    "186": 0.26494912535712495,
    "187": 0,
    "188": 0.1232408325074331,
    "189": 0.2756179711137752,
    "190": 0.19280724450194048,
    "191": 0.35754533346993134,
    "192": 0.2598184280483523,
    "193": 0.1396493695684935,
    "194": 0.25043960142803856,
    "195": 0.03887949770586815,
    "196": 0.178687761749651
}