{
    "0": 0.004075610880590133,
    "1": 0.2685402763417614,
    "2": 0.2846450192625206,
    "3": 0.3244789018810371,
    "4": 0,
    "5": 0.16127928852402942,
    "6": 0.23547842853699685,
    "7": 0.2984459838981464,
    "8": 0.27114810458698996,
    "9": 0.28811830698623153,
    "10": 0.30990605303841123,
    "11": 0.14859506981554904,
    "12": 0.31241157556270094,
    "13": 0.22473422150450814,
    "14": 0.24631061138439916,
    "15": 0.3717217787913341,
    "16": 0,
    "17": 0.16273779983457404,
    "18": 0,
    "19": 0.32042192633581185,
    "20": 0.35633931286105197,
    "21": 0.20437729279363304,
    "22": 0.059317073170731704,
    "23": 0.14865844815083393,
    "24": 0,
    "25": 0,
    "26": 0.02340627973358706,
    "27": 0.2825602377666914,
    "28": 0.28227831373067264,
    "29": 0.36859756097560975,
    "30": 0.28132199184830764,
    "31": 0,
    "32": 0.08925736461457047,
    "33": 0,
    "34": 0.15489160956980794,
    "35": 0,
    "36": 0.005043859649122807,
    "37": 0.24940239043824702,
    "38": 0.32831541218637994,
    "39": 0.3296739308536785,
    "40": 0.1943342776203966,
    "41": 0.22837184309511016,
    "42": 0.19322607959356478,
    "43": 0,
    "44": 0.31880189798339265,
    "45": 0.27946127946127947,
    "46": 0.28470566660553825,
    "47": 0.2596401028277635,
    "48": 0.016122913505311077,
    "49": 0.35158076024111207,
    "50": 0.2505502567865004,
    "51": 0.13096195839558672,
    "52": 0.16730917501927525,
    "53": 0.3013621524259822,
    "54": 0,
    "55": 0.33995584988962474,
    "56": 0.3721192384769539,
    "57": 0.31905313263862084,
    "58": 0.2677172134676655,
    "59": 0,
    "60": 0.35162873717090587,
    "61": 0.2920843091334895,
    "62": 0.2764426340801086,
    "63": 0.32590099565278363,
    "64": 0.2242412336705628,
    "65": 0.0450997845633861,
    "66": 0.00025336281555187026,
    "67": 0.19273902299942977,
    "68": 0.17341467923830653,
    "69": 0.013380367351903661,
    "70": 0.22619176892170703,
    "71": 0,
    "72": 0.05120725249079975,
    "73": 0,
    "74": 0.21736167893158898,
    "75": 0.20179072564479486,
    "76": 0.2775892857142857,
    "77": 0.40101289134438306,
    "78": 0.24586055669918552,
    "79": 0.26058437686344665,
    "80": 0.2511224647778294,
    "81": 0.07517785041338204,
    "82": 0.251854214849669,
    "83": 0.1945463505448174,
    "84": 0.2658796142334553,
    "85": 0,
    "86": 0.11629192775525249,
    "87": 0.3516832827626066,
    "88": 0.24981756263682803,
    "89": 0.22340803984347207,
    "90": 0.18647581441263575,
    "91": 0,
    "92": 0.32669543091049896,
    "93": 0.0007575757575757576,
    "94": 0.34547778843080856,
    "95": 0.3054820415879017,
    "96": 0.31510767160161507,
    "97": 0,
    "98": 0.0030587275693311584,
    "99": 0.24598698481561823,
    "100": 0.02479023646071701,
    "101": 0.2628606723727168,
    "102": 0.002085329425689004,
    "103": 0.3329289007522446,
    "104": 0.2618416066691929,
    "105": 0,
    "106": 0.1735844669224509,
    "107": 0.17700932979542924,
    "108": 0.31335830212234705,
    "109": 0.3329835606855544,
    "110": 0.3154692556634304,
    "111": 5.629257125701312e-05,
    "112": 0.25555555555555554,
    "113": 0.34321615134829875,
    "114": 0.25590991145878106,
    "115": 0.35201793721973096,
    "116": 0.2515684300209124,
    "117": 0.25750448028673834,
    "118": 0.34202717476183037,
    "119": 0.1069818068729591,
    "120": 0.3573717948717949,
    "121": 0.06131939437635184,
    "122": 0.23934137018523963,
    "123": 0.22247631492976153,
    "124": 0.11728155339805825,
    "125": 0.3271255060728745,
    "126": 0.058495622654993744,
    "127": 0.24792727272727272,
    "128": 0.3238998370128908,
    "129": 0.30315888731730317,
    "130": 0.3380667014069828,
    "131": 0.3360734347170845,
    "132": 0.2663888606565708,
    "133": 0.2858409433460413,
    "134": 0.16562864927987545,
    "135": 0.0019236053860950811,
    "136": 0.004009801737580753,
    "137": 0,
    "138": 0.31415215989684075,
    "139": 0.25538971807628524,
    "140": 0.3392987050778408,
    "141": 0.2717922345075855,
    "142": 0.05681968078089962,
    "143": 0.06594911937377691,
    "144": 0,
    "145": 0.15450990966698125,
    "146": 0.003740005158627805,
    "147": 0.04396668603525082,
    "148": 0.0004644935653979617,
    "149": 0.1493737436214628,
    "150": 0.32245879120879123,
    "151": 0.07462932454695223,
    "152": 0.22833660889762372,
    "153": 0.18231416230961583,
    "154": 0,
    "155": 0.21087150949021166,
    "156": 0.2717133573373145,
    "157": 0.0015188912094171254,
    "158": 0.14040544293251875,
    "159": 0,
    "160": 0.26863600317208564,
    "161": 0.024686595949855353,
    "162": 0.13645418326693226,
    "163": 0.2856356631810677,
    "164": 0.17995783207242963,
    "165": 0.33568425335684254,
    "166": 0.3463744668333578,
    "167": 0,
    "168": 0.4780045351473923,
    "169": 0.05827243769908188,
    "170": 0.3175722145804677,
    "171": 0.3163212878917623,
    "172": 0.17754289215686275,
    "174": 0,
    "175": 0.3485247959824231,
    "176": 0.33544816414686823,
    "177": 0.262615859938208,
    "178": 0.32435778396781184,
    "179": 0.17073170731707318,
    "180": 0.3486866674965766,
    "181": 0.07722078879469223,
    "182": 0.1043630017452007,
    "183": 0,
    "184": 0.02340627973358706,
    "185": 0.2504728877679697,
    "186": 0.3036963036963037,
    "187": 0,
    "188": 0.21433051113201632,
    "189": 0.1094704684317719,
    "190": 0.29814126394052043,
    "191": 0.25997908314450063,
    "192": 0.3067345783814375,
    "193": 0.24932421688662745,
    "194": 0.3520730850316233,
    "195": 0.10538506079907353,
    "196": 0.3128482725680624
}