{
    "0": 0.004583304177454342,
    "1": 0.3466177241740954,
    "2": 0.3594309590131317,
    "3": 0.37261320240043644,
    "4": 0,
    "5": 0.20588010691103475,
    "6": 0.34108832807570977,
    "7": 0.38445951898511144,
    "8": 0.3666436344791847,
    "9": 0.23563906175203447,
    "10": 0.421483942414175,
    "11": 0.1383777239709443,
    "12": 0.3848066922903007,
    "13": 0.3109276989105315,
    "14": 0.21846537741734248,
    "15": 0.36685194542698335,
    "16": 0,
    "17": 0.11137041358744976,
    "18": 0,
    "19": 0.28226613306653325,
    "20": 0.47389229720518067,
    "21": 0.2901895617922206,
    "22": 0.044402985074626866,
    "23": 0.22726558201681993,
    "24": 0,
    "25": 0,
    "26": 0.017865824015556635,
    "27": 0.35298636450931437,
    "28": 0.3288710397144132,
    "29": 0.36153938090115934,
    "30": 0.3651059552726359,
    "31": 0,
    "32": 0.07791279485346676,
    "33": 0,
    "34": 0.1687010384405174,
    "35": 0,
    "36": 0.0063746998923751965,
    "37": 0.29027533684827184,
    "38": 0.3977671451355662,
    "39": 0.3044542339696525,
    "40": 0.16980888429752067,
    "41": 0.23920799143774527,
    "42": 0.18862128287048416,
    "43": 0,
    "44": 0.32745028826920813,
    "45": 0.3259897828863346,
    "46": 0.35492909909144943,
    "47": 0.3378825809577647,
    "48": 0.011235955056179775,
    "49": 0.3771583107967547,
    "50": 0.2877742300957874,
    "51": 0.16790545960109085,
    "52": 0.13546325878594248,
    "53": 0.334364726358538,
    "54": 0,
    "55": 0.5613912557619779,
    "56": 0.4090762793691664,
    "57": 0.40270456108182445,
    "58": 0.36494109839057576,
    "59": 0,
    "60": 0.3146813780680027,
    "61": 0.3806998939554613,
    "62": 0.3009084865942832,
    "63": 0.3443633044272022,
    "64": 0.28870738636363635,
    "65": 0.07679635194264325,
    "66": 0.0003001763536077446,
    "67": 0.15154196157735086,
    "68": 0.1429997504367357,
    "69": 0.013254938367115375,
    "70": 0.2900925212027756,
    "71": 0,
    "72": 0.06820806729281527,
    "73": 0,
    "74": 0.24798498399028376,
    "75": 0.21268971332209105,
    "76": 0.3306510607168983,
    "77": 0.43283204852773915,
    "78": 0.32528504359490273,
    "79": 0.2747510251903925,
    "80": 0.33539447217462565,
    "81": 0.062187812187812185,
    "82": 0.3352168601099572,
    "83": 0.274582560296846,
    "84": 0.24473395835869963,
    "85": 0,
    "86": 0.09527896995708154,
    "87": 0.5763081395348837,
    "88": 0.3066736731476616,
    "89": 0.18781600690590702,
    "90": 0.2086228547509418,
    "91": 0,
    "92": 0.40028061735818804,
    "93": 0.0008903120581171771,
    "94": 0.43930396354094736,
    "95": 0.2208067940552017,
    "96": 0.29354476214258957,
    "97": 0,
    "98": 0.0028087696028711866,
    "99": 0.24050632911392406,
    "100": 0.01975368857456408,
    "101": 0.35215640208088606,
    "102": 0.002023706273489448,
    "103": 0.5967002749770852,
    "104": 0.20708168221909753,
    "105": 0,
    "106": 0.19588414634146342,
    "107": 0.228538283062645,
    "108": 0.21863162878787878,
    "109": 0.36170848267622463,
    "110": 0.33511548331907615,
    "111": 8.21160390872346e-05,
    "112": 0.24921061864109462,
    "113": 0.3989668428640077,
    "114": 0.36356017432115323,
    "115": 0.3410708036859909,
    "116": 0.335618479880775,
    "117": 0.3192395286662046,
    "118": 0.3164182635438845,
    "119": 0.0959929546455306,
    "120": 0.407276055371239,
    "121": 0.08484267470127024,
    "122": 0.3394528698933314,
    "123": 0.21877649909145971,
    "124": 0.09113828312113954,
    "125": 0.557663020905441,
    "126": 0.0801516382344977,
    "127": 0.3305401028096613,
    "128": 0.42844012605042014,
    "129": 0.35037246339583866,
    "130": 0.5282847896440129,
    "131": 0.3720504009163803,
    "132": 0.36019768104923017,
    "133": 0.34851954850318995,
    "134": 0.12705074399084318,
    "135": 0.0020699300699300698,
    "136": 0.004935999330711955,
    "137": 0,
    "138": 0.32379158819836784,
    "139": 0.21755589731456287,
    "140": 0.4658970276008493,
    "141": 0.3183749046944777,
    "142": 0.07958662843819907,
    "143": 0.04791537025513379,
    "144": 0,
    "145": 0.1586299668874172,
    "146": 0.00325188144569358,
    "147": 0.031634662727720336,
    "148": 0.000555415299166877,
    "149": 0.13756141134435015,
    "150": 0.3729545226382893,
    "151": 0.1260776122286349,
    "152": 0.20418452230904965,
    "153": 0.2507496787091247,
    "154": 0,
    "155": 0.2826558265582656,
    "156": 0.36610597140454165,
    "157": 0.0012071463061323032,
    "158": 0.19256505576208177,
    "159": 0,
    "160": 0.19741100323624594,
    "161": 0.01723716381418093,
    "162": 0.16323433774116627,
    "163": 0.21998508575689785,
    "164": 0.2655089893845493,
    "165": 0.34530630233583076,
    "166": 0.5152319731693683,
    "167": 0,
    "168": 0.29112892270072,
    "169": 0.07999293036408625,
    "170": 0.3108580302834218,
    "171": 0.30785070785070784,
    "172": 0.28029143128662687,
    "173": 0.3485247959824231,
    "174": 0,
    "176": 0.3832740621773546,
    "177": 0.27692664809656453,
    "178": 0.3280852609906746,
    "179": 0.13560804899387577,
    "180": 0.6124766230296553,
    "181": 0.06334182744812522,
    "182": 0.0850488177861428,
    "183": 0,
    "184": 0.017865824015556635,
    "185": 0.2522490104354084,
    "186": 0.3451806065288777,
    "187": 0,
    "188": 0.20092432120161757,
    "189": 0.1643677052184817,
    "190": 0.32867469879518074,
    "191": 0.34893369844826155,
    "192": 0.3650110154215902,
    "193": 0.24687950072011522,
    "194": 0.5562064156206415,
    "195": 0.08247681123088493,
    "196": 0.33052975144363544
}