{
    "0": 0.004478384213249594,
    "1": 0.2878251101702238,
    "2": 0.31815877522052116,
    "3": 0.3465922042397994,
    "4": 0,
    "5": 0.17755038275269489,
    "6": 0.26244241371497623,
    "7": 0.34132906894100923,
    "8": 0.293136679795525,
    "9": 0.23513905364439172,
    "10": 0.34521862392323627,
    "11": 0.1250498338870432,
    "12": 0.35052150474627913,
    "13": 0.2601246105919003,
    "14": 0.22290331568682084,
    "15": 0.3718996813080227,
    "16": 0,
    "17": 0.12420957542908763,
    "18": 0,
    "19": 0.2867026428670264,
    "20": 0.33152036428029347,
    "21": 0.24024132730015083,
    "22": 0.04603470529183996,
    "23": 0.17912990799288175,
    "24": 0,
    "25": 0,
    "26": 0.01825073704899621,
    "27": 0.2985304005378926,
    "28": 0.2864840077954832,
    "29": 0.3696620382499345,
    "30": 0.3167894208235688,
    "31": 0,
    "32": 0.0726227096429049,
    "33": 0,
    "34": 0.15330438977327546,
    "35": 0,
    "36": 0.007502287282708142,
    "37": 0.24670040686712316,
    "38": 0.34195893926432847,
    "39": 0.28975404445613573,
    "40": 0.16200716845878135,
    "41": 0.2716185144456663,
    "42": 0.1927893215907527,
    "43": 0,
    "44": 0.2914523634582415,
    "45": 0.30038953811908736,
    "46": 0.31578495362418413,
    "47": 0.29931529181610694,
    "48": 0.013316512475469583,
    "49": 0.3441760601180891,
    "50": 0.25889794168096053,
    "51": 0.1551439876896021,
    "52": 0.1446559297218155,
    "53": 0.30603060306030605,
    "54": 0,
    "55": 0.3442229161662263,
    "56": 0.36137750653879686,
    "57": 0.32393730973052204,
    "58": 0.2913689281413087,
    "59": 0,
    "60": 0.3229230959140847,
    "61": 0.3294200723806161,
    "62": 0.24767037161782868,
    "63": 0.3175344105326152,
    "64": 0.24229979466119098,
    "65": 0.06002774500525081,
    "66": 0.000272471314825467,
    "67": 0.1483104764597766,
    "68": 0.13988552282563171,
    "69": 0.01380065717415115,
    "70": 0.23076923076923078,
    "71": 0,
    "72": 0.061289612676056336,
    "73": 0,
    "74": 0.22743259085580306,
    "75": 0.19821851392490697,
    "76": 0.30416666666666664,
    "77": 0.39939265909691046,
    "78": 0.26591791229663886,
    "79": 0.23106702153399467,
    "80": 0.2946841869493803,
    "81": 0.0570902394106814,
    "82": 0.2851950018932223,
    "83": 0.22234003074802525,
    "84": 0.23861517976031957,
    "85": 0,
    "86": 0.09431345353675451,
    "87": 0.38371040723981903,
    "88": 0.25805419244719435,
    "89": 0.21871412169919632,
    "90": 0.19793140028288544,
    "91": 0,
    "92": 0.3419393575502852,
    "93": 0.0007921539041870992,
    "94": 0.33093333333333336,
    "95": 0.25522648083623695,
    "96": 0.30900447427293065,
    "97": 0,
    "98": 0.0029965753424657533,
    "99": 0.2505229481973668,
    "100": 0.020874471086036673,
    "101": 0.2992080033347228,
    "102": 0.0019876662759288517,
    "103": 0.3692650334075724,
    "104": 0.22799295774647887,
    "105": 0,
    "106": 0.15966304241355667,
    "107": 0.18955979742890533,
    "108": 0.26420336157799695,
    "109": 0.3271611253196931,
    "110": 0.2835190996645385,
    "111": 0.00011064394777605666,
    "112": 0.2747544465091585,
    "113": 0.3383048381229538,
    "114": 0.28853786958282707,
    "115": 0.3345061573259613,
    "116": 0.29537472913397594,
    "117": 0.2605133267522211,
    "118": 0.302903512108533,
    "119": 0.0931798702093792,
    "120": 0.36073433115060805,
    "121": 0.07087539759369382,
    "122": 0.27951807228915665,
    "123": 0.2033831628638867,
    "124": 0.1078489229861316,
    "125": 0.32593457943925236,
    "126": 0.06761894974822731,
    "127": 0.28827247191011235,
    "128": 0.31055978057598804,
    "129": 0.3192094219574929,
    "130": 0.35012681577127047,
    "131": 0.34141679608171066,
    "132": 0.2874384922477022,
    "133": 0.3041089149512015,
    "134": 0.1407581545694975,
    "135": 0.0019060270886880181,
    "136": 0.0064862861378799114,
    "137": 0,
    "138": 0.2976570820021299,
    "139": 0.24918211559432935,
    "140": 0.3197312156383629,
    "141": 0.26984478935698447,
    "142": 0.06676840900419687,
    "143": 0.0494552752293578,
    "144": 0,
    "145": 0.1408824505142099,
    "146": 0.0034275031159119234,
    "147": 0.03388865157340168,
    "148": 0.0010407180954858852,
    "149": 0.13392526822049575,
    "150": 0.35089005235602094,
    "151": 0.10025092320802954,
    "152": 0.18893313195111905,
    "153": 0.199845190345507,
    "154": 0,
    "155": 0.20824219091784058,
    "156": 0.3046067322802084,
    "157": 0.0015399692006159878,
    "158": 0.15622204682978164,
    "159": 0,
    "160": 0.21187943262411346,
    "161": 0.018699532511687208,
    "162": 0.14074129205120572,
    "163": 0.23374069391768507,
    "164": 0.2064198409873027,
    "165": 0.3164731578342338,
    "166": 0.3613791328959218,
    "167": 0,
    "168": 0.3165993161330432,
    "169": 0.06766782552596681,
    "170": 0.32407407407407407,
    "171": 0.32157765942133293,
    "172": 0.23550724637681159,
    "173": 0.33544816414686823,
    "174": 0,
    "175": 0.3832740621773546,
    "177": 0.23303411131059246,
    "178": 0.30194472876151485,
    "179": 0.16294773928361714,
    "180": 0.37478858946893673,
    "181": 0.06334716459197787,
    "182": 0.08100263852242744,
    "183": 0,
    "184": 0.01825073704899621,
    "185": 0.24770521898767375,
    "186": 0.3122207882458056,
    "187": 0,
    "188": 0.1907514450867052,
    "189": 0.1433465676229508,
    "190": 0.2964272187855069,
    "191": 0.29658641160949867,
    "192": 0.34797687861271676,
    "193": 0.2697072838665759,
    "194": 0.35439795046968403,
    "195": 0.07910808123846044,
    "196": 0.3172050277064468
}