{
    "0": 0.004775832068416571,
    "1": 0.2541837114168836,
    "2": 0.27067423085315295,
    "3": 0.27575794178040824,
    "4": 0,
    "5": 0.1873263422066864,
    "6": 0.25273269294468365,
    "7": 0.2685916643966222,
    "8": 0.2677436921401343,
    "9": 0.24004532211071544,
    "10": 0.2722069597069597,
    "11": 0.20224078997341435,
    "12": 0.2626250304952427,
    "13": 0.2041433738901677,
    "14": 0.20181177654755914,
    "15": 0.2622549019607843,
    "16": 0,
    "17": 0.1356000809552722,
    "18": 0,
    "19": 0.22988147223955085,
    "20": 0.2915422885572139,
    "21": 0.20417604401100276,
    "22": 0.062199036918138044,
    "23": 0.14161740184932545,
    "24": 0,
    "25": 0,
    "26": 0.02832415420928403,
    "27": 0.2796031576701515,
    "28": 0.3246478873239437,
    "29": 0.2847193202395877,
    "30": 0.2506646085241403,
    "31": 0,
    "32": 0.11394302848575712,
    "33": 0,
    "34": 0.18043426953032807,
    "35": 0,
    "36": 0.010452961672473868,
    "37": 0.2848543221767397,
    "38": 0.2649515536251253,
    "39": 0.29525930639516385,
    "40": 0.20629644114196324,
    "41": 0.14622641509433962,
    "42": 0.15342199156665584,
    "43": 0,
    "44": 0.28131710808876165,
    "45": 0.25939111220230787,
    "46": 0.26469793823714777,
    "47": 0.23638189272864196,
    "48": 0.017533606078316773,
    "49": 0.24494894633934391,
    "50": 0.3003030702332323,
    "51": 0.1237785016286645,
    "52": 0.14043355325164938,
    "53": 0.2208256693235234,
    "54": 0,
    "55": 0.2723426080266701,
    "56": 0.24959252417689884,
    "57": 0.3511615343057807,
    "58": 0.23513289036544852,
    "59": 0,
    "60": 0.2101103863522328,
    "61": 0.24480738505236996,
    "62": 0.2811550151975684,
    "63": 0.34249349146658953,
    "64": 0.25025662081708067,
    "65": 0.05345664436573527,
    "66": 0.00028437257418665603,
    "67": 0.21945337620578778,
    "68": 0.20711462450592885,
    "69": 0.016207555309052813,
    "70": 0.2755269320843091,
    "71": 0,
    "72": 0.04854129816626738,
    "73": 0,
    "74": 0.22045171123735624,
    "75": 0.22464375523889354,
    "76": 0.19708088057414724,
    "77": 0.3367920449632512,
    "78": 0.25049918315483755,
    "79": 5.029637760702525,
    "80": 0.22803837147820832,
    "81": 0.08306772908366535,
    "82": 0.23205629397967162,
    "83": 0.19279754062362758,
    "84": 0.21440931256882176,
    "85": 0,
    "86": 0.14697178930755572,
    "87": 0.2756785524215008,
    "88": 0.3143772527032439,
    "89": 0.16080567937923065,
    "90": 0.18490903668356695,
    "91": 0,
    "92": 0.26703251190722715,
    "93": 0.0008580731660601418,
    "94": 0.29369779802581625,
    "95": 0.20070128569043247,
    "96": 0.26475763877779557,
    "97": 0,
    "98": 0.0038282462493533366,
    "99": 0.2504419563936358,
    "100": 0.03060217176702863,
    "101": 0.23191743432275674,
    "102": 0.002271694684234439,
    "103": 0.267637430861271,
    "104": 0.2158494662565587,
    "105": 0,
    "106": 0.2299949031600408,
    "107": 0.22330813203024155,
    "108": 0.1859932865425694,
    "109": 0.2365792759051186,
    "110": 0.27743142144638405,
    "111": 0.00015032366564258668,
    "112": 0.2035823503713412,
    "113": 0.2463365336028297,
    "114": 0.2727514164305949,
    "115": 0.22669245647969052,
    "116": 0.22802114803625378,
    "117": 0.3428966905750598,
    "118": 0.2504930966469428,
    "119": 0.12769784172661872,
    "120": 0.24168514412416853,
    "121": 0.07015479648490643,
    "122": 0.22664146004508107,
    "123": 0.2863070539419087,
    "124": 0.09630480566724105,
    "125": 0.26485054861899354,
    "126": 0.0669483499672179,
    "127": 0.21201142618267957,
    "128": 0.28268299629735116,
    "129": 0.23750365390236772,
    "130": 0.3040020199469764,
    "131": 0.3358250276854928,
    "132": 0.2926208651399491,
    "133": 0.2090249798549557,
    "134": 0.14640724330572144,
    "135": 0.0020851220409665154,
    "136": 0.00866689474284411,
    "137": 0,
    "138": 0.2951682347313028,
    "139": 0.1713260577066826,
    "140": 0.29046563192904656,
    "141": 0.31808789089406253,
    "142": 0.06583240824839372,
    "143": 0.06994557548881274,
    "144": 0,
    "145": 0.1950087057457922,
    "146": 0.004597399185603573,
    "147": 0.049899799599198394,
    "148": 0.0013183915622940012,
    "149": 0.176759410801964,
    "150": 0.25790313996806813,
    "151": 0.08459968791261553,
    "152": 0.30659429030961,
    "153": 0.19571984435797665,
    "154": 0,
    "155": 0.32391910739191077,
    "156": 0.22114748677248677,
    "157": 0.0023391812865497076,
    "158": 0.15957202024850436,
    "159": 0,
    "160": 0.194065173857637,
    "161": 0.027193330686780467,
    "162": 0.1607717041800643,
    "163": 0.229253112033195,
    "164": 0.1830315182655555,
    "165": 0.3252571737953438,
    "166": 0.29535923958624544,
    "167": 0,
    "168": 0.22462902950707828,
    "169": 0.06766169154228856,
    "170": 0.2905781223664251,
    "171": 0.291049798115747,
    "172": 0.17038127633649794,
    "173": 0.262615859938208,
    "174": 0,
    "175": 0.27692664809656453,
    "176": 0.23303411131059246,
    "178": 0.2841603337803606,
    "179": 0.12855863921217547,
    "180": 0.2790724503922474,
    "181": 0.10253388332351208,
    "182": 0.12437993753444791,
    "183": 0,
    "184": 0.02853207398661944,
    "185": 0.18292860258833793,
    "186": 0.3086544962812711,
    "187": 0,
    "188": 0.22199003375663076,
    "189": 0.10604857913954596,
    "190": 0.3120980091883614,
    "191": 0.2538977440989461,
    "192": 0.22964876033057852,
    "193": 0.19393848910122424,
    "194": 0.32412750755702113,
    "195": 0.13054187192118227,
    "196": 0.2874101843174008
}