{
    "0": 0.00430487333738065,
    "1": 0.2794825795486734,
    "2": 0.3159741877051964,
    "3": 0.3118199802176063,
    "4": 0,
    "5": 0.16643917420235455,
    "6": 0.23556122042539632,
    "7": 0.29896046036755153,
    "8": 0.2911799871240688,
    "9": 0.3026382978723404,
    "10": 0.2995241963560404,
    "11": 0.15320523720455706,
    "12": 0.309044908285895,
    "13": 0.2100785340314136,
    "14": 0.22044622044622045,
    "15": 0.34154656748799006,
    "16": 0,
    "17": 0.1426614481409002,
    "18": 0,
    "19": 0.30782113548819295,
    "20": 0.3167000285959394,
    "21": 0.2055167295441895,
    "22": 0.05881236956934168,
    "23": 0.1483084633785169,
    "24": 0,
    "25": 0,
    "26": 0.024467099165894346,
    "27": 0.28034349146507487,
    "28": 0.31913150348217945,
    "29": 0.3384615384615385,
    "30": 0.2909850640113798,
    "31": 0,
    "32": 0.09150665974744854,
    "33": 0,
    "34": 0.15814678694732154,
    "35": 0,
    "36": 0.006376999567661046,
    "37": 0.27174794393605933,
    "38": 0.3183940242763772,
    "39": 0.41813961792537047,
    "40": 0.1937927212266765,
    "41": 0.20287032291132753,
    "42": 0.1863793387070242,
    "43": 0,
    "44": 0.28887323943661974,
    "45": 0.2838390092879257,
    "46": 0.3079513564078578,
    "47": 0.27223277499568294,
    "48": 0.013008427995602785,
    "49": 0.3338096939383113,
    "50": 0.2587258969978033,
    "51": 0.12213096309630964,
    "52": 0.16410352588147037,
    "53": 0.28928610593266807,
    "54": 0,
    "55": 0.3189907038512616,
    "56": 0.32730263157894735,
    "57": 0.3435414212799372,
    "58": 0.2749203067114672,
    "59": 0,
    "60": 0.31535327995504986,
    "61": 0.30173790511977455,
    "62": 0.2793386207823632,
    "63": 0.36865085140445353,
    "64": 0.22757004783754758,
    "65": 0.04743246563473898,
    "66": 0.00026072819852151775,
    "67": 0.18333639199853183,
    "68": 0.16993699369936993,
    "69": 0.013438592262263469,
    "70": 0.2300140252454418,
    "71": 0,
    "72": 0.04825576221411409,
    "73": 0,
    "74": 0.2194990573660113,
    "75": 0.20481290493190532,
    "76": 0.25641246341883284,
    "77": 0.36231884057971014,
    "78": 0.2482433514186605,
    "79": 0.2800361336946703,
    "80": 0.2601802921976997,
    "81": 0.07792207792207792,
    "82": 0.2695701449040719,
    "83": 0.21125661744218446,
    "84": 0.2520064205457464,
    "85": 0,
    "86": 0.11720158672917418,
    "87": 0.3313848295059151,
    "88": 0.25961070559610705,
    "89": 0.2182952182952183,
    "90": 0.17547061083365348,
    "91": 0,
    "92": 0.3148807596849034,
    "93": 0.0007719705886848984,
    "94": 0.3180987202925046,
    "95": 0.2654320987654321,
    "96": 0.30615586116568433,
    "97": 0,
    "98": 0.0033132530120481927,
    "99": 0.24112070185368614,
    "100": 0.027188081936685288,
    "101": 0.26017251895094534,
    "102": 0.001954761239877129,
    "103": 0.3264698881218757,
    "104": 0.22157690953889475,
    "105": 0,
    "106": 0.18292824747063613,
    "107": 0.1831865218506799,
    "108": 0.251336032388664,
    "109": 0.3155696059613865,
    "110": 0.300012542330365,
    "111": 6.557868505368084e-05,
    "112": 0.23140252866803881,
    "113": 0.30632911392405066,
    "114": 0.2645411460577337,
    "115": 0.31762874929258633,
    "116": 0.2621737436696533,
    "117": 0.2739819004524887,
    "118": 0.313457249070632,
    "119": 0.10681090964497943,
    "120": 0.31420696567276374,
    "121": 0.059128260092890315,
    "122": 0.25592841163310964,
    "123": 0.232985998046239,
    "124": 0.11171610965076981,
    "125": 0.3068624902521445,
    "126": 0.05611215350302687,
    "127": 0.24350695939159134,
    "128": 0.2930670791731121,
    "129": 0.28002404930106717,
    "130": 0.31994459833795014,
    "131": 0.3278425070309361,
    "132": 0.2926245708935816,
    "133": 0.26739895305929806,
    "134": 0.15328603435399552,
    "135": 0.001975383680291749,
    "136": 0.005046072838964458,
    "137": 0,
    "138": 0.32001278772378516,
    "139": 0.21934181931077304,
    "140": 0.31181452172705815,
    "141": 0.29837227618797585,
    "142": 0.05539549502357255,
    "143": 0.06290261462675256,
    "144": 0,
    "145": 0.16265950302216253,
    "146": 0.0036653185035389283,
    "147": 0.04388773780372952,
    "148": 0.00046249693935848955,
    "149": 0.15171363290175172,
    "150": 0.3105333630885963,
    "151": 0.08185662026699606,
    "152": 0.23744454303460516,
    "153": 0.187362845251608,
    "154": 0,
    "155": 0.24584923172115086,
    "156": 0.2582741811340118,
    "157": 0.00165959800848239,
    "158": 0.1460849240358395,
    "159": 0,
    "160": 0.25323686214775326,
    "161": 0.02395657870110425,
    "162": 0.13824353270720052,
    "163": 0.30189373046515905,
    "164": 0.17988180251169664,
    "165": 0.36302032913843174,
    "166": 0.32944689321768805,
    "167": 0,
    "168": 0.30883977900552484,
    "169": 0.05660237113018917,
    "170": 0.3480701754385965,
    "171": 0.3475599090432045,
    "172": 0.17380111055022715,
    "173": 0.32435778396781184,
    "174": 0,
    "175": 0.3280852609906746,
    "176": 0.30194472876151485,
    "177": 0.2841603337803606,
    "179": 0.15507350304768736,
    "180": 0.32444710101613866,
    "181": 0.07876712328767123,
    "182": 0.10013554727211114,
    "183": 0,
    "184": 0.024467099165894346,
    "185": 0.2078093009651945,
    "186": 0.336418695006285,
    "187": 0,
    "188": 0.2063395306309052,
    "189": 0.10677099766517321,
    "190": 0.3118199433596661,
    "191": 0.24416441136671177,
    "192": 0.3002776235424764,
    "193": 0.22324528301886792,
    "194": 0.33094303883101067,
    "195": 0.10226634201161267,
    "196": 0.32072186164318506
}