{
    "0": 0.0030188383353262896,
    "1": 0.11498817966903073,
    "2": 0.13032928942807626,
    "3": 0.14050026609898883,
    "4": 0,
    "5": 0.09916946806406961,
    "6": 0.09952720570558539,
    "7": 0.10715550832447751,
    "8": 0.10543526292532038,
    "9": 0.15958157133318496,
    "10": 0.139867978577656,
    "11": 0.12541155342711763,
    "12": 0.148261901437945,
    "13": 0.08947777633795516,
    "14": 0.19707634001082838,
    "15": 0.18208789171147785,
    "16": 0,
    "17": 0.20404411764705882,
    "18": 0,
    "19": 0.20657925005751093,
    "20": 0.15281899109792285,
    "21": 0.07834681042228211,
    "22": 0.10065425264217413,
    "23": 0.05502227695874235,
    "24": 0,
    "25": 0,
    "26": 0.042274786109713136,
    "27": 0.10898600277807458,
    "28": 0.13182562118732333,
    "29": 0.15468445022771632,
    "30": 0.1052007453837032,
    "31": 0,
    "32": 0.11327694005148951,
    "33": 0,
    "34": 0.10349833067208593,
    "35": 0,
    "36": 0.007790858725761773,
    "37": 0.12530243219151915,
    "38": 0.12753519446432832,
    "39": 0.15340142609365967,
    "40": 0.1588293324564288,
    "41": 0.13307701847947415,
    "42": 0.2463768115942029,
    "43": 0,
    "44": 0.16339193381592554,
    "45": 0.14137592826117415,
    "46": 0.1040533426917003,
    "47": 0.10194174757281553,
    "48": 0.03909465020576132,
    "49": 0.1465697746027836,
    "50": 0.12587608634707037,
    "51": 0.06833170493404983,
    "52": 0.2599830076465591,
    "53": 0.13697508480524037,
    "54": 0,
    "55": 0.1398550724637681,
    "56": 0.1424581005586592,
    "57": 0.138137321549966,
    "58": 0.10449878975043819,
    "59": 0,
    "60": 0.1762055731686968,
    "61": 0.11912368781378366,
    "62": 0.12556053811659193,
    "63": 0.1409028727770178,
    "64": 0.1175387281984617,
    "65": 0.019922360447388314,
    "66": 0.00020485990734028805,
    "67": 0.1726373251450017,
    "68": 0.18078119599032147,
    "69": 0.012727272727272728,
    "70": 0.11011071906557976,
    "71": 0,
    "72": 0.025939711423582392,
    "73": 0,
    "74": 0.1572108345534407,
    "75": 0.13101745723858227,
    "76": 0.10738950276243094,
    "77": 0.18304588350146436,
    "78": 0.10467544257830232,
    "79": 0.135706340378198,
    "80": 0.09613956941351151,
    "81": 0.09472259810554803,
    "82": 0.09135971936246473,
    "83": 0.06898155324755852,
    "84": 0.1836829836829837,
    "85": 0,
    "86": 0.12725225225225226,
    "87": 0.15016171261358385,
    "88": 0.11805173362685746,
    "89": 0.19310943833236827,
    "90": 0.10589720055071133,
    "91": 0,
    "92": 0.11834950421153641,
    "93": 0.0005337687211529404,
    "94": 0.16605301914580264,
    "95": 0.2028788701792504,
    "96": 0.20930232558139536,
    "97": 0,
    "98": 0.004174397031539889,
    "99": 0.17248697665444723,
    "100": 0.041123370110330994,
    "101": 0.10996413262181787,
    "102": 0.0019424210891432535,
    "103": 0.13070942662779397,
    "104": 0.2132442284325638,
    "105": 0,
    "106": 0.0897380850150279,
    "107": 0.08454400599868779,
    "108": 0.2,
    "109": 0.13926860614557776,
    "110": 0.13057107809731497,
    "111": 8.718058004145922e-05,
    "112": 0.23450319051959892,
    "113": 0.145861499173802,
    "114": 0.10327882741675845,
    "115": 0.17635203224722876,
    "116": 0.09737409804359146,
    "117": 0.12194525904203324,
    "118": 0.18017194073532103,
    "119": 0.11059403230221736,
    "120": 0.15548191107428888,
    "121": 0.032572041692213366,
    "122": 0.09174311926605505,
    "123": 0.15258661604176554,
    "124": 0.23106796116504855,
    "125": 0.143001443001443,
    "126": 0.03125118952457082,
    "127": 0.09036061977238448,
    "128": 0.15435111934017842,
    "129": 0.17178034004299395,
    "130": 0.13704496788008566,
    "131": 0.15573649148778682,
    "132": 0.1134343962362781,
    "133": 0.1075623151668779,
    "134": 0.18188914910226386,
    "135": 0.001835298915814159,
    "136": 0.005673758865248227,
    "137": 0,
    "138": 0.18854463921728495,
    "139": 0.20258410531448073,
    "140": 0.14425043259399087,
    "141": 0.15191207467630233,
    "142": 0.02999790955334123,
    "143": 0.09931170108161258,
    "144": 0,
    "145": 0.10983323749281196,
    "146": 0.005432322317790856,
    "147": 0.07204030226700252,
    "148": 0.0005714457577671509,
    "149": 0.1295788686768004,
    "150": 0.13429228998849252,
    "151": 0.033222357685454375,
    "152": 0.15436972502041926,
    "153": 0.08497566424638953,
    "154": 0,
    "155": 0.08873133526694596,
    "156": 0.1084409475754725,
    "157": 0.005744125326370757,
    "158": 0.06209728003649427,
    "159": 0,
    "160": 0.21744791666666666,
    "161": 0.04929208180388044,
    "162": 0.07755298651252408,
    "163": 0.16858826543684347,
    "164": 0.0750711721747741,
    "165": 0.13405848283655883,
    "166": 0.1420481359131666,
    "167": 0,
    "168": 0.2638888888888889,
    "169": 0.03159544961209149,
    "170": 0.17885462555066078,
    "171": 0.18033868484715196,
    "172": 0.07185126738337114,
    "173": 0.17073170731707318,
    "174": 0,
    "175": 0.13560804899387577,
    "176": 0.16294773928361714,
    "177": 0.12855863921217547,
    "178": 0.15507350304768736,
    "180": 0.13037617938978066,
    "181": 0.09551020408163265,
    "182": 0.10925799863852961,
    "183": 0,
    "184": 0.042274786109713136,
    "185": 0.2050228310502283,
    "186": 0.1200579129078962,
    "187": 0,
    "188": 0.16890951276102087,
    "189": 0.0480684811237928,
    "190": 0.15656655411409276,
    "191": 0.11012987012987013,
    "192": 0.13299292097017523,
    "193": 0.23329312424607962,
    "194": 0.14866262745677553,
    "195": 0.10450227178851715,
    "196": 0.17238001958863858
}