{
    "0": 0.004573862644460738,
    "1": 0.3499912785627071,
    "2": 0.35107632093933466,
    "3": 0.38078058379796653,
    "4": 0,
    "5": 0.20650110123794335,
    "6": 0.32926074853077636,
    "7": 0.39327731092436974,
    "8": 0.3605900409276944,
    "9": 0.24466042716582673,
    "10": 0.4092881944444444,
    "11": 0.13310377582521965,
    "12": 0.35904139433551197,
    "13": 0.3086298407705917,
    "14": 0.20971086983042578,
    "15": 0.35402270483711745,
    "16": 0,
    "17": 0.11125336064524388,
    "18": 0,
    "19": 0.2847377578921203,
    "20": 0.47820181991036265,
    "21": 0.29784733391067675,
    "22": 0.04296205630354957,
    "23": 0.22883951005025124,
    "24": 0,
    "25": 0,
    "26": 0.0183585313174946,
    "27": 0.34870918754745633,
    "28": 0.32441655658300306,
    "29": 0.38187113214415724,
    "30": 0.36497626779915066,
    "31": 0,
    "32": 0.07629107981220658,
    "33": 0,
    "34": 0.16296362659021682,
    "35": 0,
    "36": 0.006147037128104254,
    "37": 0.29032570763861965,
    "38": 0.40673989548896233,
    "39": 0.30693430656934306,
    "40": 0.16153846153846155,
    "41": 0.23490051065328402,
    "42": 0.187758076269128,
    "43": 0,
    "44": 0.3163347530793139,
    "45": 0.32489451476793246,
    "46": 0.3587721529721021,
    "47": 0.33871875251185596,
    "48": 0.0105914554325836,
    "49": 0.35899251466720616,
    "50": 0.2819316221974231,
    "51": 0.1650855901213631,
    "52": 0.12823074041703084,
    "53": 0.31931346661637117,
    "54": 0,
    "55": 0.5765499789118516,
    "56": 0.3907506002714271,
    "57": 0.3967231638418079,
    "58": 0.35787923416789397,
    "59": 0,
    "60": 0.3005926251097454,
    "61": 0.3681156910287496,
    "62": 0.2971997374753883,
    "63": 0.348964261324835,
    "64": 0.28695881731784584,
    "65": 0.07554108005883589,
    "66": 0.0003224185893062002,
    "67": 0.15158710322419394,
    "68": 0.13654127992183684,
    "69": 0.013280008203866073,
    "70": 0.29302727621974645,
    "71": 0,
    "72": 0.0673918235306889,
    "73": 0,
    "74": 0.24756591182583962,
    "75": 0.20978147762747137,
    "76": 0.3176358284941532,
    "77": 0.43180964308077646,
    "78": 0.32387687188019965,
    "79": 0.2758460286079777,
    "80": 0.3339498409410372,
    "81": 0.058261933904528766,
    "82": 0.33627376425855515,
    "83": 0.2785667467773651,
    "84": 0.24412579828895048,
    "85": 0,
    "86": 0.09478271395714805,
    "87": 0.5605285592497868,
    "88": 0.30125349632238685,
    "89": 0.18279830405814657,
    "90": 0.20587991718426502,
    "91": 0,
    "92": 0.4029358897543439,
    "93": 0.0008446009073853996,
    "94": 0.44018089625873646,
    "95": 0.21181784885850324,
    "96": 0.282542393558619,
    "97": 0,
    "98": 0.0025500347732014526,
    "99": 0.24080598987007268,
    "100": 0.019473494410385865,
    "101": 0.357106897130391,
    "102": 0.0021084914701935977,
    "103": 0.5949630014280151,
    "104": 0.20329601207699083,
    "105": 0,
    "106": 0.19136150234741783,
    "107": 0.22915384615384615,
    "108": 0.2161214953271028,
    "109": 0.35081038859597735,
    "110": 0.3276188472864956,
    "111": 5.468215994531784e-05,
    "112": 0.25171491687013137,
    "113": 0.3821052631578947,
    "114": 0.36014276228419656,
    "115": 0.3267371773001251,
    "116": 0.33392513685456426,
    "117": 0.31189710610932475,
    "118": 0.3032540964689592,
    "119": 0.09579795340735903,
    "120": 0.3780635234641169,
    "121": 0.0821982948948745,
    "122": 0.32952842976385815,
    "123": 0.20875221762270846,
    "124": 0.09082991165857907,
    "125": 0.5067346671897476,
    "126": 0.0780399274047187,
    "127": 0.3275850031417999,
    "128": 0.43008087659796507,
    "129": 0.33772259844494606,
    "130": 0.5345830639948287,
    "131": 0.37201636735621735,
    "132": 0.3539557555305587,
    "133": 0.34341147938561034,
    "134": 0.12564263322884012,
    "135": 0.002007136485280999,
    "136": 0.004720496894409938,
    "137": 0,
    "138": 0.3164385250955728,
    "139": 0.21356169171618317,
    "140": 0.4797062750333778,
    "141": 0.31189021121475285,
    "142": 0.07755140362407285,
    "143": 0.048297898488386386,
    "144": 0,
    "145": 0.1545750968004891,
    "146": 0.003309127677176211,
    "147": 0.03195625759416768,
    "148": 0.0005537656061216271,
    "149": 0.1368955619342018,
    "150": 0.37274449207456883,
    "151": 0.12340762421130917,
    "152": 0.19858945805493688,
    "153": 0.2525978647686833,
    "154": 0,
    "155": 0.2816308243727599,
    "156": 0.363227204534089,
    "157": 0.00119019281123542,
    "158": 0.19246220530711491,
    "159": 0,
    "160": 0.19144344293512758,
    "161": 0.017615830115830115,
    "162": 0.1622338518890243,
    "163": 0.226775956284153,
    "164": 0.26518527562419875,
    "165": 0.34621278458844135,
    "166": 0.5149667405764967,
    "167": 0,
    "168": 0.28318466249500734,
    "169": 0.07787057832678271,
    "170": 0.30433676713722496,
    "171": 0.3028383172833249,
    "172": 0.26823712140823197,
    "173": 0.3486866674965766,
    "174": 0,
    "175": 0.6124766230296553,
    "176": 0.37478858946893673,
    "177": 0.2790724503922474,
    "178": 0.32444710101613866,
    "179": 0.13037617938978066,
    "181": 0.06123910707890653,
    "182": 0.0838844413505047,
    "183": 0,
    "184": 0.018482957273163705,
    "185": 0.2394580072421446,
    "186": 0.3521957825498162,
    "187": 0,
    "188": 0.20061763696671622,
    "189": 0.1634914027728859,
    "190": 0.320364238410596,
    "191": 0.32973147326828484,
    "192": 0.3607482185273159,
    "193": 0.2374970650387415,
    "194": 0.5412005457025921,
    "195": 0.08127470355731226,
    "196": 0.3252967359050445
}