{
    "0": 0.0027913468248429866,
    "1": 0.057902973395931145,
    "2": 0.0651708197090991,
    "3": 0.07467788587956876,
    "4": 0,
    "5": 0.04832096837172979,
    "6": 0.060613301473516526,
    "7": 0.052083333333333336,
    "8": 0.0523230755969313,
    "9": 0.08903949520916102,
    "10": 0.06403940886699508,
    "11": 0.13941747572815533,
    "12": 0.06390119479124715,
    "13": 0.042361198145130965,
    "14": 0.09123682750970605,
    "15": 0.07417923691215617,
    "16": 0,
    "17": 0.12658227848101267,
    "18": 0,
    "19": 0.08191277396502103,
    "20": 0.07429784454604833,
    "21": 0.04251810847417702,
    "22": 0.14866032843560933,
    "23": 0.02826002059147229,
    "24": 0,
    "25": 0,
    "26": 0.09465791940018745,
    "27": 0.06820884228732028,
    "28": 0.08006710385847186,
    "29": 0.07074569789674952,
    "30": 0.04719137818419334,
    "31": 0,
    "32": 0.15098351940457203,
    "33": 0,
    "34": 0.08138988887149788,
    "35": 0,
    "36": 0.011713933415536375,
    "37": 0.07107247858877669,
    "38": 0.05791058605513088,
    "39": 0.08424182358771061,
    "40": 0.1592733417828475,
    "41": 0.048863770163664194,
    "42": 0.07569141193595343,
    "43": 0,
    "44": 0.0884588804422944,
    "45": 0.07479493952453775,
    "46": 0.054675391768555195,
    "47": 0.04807536137729414,
    "48": 0.03825622775800712,
    "49": 0.0600023301875801,
    "50": 0.10372260582407686,
    "51": 0.03391157691844356,
    "52": 0.09242957746478873,
    "53": 0.0539253681762817,
    "54": 0,
    "55": 0.06645750142612664,
    "56": 0.059441366574330565,
    "57": 0.07806337549299605,
    "58": 0.04839099927413501,
    "59": 0,
    "60": 0.05779632205223304,
    "61": 0.04825737265415549,
    "62": 0.09359037732740155,
    "63": 0.0902549663694666,
    "64": 0.058061776881435094,
    "65": 0.0118596732851295,
    "66": 0.0002221763763033025,
    "67": 0.17186813186813188,
    "68": 0.14327855035819637,
    "69": 0.010492332526230832,
    "70": 0.09316206046451278,
    "71": 0,
    "72": 0.0130736880599744,
    "73": 0,
    "74": 0.07782672540381791,
    "75": 0.10101590952654782,
    "76": 0.03926059218059873,
    "77": 0.0856207111665627,
    "78": 0.05917798363162155,
    "79": 0.1066639577407558,
    "80": 0.042936882782310004,
    "81": 0.14708056171470807,
    "82": 0.04689954372054753,
    "83": 0.03611829757013139,
    "84": 0.08533145275035262,
    "85": 0,
    "86": 2.192982456140351,
    "87": 0.06708689779378658,
    "88": 0.08715197215777262,
    "89": 0.08623798076923077,
    "90": 0.06164383561643835,
    "91": 0,
    "92": 0.059542463177687244,
    "93": 0.0005533334387301789,
    "94": 0.08839881393624907,
    "95": 0.08767123287671233,
    "96": 0.08436830835117773,
    "97": 0,
    "98": 0.005017921146953405,
    "99": 0.0863364810175371,
    "100": 0.17230443974630022,
    "101": 0.054145803275905964,
    "102": 0.002143860427293561,
    "103": 0.059495758718190385,
    "104": 0.1185064935064935,
    "105": 0,
    "106": 0.09019419033862944,
    "107": 0.0637345528850832,
    "108": 0.07423067888184168,
    "109": 0.053129468705312946,
    "110": 0.06648612051455653,
    "111": 0.00011725391334935803,
    "112": 0.07628524046434494,
    "113": 0.060782317871164754,
    "114": 0.06165362940533266,
    "115": 0.06565656565656566,
    "116": 0.04324479129376387,
    "117": 0.07741053677932405,
    "118": 0.07394427895566848,
    "119": 0.1102765448958689,
    "120": 0.06100104275286757,
    "121": 0.026243742177722153,
    "122": 0.04285714285714286,
    "123": 0.1598970251716247,
    "124": 0.09652076318742986,
    "125": 0.061258741258741256,
    "126": 0.025633046792951884,
    "127": 0.04171640801167264,
    "128": 0.07552213868003342,
    "129": 0.07311004784688996,
    "130": 0.06742902208201892,
    "131": 0.08945734141653112,
    "132": 0.06078775974361625,
    "133": 0.04534066111694819,
    "134": 0.12995169082125604,
    "135": 0.001997826925099015,
    "136": 0.01103097157403479,
    "137": 0,
    "138": 0.08794070512820513,
    "139": 0.07961026615969581,
    "140": 0.07637683446425754,
    "141": 0.07670623145400593,
    "142": 0.024132301795727163,
    "143": 0.14559068219633944,
    "144": 0,
    "145": 0.11168192986374804,
    "146": 0.007369614512471655,
    "147": 0.15639810426540285,
    "148": 0.0008037342730841757,
    "149": 0.11189427312775331,
    "150": 0.05495949200788264,
    "151": 0.01882183239495603,
    "152": 0.15722427086825344,
    "153": 0.05476363050656358,
    "154": 0,
    "155": 0.10351024320115011,
    "156": 0.05223077559804652,
    "157": 0.010689990281827016,
    "158": 0.03886440386926907,
    "159": 0,
    "160": 0.09816576086956522,
    "161": 0.0897560975609756,
    "162": 0.0583266291230893,
    "163": 0.09535586699642759,
    "164": 0.04569560927479033,
    "165": 0.07950150408250967,
    "166": 0.07744802412315506,
    "167": 0,
    "168": 0.08430851063829788,
    "169": 0.025749660647443544,
    "170": 0.09544223826714801,
    "171": 0.09548416086272747,
    "172": 0.03399406300871397,
    "173": 0.07722078879469223,
    "174": 0,
    "175": 0.06334182744812522,
    "176": 0.06334716459197787,
    "177": 0.10253388332351208,
    "178": 0.07876712328767123,
    "179": 0.09551020408163265,
    "180": 0.06123910707890653,
    "182": 0.13002806361085126,
    "183": 0,
    "184": 0.09465791940018745,
    "185": 0.06324531516183986,
    "186": 0.06768583139470477,
    "187": 0,
    "188": 0.09022738268021287,
    "189": 0.022961689587426327,
    "190": 0.10246433203631647,
    "191": 0.055237935093324364,
    "192": 0.05677146983668481,
    "193": 0.07892976588628763,
    "194": 0.07722685388328214,
    "195": 0.24543462381300218,
    "196": 0.07634470792365529
}