{
    "0": 0.0039847710729292015,
    "1": 0.07431036031988499,
    "2": 0.08520424926076005,
    "3": 0.0905551369002763,
    "4": 0,
    "5": 0.05599177416339503,
    "6": 0.07212172967937272,
    "7": 0.06729475100942127,
    "8": 0.06687978463868091,
    "9": 0.11020757543334046,
    "10": 0.08991665688461087,
    "11": 0.148573302722204,
    "12": 0.08721005572113516,
    "13": 0.05702950657079098,
    "14": 0.10754810064134189,
    "15": 0.09630496572479519,
    "16": 0,
    "17": 0.12610229276895943,
    "18": 0,
    "19": 0.10957775489186405,
    "20": 0.10655737704918032,
    "21": 0.05034311746727409,
    "22": 0.09195402298850575,
    "23": 0.03627966012057963,
    "24": 0,
    "25": 0,
    "26": 0.07299703264094956,
    "27": 0.09070726292419917,
    "28": 0.09549186230735993,
    "29": 0.0957673568818514,
    "30": 0.06553554197491154,
    "31": 0,
    "32": 0.2105984467793513,
    "33": 0,
    "34": 0.16070553650171485,
    "35": 0,
    "36": 0.012350163458045769,
    "37": 0.09335971311982194,
    "38": 0.0755813953488372,
    "39": 0.11018053229108506,
    "40": 0.14844017826534112,
    "41": 0.061649229384632694,
    "42": 0.09451455060520217,
    "43": 0,
    "44": 0.10293643110680865,
    "45": 0.093421926910299,
    "46": 0.06963835155592936,
    "47": 0.06423334395919668,
    "48": 0.024076147816349383,
    "49": 0.08018068887634106,
    "50": 0.10391231964483907,
    "51": 0.03677758318739054,
    "52": 0.11609110947832477,
    "53": 0.07073301230604602,
    "54": 0,
    "55": 0.08848468271334792,
    "56": 0.08062345817447858,
    "57": 0.09292092662093956,
    "58": 0.06470262136691217,
    "59": 0,
    "60": 0.08128042484142203,
    "61": 0.06697832554186145,
    "62": 0.13928165122704372,
    "63": 0.105651468201269,
    "64": 0.06822572445348246,
    "65": 0.01556787056500414,
    "66": 0.0002762997931698691,
    "67": 0.15314365999297505,
    "68": 0.1584544487770294,
    "69": 0.01564920979237682,
    "70": 0.11014312383322962,
    "71": 0,
    "72": 0.014221861032100772,
    "73": 0,
    "74": 0.0841168569509738,
    "75": 0.1434935956933358,
    "76": 0.05668113844669561,
    "77": 0.10176730486008836,
    "78": 0.07782581840642372,
    "79": 0.12917298937784522,
    "80": 0.057527108857907336,
    "81": 0.11903540277065161,
    "82": 0.06132941608520015,
    "83": 0.04746597016424733,
    "84": 0.11782742006132282,
    "85": 0,
    "86": 0.15121136173767752,
    "87": 0.0924030560761136,
    "88": 0.11327359283113973,
    "89": 0.10820895522388059,
    "90": 0.06062906724511931,
    "91": 0,
    "92": 0.08243727598566308,
    "93": 0.0007709736295550381,
    "94": 0.11016359206404455,
    "95": 0.10835380835380835,
    "96": 0.1110223642172524,
    "97": 0,
    "98": 0.004971135343168698,
    "99": 0.100160113858744,
    "100": 0.050683371298405465,
    "101": 0.0691943914378163,
    "102": 0.0025396825396825397,
    "103": 0.07911536707706339,
    "104": 0.13740022805017105,
    "105": 0,
    "106": 0.17177811295458353,
    "107": 0.08068645112354224,
    "108": 0.0967533863685229,
    "109": 0.07314725697786333,
    "110": 0.09253182832392702,
    "111": 0.00016505815872769287,
    "112": 0.09574875526618154,
    "113": 0.0846014239843641,
    "114": 0.07058536188227632,
    "115": 0.08695652173913043,
    "116": 0.05760157735370749,
    "117": 0.09531212628557761,
    "118": 0.10038288663226236,
    "119": 0.2242735042735043,
    "120": 0.08596713021491782,
    "121": 0.03600311041990669,
    "122": 0.05650477599892372,
    "123": 0.13998059194565746,
    "124": 0.08918005071851226,
    "125": 0.09230979001908918,
    "126": 0.03463989187101757,
    "127": 0.05483744614179397,
    "128": 0.0999523279834737,
    "129": 0.09735943955451769,
    "130": 0.0954394055854471,
    "131": 0.09184372858122002,
    "132": 0.07480275641665834,
    "133": 0.06227659067439829,
    "134": 0.125,
    "135": 0.0025378099386124354,
    "136": 0.010622437569884458,
    "137": 0,
    "138": 0.12138508371385083,
    "139": 0.0990484429065744,
    "140": 0.10200997430859907,
    "141": 0.10205538110191265,
    "142": 0.03338043094312964,
    "143": 0.09967497291440953,
    "144": 0,
    "145": 0.24957264957264957,
    "146": 0.008877159309021113,
    "147": 0.08788052843193567,
    "148": 0.00133434420015163,
    "149": 0.25951557093425603,
    "150": 0.07446808510638298,
    "151": 0.02439985170080638,
    "152": 0.16401043175891047,
    "153": 0.08958758677011025,
    "154": 0,
    "155": 0.09261507892703388,
    "156": 0.06769355492501013,
    "157": 0.006505026611472502,
    "158": 0.07580502215657312,
    "159": 0,
    "160": 0.12447761194029851,
    "161": 0.05651397977394408,
    "162": 0.11589195979899497,
    "163": 0.11804008908685969,
    "164": 0.07389347336834208,
    "165": 0.09503738953093134,
    "166": 0.10062036616734756,
    "167": 0,
    "168": 0.11181026137463698,
    "169": 0.034876606159494186,
    "170": 0.11516155758077878,
    "171": 0.11512275634413038,
    "172": 0.043338380015140045,
    "173": 0.1043630017452007,
    "174": 0,
    "175": 0.0850488177861428,
    "176": 0.08100263852242744,
    "177": 0.12437993753444791,
    "178": 0.10013554727211114,
    "179": 0.10925799863852961,
    "180": 0.0838844413505047,
    "181": 0.13002806361085126,
    "183": 0,
    "184": 0.07299703264094956,
    "185": 0.07853810264385692,
    "186": 0.08129994672349494,
    "187": 0,
    "188": 0.09719827586206897,
    "189": 0.02758369281244304,
    "190": 0.10999489187808616,
    "191": 0.06816319842700311,
    "192": 0.07329112565725936,
    "193": 0.10125282398849866,
    "194": 0.1064795122642847,
    "195": 0.1457238413760153,
    "196": 0.10759377859103385
}