{
    "0": 0.0012917810431131924,
    "1": 0.015429297513160283,
    "2": 0.018356839041862548,
    "3": 0.019533793462690456,
    "4": 0,
    "5": 0.013233996666993432,
    "6": 0.014689964434822947,
    "7": 0.013188122181570663,
    "8": 0.014427181150759775,
    "9": 0.03024293505205751,
    "10": 0.01863876863876864,
    "11": 0.047619047619047616,
    "12": 0.018322475570032574,
    "13": 0.0112463696471606,
    "14": 0.03125948406676783,
    "15": 0.02232796486090776,
    "16": 0,
    "17": 0.06284805091487669,
    "18": 0,
    "19": 0.02721726888784608,
    "20": 0.023893065998329157,
    "21": 0.01046242774566474,
    "22": 0.10294117647058823,
    "23": 0.0071713426152662145,
    "24": 0,
    "25": 0,
    "26": 62.75,
    "27": 0.018065887353878853,
    "28": 0.022602321319486866,
    "29": 0.020491136770206538,
    "30": 0.012902702264059077,
    "31": 0,
    "32": 0.08379501385041552,
    "33": 0,
    "34": 0.0303946530872056,
    "35": 0,
    "36": 0.007705273296412232,
    "37": 0.01997963858488165,
    "38": 0.015935791555193674,
    "39": 0.025604260548955347,
    "40": 0.05456255879586077,
    "41": 0.014546766049531137,
    "42": 0.029880478087649404,
    "43": 0,
    "44": 0.024813465209092486,
    "45": 0.020815986677768527,
    "46": 0.013906554735860256,
    "47": 0.01288763592428514,
    "48": 0.043795620437956206,
    "49": 0.016939252336448597,
    "50": 0.02449214810546031,
    "51": 0.008025393783314369,
    "52": 0.043993231810490696,
    "53": 0.015966949531040643,
    "54": 0,
    "55": 0.018783412801618264,
    "56": 0.01690010417872439,
    "57": 0.019887127116366567,
    "58": 0.013851080864691754,
    "59": 0,
    "60": 0.0184709283649213,
    "61": 0.014063848144952545,
    "62": 0.027859718125204852,
    "63": 0.02394192153228298,
    "64": 0.016306649724692927,
    "65": 0.002858516101287597,
    "66": 0.00013569062537414694,
    "67": 0.05038387715930902,
    "68": 0.04732313575525813,
    "69": 0.0058728402417227,
    "70": 0.0240120060030015,
    "71": 0,
    "72": 0.0031924839805714546,
    "73": 0,
    "74": 0.02207963766748443,
    "75": 0.03084040092521203,
    "76": 0.01203528151018053,
    "77": 0.022456249032058232,
    "78": 0.015912305516265914,
    "79": 0.029692902176123654,
    "80": 0.01157259495917643,
    "81": 0.09090909090909091,
    "82": 0.011892450879007239,
    "83": 0.009655793476085651,
    "84": 0.03124212648022172,
    "85": 0,
    "86": 0.0746775288526816,
    "87": 0.02053325160894882,
    "88": 0.023554603854389723,
    "89": 0.03077443354751437,
    "90": 0.014429181576820964,
    "91": 0,
    "92": 0.017366888519134774,
    "93": 0.0003100035769643496,
    "94": 0.02618195517046525,
    "95": 0.03005710850616171,
    "96": 0.026227303295225286,
    "97": 0,
    "98": 0.003721314864585487,
    "99": 0.02505919494869771,
    "100": 0.0988235294117647,
    "101": 0.014132798126777053,
    "102": 0.0014077897700610043,
    "103": 0.016925079891111375,
    "104": 0.04236383054467782,
    "105": 0,
    "106": 0.030927835051546393,
    "107": 0.01651078450085894,
    "108": 0.02547121752419766,
    "109": 0.015989340439706862,
    "110": 0.021393307734503566,
    "111": 8.859575724762515e-05,
    "112": 0.026564215148188804,
    "113": 0.018038163387000598,
    "114": 0.014631355239496486,
    "115": 0.020477815699658702,
    "116": 0.011644419199091167,
    "117": 0.019106729950103443,
    "118": 0.022571325388226798,
    "119": 0.0624,
    "120": 0.017958536907434305,
    "121": 0.007413157384048128,
    "122": 0.01087911345361173,
    "123": 0.0386013986013986,
    "124": 0.05004035512510089,
    "125": 0.018711612626767606,
    "126": 0.0071445122422182745,
    "127": 0.01075762545096753,
    "128": 0.02180579216354344,
    "129": 0.0242776886035313,
    "130": 0.020362290096522545,
    "131": 0.023222060957910014,
    "132": 0.01596071209330878,
    "133": 0.012890750886239123,
    "134": 0.05405405405405406,
    "135": 0.001186367558239862,
    "136": 0.006242197253433208,
    "137": 0,
    "138": 0.02922279792746114,
    "139": 0.027158595951831923,
    "140": 0.021690590111642743,
    "141": 0.021574170510340725,
    "142": 0.0067627064914937834,
    "143": 0.1004566210045662,
    "144": 0,
    "145": 0.03985341273476867,
    "146": 0.005745062836624776,
    "147": 0.10980392156862745,
    "148": 0.0005062329937353667,
    "149": 0.05188067444876784,
    "150": 0.016301354774754927,
    "151": 0.004883329878147099,
    "152": 0.04223901098901099,
    "153": 0.016510557231306556,
    "154": 0,
    "155": 0.020107238605898123,
    "156": 0.013469387755102041,
    "157": 0.025547445255474453,
    "158": 0.01178470254957507,
    "159": 0,
    "160": 0.03572815533980583,
    "161": 0.12994350282485875,
    "162": 0.020642432786224952,
    "163": 0.030303030303030304,
    "164": 0.012777811421304427,
    "165": 0.02104664391353811,
    "166": 0.021453730387447967,
    "167": 0,
    "168": 0.031314018144571264,
    "169": 0.007323459618689142,
    "170": 0.029308323563892145,
    "171": 0.02964519140989729,
    "172": 0.008449374557469908,
    "173": 0.02340627973358706,
    "174": 0,
    "175": 0.017865824015556635,
    "176": 0.01825073704899621,
    "177": 0.02853207398661944,
    "178": 0.024467099165894346,
    "179": 0.042274786109713136,
    "180": 0.018482957273163705,
    "181": 0.09465791940018745,
    "182": 0.07299703264094956,
    "183": 0,
    "185": 0.021904542310352777,
    "186": 0.01768172888015717,
    "187": 0,
    "188": 0.028498074454428753,
    "189": 0.005493671654475369,
    "190": 0.02621928859552622,
    "191": 0.0141287284144427,
    "192": 0.015475395234914273,
    "193": 0.026879162702188392,
    "194": 0.021809133489461358,
    "195": 0.08196721311475409,
    "196": 0.02665589660743134
}