{
    "0": 0.0035071925579999623,
    "1": 0.1968282736746715,
    "2": 0.20407081522315276,
    "3": 0.21581961345740874,
    "4": 0,
    "5": 0.1712988697424495,
    "6": 0.1692533395104625,
    "7": 0.20432650201436328,
    "8": 0.20157136621562635,
    "9": 0.1739483514698717,
    "10": 0.24210773383405704,
    "11": 0.12047736313695775,
    "12": 0.2346565847511027,
    "13": 0.16271426730248745,
    "14": 0.23831959167648215,
    "15": 0.2594847775175644,
    "16": 0,
    "17": 0.1489971346704871,
    "18": 0,
    "19": 0.232662192393736,
    "20": 0.25565345080763585,
    "21": 0.15710043032911086,
    "22": 0.057390489576013115,
    "23": 0.10946210359212906,
    "24": 0,
    "25": 0,
    "26": 0.021904542310352777,
    "27": 0.1836957601032668,
    "28": 0.20911108210416396,
    "29": 0.23560135516657255,
    "30": 0.19820650351994637,
    "31": 0,
    "32": 0.07518645434388228,
    "33": 0,
    "34": 0.10673328034517997,
    "35": 0,
    "36": 0.007141098251662152,
    "37": 0.1836940675114949,
    "38": 0.22459532374100719,
    "39": 0.20440203170694166,
    "40": 0.1518495810341304,
    "41": 0.17270880119773285,
    "42": 0.24808131093134206,
    "43": 0,
    "44": 0.2476982476982477,
    "45": 0.2062247273618429,
    "46": 0.17483277591973245,
    "47": 0.17608134280180762,
    "48": 0.017848864163189614,
    "49": 0.22906989917299195,
    "50": 0.16155467103722781,
    "51": 0.1228778345007717,
    "52": 0.21206318812829106,
    "53": 0.21591277124041888,
    "54": 0,
    "55": 0.26495493034689976,
    "56": 0.23142082674497402,
    "57": 0.2481231708868813,
    "58": 0.1861922982984613,
    "59": 0,
    "60": 0.23419761737911704,
    "61": 0.19917522154953057,
    "62": 0.16976059403405455,
    "63": 0.19935275080906148,
    "64": 0.22726792691942127,
    "65": 0.03763821488794779,
    "66": 0.0002397933136341837,
    "67": 0.1367211131276467,
    "68": 0.16056102156164956,
    "69": 0.01203810995236256,
    "70": 0.15385426552778655,
    "71": 0,
    "72": 0.046906232963837904,
    "73": 0,
    "74": 0.23696390003085469,
    "75": 0.14133799973078476,
    "76": 0.19150546677880573,
    "77": 0.2917647058823529,
    "78": 0.17173187227120965,
    "79": 0.18390634262003558,
    "80": 0.17685076380728554,
    "81": 0.07037121384650422,
    "82": 0.16536429262484184,
    "83": 0.1323552283685002,
    "84": 0.20194274028629858,
    "85": 0,
    "86": 0.0999580008399832,
    "87": 0.2602277520033741,
    "88": 0.17886178861788618,
    "89": 0.18451242829827916,
    "90": 0.1744889445139758,
    "91": 0,
    "92": 0.1976430640167782,
    "93": 0.0006474687056792255,
    "94": 0.24782067247820672,
    "95": 0.2075365579302587,
    "96": 0.2602930914166085,
    "97": 0,
    "98": 0.0037381060262800182,
    "99": 0.22079925937355346,
    "100": 0.02479147358665431,
    "101": 0.19345516362090948,
    "102": 0.0019071458370582275,
    "103": 0.24059451927542963,
    "104": 0.21683569979716025,
    "105": 0,
    "106": 0.10130311614730879,
    "107": 0.1296123504962253,
    "108": 0.21552784120850166,
    "109": 0.222777114319835,
    "110": 0.20106139187070318,
    "111": 7.575183698204681e-05,
    "112": 0.26999650716032136,
    "113": 0.2571428571428571,
    "114": 0.190654361021036,
    "115": 0.25158592848904265,
    "116": 0.17683777630902547,
    "117": 0.1960958296362023,
    "118": 0.2365220003003454,
    "119": 0.0831199863457928,
    "120": 0.25177394830207805,
    "121": 0.04616554421029763,
    "122": 0.16995660086798264,
    "123": 0.16598984771573605,
    "124": 0.16965174129353233,
    "125": 0.2699235807860262,
    "126": 0.04361873990306947,
    "127": 0.17056810403832992,
    "128": 0.25040674456441353,
    "129": 0.2678956983889719,
    "130": 0.2466097438473129,
    "131": 0.24525547445255474,
    "132": 0.21762132465154135,
    "133": 0.18880026313625525,
    "134": 0.14746136865342163,
    "135": 0.0015091017700506178,
    "136": 0.005508262393590386,
    "137": 0,
    "138": 0.23164475793523565,
    "139": 0.19538461538461538,
    "140": 0.25288667141838916,
    "141": 0.20321264660887303,
    "142": 0.04326795653326265,
    "143": 0.06694955209806695,
    "144": 0,
    "145": 0.10466565139138861,
    "146": 0.0036829699469652327,
    "147": 0.045593419506462986,
    "148": 0.0005614980768690867,
    "149": 0.1043464105485919,
    "150": 0.2186695278969957,
    "151": 0.060739560388058306,
    "152": 0.14897848490327245,
    "153": 0.12486244589538552,
    "154": 0,
    "155": 0.13448177405539163,
    "156": 0.1926896436618543,
    "157": 0.001629802095459837,
    "158": 0.09313067296847306,
    "159": 0,
    "160": 0.19240196078431374,
    "161": 0.028388928317955996,
    "162": 0.09190570392350808,
    "163": 0.1800752553305859,
    "164": 0.12287480680061824,
    "165": 0.20324699467096294,
    "166": 0.2567159890820284,
    "167": 0,
    "168": 0.27764227642276423,
    "169": 0.0443470706002342,
    "170": 0.23560841089279558,
    "171": 0.23442594817230136,
    "172": 0.14354042895982277,
    "173": 0.2504728877679697,
    "174": 0,
    "175": 0.2522490104354084,
    "176": 0.24770521898767375,
    "177": 0.18292860258833793,
    "178": 0.2078093009651945,
    "179": 0.2050228310502283,
    "180": 0.2394580072421446,
    "181": 0.06324531516183986,
    "182": 0.07853810264385692,
    "183": 0,
    "184": 0.021904542310352777,
    "186": 0.18320687910976227,
    "187": 0,
    "188": 0.21111499475707796,
    "189": 0.09522290962433828,
    "190": 0.22550914226252416,
    "191": 0.20669527896995707,
    "192": 0.22884425419822194,
    "193": 0.2552278820375335,
    "194": 0.2557950386335909,
    "195": 0.07710738401219777,
    "196": 0.2528117359413203
}