{
    "0": 0.004611466721728956,
    "1": 0.37407598418428745,
    "2": 0.40217606330365974,
    "3": 0.36112521580176704,
    "4": 0,
    "5": 0.21222995239838888,
    "6": 0.35208683687509557,
    "7": 0.4235056613710173,
    "8": 0.404213241616509,
    "9": 0.25432407828857534,
    "10": 0.31766672859000555,
    "11": 0.13845129798091857,
    "12": 0.30311231393775373,
    "13": 0.30177774985865946,
    "14": 0.1959406713505074,
    "15": 0.2986080904741192,
    "16": 0,
    "17": 0.10471204188481675,
    "18": 0,
    "19": 0.25747695075331684,
    "20": 0.2870265249251729,
    "21": 0.3463151207115629,
    "22": 0.04097083054998887,
    "23": 0.24044610825144283,
    "24": 0,
    "25": 0,
    "26": 0.01768172888015717,
    "27": 0.3462859208386047,
    "28": 0.4268978444236176,
    "29": 0.35764469722315156,
    "30": 0.39945086945669356,
    "31": 0,
    "32": 0.07294800171895144,
    "33": 0,
    "34": 0.1634158751696065,
    "35": 0,
    "36": 0.005670932638516361,
    "37": 0.33521620568757304,
    "38": 0.37308030910691575,
    "39": 0.3271981242672919,
    "40": 0.15583063396575658,
    "41": 0.2199146281398785,
    "42": 0.14130663856691253,
    "43": 0,
    "44": 0.32134659525631215,
    "45": 0.3023165271559276,
    "46": 0.46114603261364673,
    "47": 0.3852425601304525,
    "48": 0.009292274446245273,
    "49": 0.3772879354457784,
    "50": 0.3894541078656602,
    "51": 0.17169782012116191,
    "52": 0.11019129656561137,
    "53": 0.3216991341991342,
    "54": 0,
    "55": 0.3123554840655474,
    "56": 0.36652152878567973,
    "57": 0.4621316758747698,
    "58": 0.37445887445887444,
    "59": 0,
    "60": 0.2885165508786269,
    "61": 0.3939082819986311,
    "62": 0.2844354018311292,
    "63": 0.6466395112016293,
    "64": 0.2969707283866576,
    "65": 0.08603745596143149,
    "66": 0.00026074842247204405,
    "67": 0.16193048379520902,
    "68": 0.14458933882406771,
    "69": 0.012727898176814585,
    "70": 0.2925493060628196,
    "71": 0,
    "72": 0.07089881118730787,
    "73": 0,
    "74": 0.21345000491593746,
    "75": 0.19963299208035543,
    "76": 0.3189714548098263,
    "77": 0.4404975481401746,
    "78": 0.32581573896353166,
    "79": 0.3051866984451254,
    "80": 0.37390719569603226,
    "81": 0.05488755288354487,
    "82": 0.38349063902212593,
    "83": 0.36203453541642194,
    "84": 0.21219643820831086,
    "85": 0,
    "86": 0.09967412068771772,
    "87": 0.3122554067971164,
    "88": 0.3098381812766802,
    "89": 0.16420037268442397,
    "90": 0.2170393524084315,
    "91": 0,
    "92": 0.38973491257755216,
    "93": 0.0008839368616527391,
    "94": 0.28851358666233623,
    "95": 0.2094157685762904,
    "96": 0.27760718753553965,
    "97": 0,
    "98": 0.0026122922864813872,
    "99": 0.24910957469097003,
    "100": 0.02051563357103675,
    "101": 0.3323943661971831,
    "102": 0.0016566958122411412,
    "103": 0.3454233081989119,
    "104": 0.18405187123194175,
    "105": 0,
    "106": 0.20346946151066136,
    "107": 0.23522423522423522,
    "108": 0.21212779830471637,
    "109": 0.3603578154425612,
    "110": 0.3096074985354423,
    "111": 6.330888404525681e-05,
    "112": 0.2142042509072058,
    "113": 0.29411764705882354,
    "114": 0.4137580481192816,
    "115": 0.3093108890057864,
    "116": 0.37781447012909036,
    "117": 0.3933272115090297,
    "118": 0.2953468332615252,
    "119": 0.09196787148594378,
    "120": 0.32873608511476704,
    "121": 0.08410655492367555,
    "122": 0.3744285610623322,
    "123": 0.2665790417015175,
    "124": 0.07276553328164802,
    "125": 0.2956794356813951,
    "126": 0.07917570498915401,
    "127": 0.36925582383346317,
    "128": 0.2831812525922854,
    "129": 0.2524364406779661,
    "130": 0.32789623661196815,
    "131": 0.43822438572090866,
    "132": 0.37748527245949925,
    "133": 0.3477276276745276,
    "134": 0.1199175352193334,
    "135": 0.002097635392829901,
    "136": 0.004411423264453216,
    "137": 0,
    "138": 0.2758012997026104,
    "139": 0.18139244458320325,
    "140": 0.29388297872340424,
    "141": 0.3303562155987122,
    "142": 0.08004301736057766,
    "143": 0.044841048522030115,
    "144": 0,
    "145": 0.1572278748320215,
    "146": 0.002984565532531764,
    "147": 0.031201593272847977,
    "148": 0.00046821094135041894,
    "149": 0.12824675324675325,
    "150": 0.3405073724700064,
    "151": 0.1370401640332891,
    "152": 0.2351017441860465,
    "153": 0.23666934619506966,
    "154": 0,
    "155": 0.4104121043201274,
    "156": 0.31358490566037733,
    "157": 0.0012981393336218088,
    "158": 0.19491264131551903,
    "159": 0,
    "160": 0.18705372819852512,
    "161": 0.015871278458844132,
    "162": 0.16656316842613675,
    "163": 0.23529411764705882,
    "164": 0.24851250649875803,
    "165": 0.5968523002421308,
    "166": 0.3175390460109751,
    "167": 0,
    "168": 0.23964809384164223,
    "169": 0.07862281603288798,
    "170": 0.29937211230896815,
    "171": 0.2985586011342155,
    "172": 0.26494912535712495,
    "173": 0.3036963036963037,
    "174": 0,
    "175": 0.3451806065288777,
    "176": 0.3122207882458056,
    "177": 0.3086544962812711,
    "178": 0.336418695006285,
    "179": 0.1200579129078962,
    "180": 0.3521957825498162,
    "181": 0.06768583139470477,
    "182": 0.08129994672349494,
    "183": 0,
    "184": 0.01768172888015717,
    "185": 0.18320687910976227,
    "187": 0,
    "188": 0.19940190110007477,
    "189": 0.18324878017255308,
    "190": 0.3500808500808501,
    "191": 0.35215973271816087,
    "192": 0.3219178082191781,
    "193": 0.19858303813294437,
    "194": 0.3498628402616586,
    "195": 0.08257610177192186,
    "196": 0.27726675427069647
}