{
    "0": 0.00364860010964705,
    "1": 0.18432842644235164,
    "2": 0.19142765066065098,
    "3": 0.20004832085044696,
    "4": 0,
    "5": 0.23681456676433654,
    "6": 0.16807452435462225,
    "7": 0.17958723551855707,
    "8": 0.18355590468709085,
    "9": 0.17438878440759104,
    "10": 0.18878757176629518,
    "11": 0.1565105837075048,
    "12": 0.1848289297455254,
    "13": 0.14181100356597046,
    "14": 0.20332278481012658,
    "15": 0.20332075471698113,
    "16": 0,
    "17": 0.15340613624544983,
    "18": 0,
    "19": 0.1930904737472208,
    "20": 0.21608695652173912,
    "21": 0.1584844920448214,
    "22": 0.07786340685623173,
    "23": 0.09783286274797404,
    "24": 0,
    "25": 0,
    "26": 0.028498074454428753,
    "27": 0.17994910941475828,
    "28": 0.23678646934460887,
    "29": 0.2137154262902766,
    "30": 0.16902684011197103,
    "31": 0,
    "32": 0.09237307090136435,
    "33": 0,
    "34": 0.12489359114678342,
    "35": 0,
    "36": 0.011633986928104575,
    "37": 0.19779699159066683,
    "38": 0.1939070491438737,
    "39": 0.20315264597072544,
    "40": 0.17599093997734994,
    "41": 0.13476582872640033,
    "42": 0.19889048695294842,
    "43": 0,
    "44": 0.24560049397962333,
    "45": 0.19316623020326723,
    "46": 0.17024539877300612,
    "47": 0.16039107950872658,
    "48": 0.015497967479674796,
    "49": 0.18264489974800044,
    "50": 0.20929929669184683,
    "51": 0.1385302879841112,
    "52": 0.17396593673965938,
    "53": 0.1676883116883117,
    "54": 0,
    "55": 0.21413446267866595,
    "56": 0.18281794425087108,
    "57": 0.2609628536945152,
    "58": 0.16366717779033169,
    "59": 0,
    "60": 0.17122282971062808,
    "61": 0.16315025198599128,
    "62": 0.18026796589524968,
    "63": 0.22580645161290322,
    "64": 0.3207222699914015,
    "65": 0.038716283651540485,
    "66": 0.00023279273686660975,
    "67": 0.18583042973286876,
    "68": 0.20300214438884917,
    "69": 0.012771307570142932,
    "70": 0.17631133671742807,
    "71": 0,
    "72": 0.05060429928960236,
    "73": 0,
    "74": 0.2818057455540356,
    "75": 0.1572725962231512,
    "76": 0.14105229489844875,
    "77": 0.28350983358547655,
    "78": 0.17462699743974575,
    "79": 0.22748267898383373,
    "80": 0.14780733285406183,
    "81": 0.0864575363427697,
    "82": 0.1542955583851397,
    "83": 0.1267311209824928,
    "84": 0.1697467488021903,
    "85": 0,
    "86": 0.13414634146341464,
    "87": 0.2114043484206208,
    "88": 0.20838726378462336,
    "89": 0.15331010452961671,
    "90": 0.22076427255985268,
    "91": 0,
    "92": 0.17367113760556382,
    "93": 0.0006727497680173213,
    "94": 0.21971830985915494,
    "95": 0.17263475310968715,
    "96": 0.2358256555634302,
    "97": 0,
    "98": 0.004039923954372623,
    "99": 0.28236118409528815,
    "100": 0.030927835051546393,
    "101": 0.17545647558386412,
    "102": 0.0017709923664122138,
    "103": 0.19672686230248307,
    "104": 0.2101109215017065,
    "105": 0,
    "106": 0.13522599925289502,
    "107": 0.15251785552843322,
    "108": 0.16594938887932517,
    "109": 0.1743128853589717,
    "110": 0.18392486888644957,
    "111": 6.653992395437263e-05,
    "112": 0.21520925484858797,
    "113": 0.19507700408055811,
    "114": 0.18802547770700637,
    "115": 0.18904788112272977,
    "116": 0.14844930560552638,
    "117": 0.23623575066699007,
    "118": 0.19694497997923774,
    "119": 0.09726613353170913,
    "120": 0.1899542278968923,
    "121": 0.05201454329598575,
    "122": 0.15041666666666667,
    "123": 0.24441340782122906,
    "124": 0.14263565891472868,
    "125": 0.20463970969414205,
    "126": 0.05028550377601768,
    "127": 0.1510112664585313,
    "128": 0.2217939214232765,
    "129": 0.2025759262203848,
    "130": 0.21924329741919318,
    "131": 0.2794986313211353,
    "132": 0.20888106821240038,
    "133": 0.14858322089054687,
    "134": 0.1473659231134314,
    "135": 0.001816501481882788,
    "136": 0.009978712080894092,
    "137": 0,
    "138": 0.2051116143642834,
    "139": 0.16880193905817176,
    "140": 0.2240764512908287,
    "141": 0.22953296703296702,
    "142": 0.048097752504738696,
    "143": 0.08016877637130802,
    "144": 0,
    "145": 0.13559322033898305,
    "146": 0.00391972405142678,
    "147": 0.05859065716547902,
    "148": 0.0009664307438674285,
    "149": 0.1204670086679639,
    "150": 0.18332982529993685,
    "151": 0.0627668659265585,
    "152": 0.22426706612454525,
    "153": 0.12740584195033589,
    "154": 0,
    "155": 0.19396412845022018,
    "156": 0.15270499072804966,
    "157": 0.0018018018018018018,
    "158": 0.09673512085007983,
    "159": 0,
    "160": 0.17279256442754543,
    "161": 0.033114323258869906,
    "162": 0.10597637248088951,
    "163": 0.17528681587361294,
    "164": 0.12087513598452798,
    "165": 0.22530168412677365,
    "166": 0.2145377558221595,
    "167": 0,
    "168": 0.21363815530153724,
    "169": 0.050536759291555246,
    "170": 0.22218272307145395,
    "171": 0.22178919397697078,
    "172": 0.1232408325074331,
    "173": 0.21433051113201632,
    "174": 0,
    "175": 0.20092432120161757,
    "176": 0.1907514450867052,
    "177": 0.22199003375663076,
    "178": 0.2063395306309052,
    "179": 0.16890951276102087,
    "180": 0.20061763696671622,
    "181": 0.09022738268021287,
    "182": 0.09719827586206897,
    "183": 0,
    "184": 0.028498074454428753,
    "185": 0.21111499475707796,
    "186": 0.19940190110007477,
    "187": 0,
    "189": 0.09919501428200467,
    "190": 0.24700431378814508,
    "191": 0.18815360877764445,
    "192": 0.17877860985128152,
    "193": 0.21653894136517554,
    "194": 0.22544914223963258,
    "195": 0.1097530556248441,
    "196": 0.2028985507246377
}