{
    "0": 0.0037133399293976816,
    "1": 0.19630412159818358,
    "2": 0.16916420094810855,
    "3": 0.15009883313141617,
    "4": 0,
    "5": 0.19110131595758273,
    "6": 0.20798919217660966,
    "7": 0.22401884843790343,
    "8": 0.2112390194399518,
    "9": 0.07595290609176478,
    "10": 0.1560411718131433,
    "11": 0.04737412858249419,
    "12": 0.14214487598844042,
    "13": 0.22744693396226415,
    "14": 0.07761089543689938,
    "15": 0.1184916326727267,
    "16": 0,
    "17": 0.03232731798382078,
    "18": 0,
    "19": 0.09027316177634286,
    "20": 0.12136632529737294,
    "21": 0.29504994170841603,
    "22": 0.01306329733533209,
    "23": 0.28992509650535575,
    "24": 0,
    "25": 0,
    "26": 0.005462988254575253,
    "27": 0.1578394088365334,
    "28": 0.14502326489441317,
    "29": 0.13162982535283882,
    "30": 0.21251175917215429,
    "31": 0,
    "32": 0.02470713525026624,
    "33": 0,
    "34": 0.07914893617021276,
    "35": 0,
    "36": 0.008209324034923948,
    "37": 0.14521462538972696,
    "38": 0.16237523046601818,
    "39": 0.09972491858222404,
    "40": 0.048413762984683535,
    "41": 0.12127129081678632,
    "42": 0.06887505136390934,
    "43": 0,
    "44": 0.1360838244924689,
    "45": 0.1330129715129244,
    "46": 0.20062383031815345,
    "47": 0.20006764235641372,
    "48": 0.004950795772081157,
    "49": 0.1634122256554009,
    "50": 0.14668301497160557,
    "51": 0.2123146504837694,
    "52": 0.041367915705467925,
    "53": 0.14958440194048758,
    "54": 0,
    "55": 0.14394769052373896,
    "56": 0.16791498623647655,
    "57": 0.17733150666622113,
    "58": 0.20000613515752017,
    "59": 0,
    "60": 0.11290473662846973,
    "61": 0.19584228052158217,
    "62": 0.1144897128362509,
    "63": 0.14450848230275798,
    "64": 0.23373219766198836,
    "65": 0.15598827226109405,
    "66": 0.00028475245519894704,
    "67": 0.050126963227687386,
    "68": 0.05290688514258705,
    "69": 0.007840909090909091,
    "70": 0.13387717408034477,
    "71": 0,
    "72": 0.11157392686804452,
    "73": 0,
    "74": 0.13575456053067994,
    "75": 0.08395573575587599,
    "76": 0.18387467489263895,
    "77": 0.17362719716582642,
    "78": 0.1908845185944636,
    "79": 0.1050553928434993,
    "80": 0.22069239223348394,
    "81": 0.017552458263133713,
    "82": 0.208797885591032,
    "83": 0.25714041632257884,
    "84": 0.07800399700224832,
    "85": 0,
    "86": 0.03369639210347175,
    "87": 0.1389292283860974,
    "88": 0.13958824654216329,
    "89": 0.059182276432883194,
    "90": 0.16977072763470555,
    "91": 0,
    "92": 0.17253421425200566,
    "93": 0.000826894914911882,
    "94": 0.11424,
    "95": 0.06776270550728261,
    "96": 0.10873376623376624,
    "97": 0,
    "98": 0.001197254296812643,
    "99": 0.1315641255011099,
    "100": 0.006692625943051838,
    "101": 0.21122851285286232,
    "102": 0.0010322637324020997,
    "103": 0.16405550581915845,
    "104": 0.06728273941388696,
    "105": 0,
    "106": 0.0837853057111526,
    "107": 0.13787759160160248,
    "108": 0.07491359716038236,
    "109": 0.16179845936173556,
    "110": 0.12431630666543061,
    "111": 0.00042444821731748726,
    "112": 0.09975754482230588,
    "113": 0.13262675451160125,
    "114": 0.22388773720299793,
    "115": 0.12736815156169995,
    "116": 0.22156676956933705,
    "117": 0.18225934240063382,
    "118": 0.1117205085121897,
    "119": 0.03496860636284435,
    "120": 0.1492046253114419,
    "121": 0.08914651209274435,
    "122": 0.22401498670534203,
    "123": 0.08963387169422816,
    "124": 0.02904924125116135,
    "125": 0.14134332180817005,
    "126": 0.0843011178158077,
    "127": 0.22423498413078627,
    "128": 0.1212933703597306,
    "129": 0.10735618232344205,
    "130": 0.15679498772768377,
    "131": 0.18508372427490327,
    "132": 0.19366003558143297,
    "133": 0.191916122169883,
    "134": 0.03727825331844684,
    "135": 0.0014543291080665686,
    "136": 0.007378448323330213,
    "137": 0,
    "138": 0.10323976831519317,
    "139": 0.07526178010471204,
    "140": 0.13322818424695013,
    "141": 0.14137508860106965,
    "142": 0.08822742730503229,
    "143": 0.01426821800367422,
    "144": 0,
    "145": 0.06161492170893087,
    "146": 0.0010972933430870519,
    "147": 0.009542973871154608,
    "148": 0.0025266310026981925,
    "149": 0.0490068233510235,
    "150": 0.16885505867427847,
    "151": 0.23590413273928407,
    "152": 0.0718442896670165,
    "153": 0.15227356852025853,
    "154": 0,
    "155": 0.17145499186888175,
    "156": 0.1955249042145594,
    "157": 0.0005445469671759189,
    "158": 0.1470401180391259,
    "159": 0,
    "160": 0.05534386907364607,
    "161": 0.004950946147070437,
    "162": 0.0959774560724942,
    "163": 0.06735298705350179,
    "164": 0.18786303037008353,
    "165": 0.1508644458140063,
    "166": 0.12953533800877445,
    "167": 0,
    "168": 0.08238491048593351,
    "169": 0.0830617243962184,
    "170": 0.10046984617365,
    "171": 0.10058867050535594,
    "172": 0.2756179711137752,
    "173": 0.1094704684317719,
    "174": 0,
    "175": 0.1643677052184817,
    "176": 0.1433465676229508,
    "177": 0.10604857913954596,
    "178": 0.10677099766517321,
    "179": 0.0480684811237928,
    "180": 0.1634914027728859,
    "181": 0.022961689587426327,
    "182": 0.02758369281244304,
    "183": 0,
    "184": 0.005493671654475369,
    "185": 0.09522290962433828,
    "186": 0.18324878017255308,
    "187": 0,
    "188": 0.09919501428200467,
    "190": 0.12555588015710714,
    "191": 0.23340248962655602,
    "192": 0.16247204460263961,
    "193": 0.09305214870504284,
    "194": 0.14769520225776106,
    "195": 0.02498536615422533,
    "196": 0.10257710717342378
}