{
    "0": 0.003925472371436084,
    "1": 0.23524338827136834,
    "2": 0.2790451552210724,
    "3": 0.2828732173230407,
    "4": 0,
    "5": 0.1429079590929302,
    "6": 0.19721147646679563,
    "7": 0.2455178820250813,
    "8": 0.2347013558079883,
    "9": 0.28723809523809524,
    "10": 0.2727272727272727,
    "11": 0.1525830997196636,
    "12": 0.2941256830601093,
    "13": 0.18628433928213356,
    "14": 0.2332093205404347,
    "15": 0.33184625943719975,
    "16": 0,
    "17": 0.16951672862453532,
    "18": 0,
    "20": 0.2858893825647311,
    "21": 0.15534568349679137,
    "22": 0.06884930187770823,
    "23": 0.12177650429799428,
    "24": 0,
    "25": 0,
    "26": 0.02721726888784608,
    "27": 0.22996811902231667,
    "28": 0.24806629834254143,
    "29": 0.3135473766640564,
    "30": 0.23900097769087192,
    "31": 0,
    "32": 0.10156912637828669,
    "33": 0,
    "34": 0.15345927379784102,
    "35": 0,
    "36": 0.007295659700754297,
    "37": 0.23947944539041596,
    "38": 0.2796168303625561,
    "39": 0.3257877580586744,
    "40": 0.20168067226890757,
    "41": 0.21101541251133274,
    "42": 0.22997153314355429,
    "43": 0,
    "44": 0.24847129008202834,
    "45": 0.257979424953838,
    "46": 0.23577235772357724,
    "47": 0.22702373706634205,
    "48": 0.017986451763606633,
    "49": 0.2934487021013597,
    "50": 0.2276895260235051,
    "51": 0.10561304121625527,
    "52": 0.20390197477991912,
    "53": 0.2747716092761771,
    "54": 0,
    "55": 0.2701696317749276,
    "56": 0.31549046837520517,
    "57": 0.2732788182537589,
    "58": 0.2358292512246326,
    "59": 0,
    "60": 0.32184450739691534,
    "61": 0.26432141484044597,
    "62": 0.24820659971305595,
    "63": 0.2908957415565345,
    "64": 0.1874124474684811,
    "65": 0.03958591811414392,
    "66": 0.0002553369286836221,
    "67": 0.18610747051114024,
    "68": 0.1673044217687075,
    "69": 0.014853732892261788,
    "70": 0.20192962542565268,
    "71": 0,
    "72": 0.04098931984260821,
    "73": 0,
    "74": 0.19894288650712083,
    "75": 0.20215912451937296,
    "76": 0.24453316395971328,
    "77": 0.3077501881113619,
    "78": 0.2190082644628099,
    "79": 0.23050039714058776,
    "80": 0.2145242718446602,
    "81": 0.08845789971617786,
    "82": 0.21632685824369882,
    "83": 0.16439402203556233,
    "84": 0.28576900976824365,
    "85": 0,
    "86": 0.12141763290308466,
    "87": 0.29070108536227635,
    "88": 0.20636306924516531,
    "89": 0.25100105374077974,
    "90": 0.1533475134204396,
    "91": 0,
    "92": 0.2758851035404142,
    "93": 0.0007016786311869164,
    "94": 0.29434212709474034,
    "95": 0.29658681365274536,
    "96": 0.3156114972759722,
    "97": 0,
    "98": 0.003981344556933227,
    "99": 0.2185859833281877,
    "100": 0.03018156095260552,
    "101": 0.21798941798941798,
    "102": 0.0020308206904790346,
    "103": 0.27892739071874617,
    "104": 0.24697387980462943,
    "105": 0,
    "106": 0.1674236689376735,
    "107": 0.14805740287014352,
    "108": 0.29176424668227946,
    "109": 0.2964739745742384,
    "110": 0.27218225419664266,
    "111": 6.63023196340112e-05,
    "112": 0.27729605379578837,
    "113": 0.28804034582132565,
    "114": 0.21036846615252786,
    "115": 0.3761591637160681,
    "116": 0.21439664544183878,
    "117": 0.2164358475449239,
    "118": 0.32123655913978494,
    "119": 0.11616527727437477,
    "120": 0.304418762746431,
    "121": 0.05630422743215802,
    "122": 0.203726891065773,
    "123": 0.1972958548301014,
    "124": 0.13778307508939214,
    "125": 0.2730520819018826,
    "126": 0.053214834320825105,
    "127": 0.20186580552565483,
    "128": 0.26830750531753267,
    "129": 0.28752136752136753,
    "130": 0.26618426153249775,
    "131": 0.26551818430407437,
    "132": 0.2274136861691131,
    "133": 0.27854349040789717,
    "134": 0.17558489691915682,
    "135": 0.0020795261201083876,
    "136": 0.005658242172764994,
    "137": 0,
    "138": 0.3142345568487019,
    "139": 0.2668938103350369,
    "140": 0.2661525029103609,
    "141": 0.2549073438572409,
    "142": 0.05221641665262093,
    "143": 0.07291916526745022,
    "144": 0,
    "145": 0.15625942684766214,
    "146": 0.004447739065974796,
    "147": 0.05143540669856459,
    "148": 0.000477635423690717,
    "149": 0.15788536845852616,
    "150": 0.2795473106988683,
    "151": 0.06598972756751639,
    "152": 0.20668512658227847,
    "153": 0.16528408201596495,
    "154": 0,
    "155": 0.1715814986871339,
    "156": 0.2329676163510883,
    "157": 0.002349624060150376,
    "158": 0.12334652345958168,
    "159": 0,
    "160": 0.29357798165137616,
    "161": 0.03012912482065997,
    "162": 0.13340995491114843,
    "163": 0.29557894736842105,
    "164": 0.15915821309306283,
    "165": 0.2856151069147459,
    "166": 0.2863132674453429,
    "167": 0,
    "168": 0.35703037120359954,
    "169": 0.0538283955367449,
    "170": 0.3209113728519019,
    "171": 0.31917755572636436,
    "172": 0.148356950581543,
    "173": 0.32042192633581185,
    "174": 0,
    "175": 0.28226613306653325,
    "176": 0.2867026428670264,
    "177": 0.22988147223955085,
    "178": 0.30782113548819295,
    "179": 0.20657925005751093,
    "180": 0.2847377578921203,
    "181": 0.08191277396502103,
    "182": 0.10957775489186405,
    "183": 0,
    "184": 0.02721726888784608,
    "185": 0.232662192393736,
    "186": 0.25747695075331684,
    "187": 0,
    "188": 0.1930904737472208,
    "189": 0.09027316177634286,
    "190": 0.270595690747782,
    "191": 0.21816274801153746,
    "192": 0.2734703409621672,
    "193": 0.2553840631730079,
    "194": 0.28361996053002536,
    "195": 0.10251716247139588,
    "196": 0.3068022440392707
}