{
    "0": 0.004892043991613639,
    "1": 0.30356450987989153,
    "2": 0.3221415607985481,
    "3": 0.3137085848010839,
    "4": 0,
    "5": 0.1979379610701271,
    "6": 0.31350877192982457,
    "7": 0.3059360730593607,
    "8": 0.29468554615667525,
    "9": 0.24358974358974358,
    "10": 0.30901237450385244,
    "11": 0.18489767113620326,
    "12": 0.2922205809945839,
    "13": 0.2321344537815126,
    "14": 0.23862675460848976,
    "15": 0.30267018779342725,
    "16": 0,
    "17": 0.14792438121223933,
    "18": 0,
    "19": 0.270595690747782,
    "20": 0.32425848975497923,
    "21": 0.2323439099283521,
    "22": 0.06467473524962178,
    "23": 0.15675364543361472,
    "24": 0,
    "25": 0,
    "26": 0.02621928859552622,
    "27": 0.28714015549485183,
    "28": 0.38032069970845483,
    "29": 0.3180987202925046,
    "30": 0.27751196172248804,
    "31": 0,
    "32": 0.10510668065757257,
    "33": 0,
    "34": 0.17984460694698354,
    "35": 0,
    "36": 0.01036829031212874,
    "37": 0.30739580823897855,
    "38": 0.3022409282220453,
    "39": 0.30207366140513775,
    "40": 0.2604166666666667,
    "41": 0.21679484514653918,
    "42": 0.20006646726487204,
    "43": 0,
    "44": 0.3459289248762933,
    "45": 0.3116717635066259,
    "46": 0.293407698637652,
    "47": 0.2630148619957537,
    "48": 0.015798075177047396,
    "49": 0.3040648549897237,
    "50": 0.34939595493416586,
    "51": 0.1622218244734801,
    "52": 0.15921222160868764,
    "53": 0.25822333961868843,
    "54": 0,
    "55": 0.3251362488369002,
    "56": 0.3080433542498574,
    "57": 0.40460251046025103,
    "58": 0.2739420935412027,
    "59": 0,
    "60": 0.25458301058610894,
    "61": 0.2774252039891206,
    "62": 0.2968877968877969,
    "63": 0.3785087719298246,
    "64": 0.26615541922290387,
    "65": 0.05811074232126864,
    "66": 0.00028357053625487625,
    "67": 0.2291747384734599,
    "68": 0.2037037037037037,
    "69": 0.015351273252663897,
    "70": 0.32110977080820263,
    "71": 0,
    "72": 0.06138415701971844,
    "73": 0,
    "74": 0.25898773438601436,
    "75": 0.23234251431688027,
    "76": 0.23065463874865513,
    "77": 0.41165728199665197,
    "78": 0.2880850270371061,
    "79": 0.31854522652453365,
    "80": 0.2538951569575562,
    "81": 0.08898144642180993,
    "82": 0.25866179275270185,
    "83": 0.21395115423218466,
    "84": 0.24079009249098604,
    "85": 0,
    "86": 0.14871698820003745,
    "87": 0.33020430701270015,
    "88": 0.30333631599130767,
    "89": 0.204442200908632,
    "90": 0.23323312947030164,
    "91": 0,
    "92": 0.30287648054145516,
    "93": 0.0008327030764176961,
    "94": 0.329704033123754,
    "95": 0.21565103741218755,
    "96": 0.3118560915780867,
    "97": 0,
    "98": 0.003888722704157942,
    "99": 0.296078431372549,
    "100": 0.0338352853690277,
    "101": 0.2784191829484902,
    "102": 0.0021693180554010457,
    "103": 0.3276454556227041,
    "104": 0.2526813306671514,
    "105": 0,
    "106": 0.21672727272727274,
    "107": 0.22060671333692336,
    "108": 0.21103008204193255,
    "109": 0.28377211911955114,
    "110": 0.29168722249629997,
    "111": 0.00010298179094696437,
    "112": 0.26351042776678335,
    "113": 0.3001050696086157,
    "114": 0.4923179692718771,
    "115": 0.29949168841873886,
    "116": 0.25272030651341,
    "117": 0.35401414567564216,
    "118": 0.29317789291882557,
    "119": 0.12140871177015755,
    "120": 0.3074453636251389,
    "121": 0.07497526475869398,
    "122": 0.24972375690607734,
    "123": 0.31101589001963936,
    "124": 0.11596638655462185,
    "125": 0.3105461149306006,
    "126": 0.07161004645760743,
    "127": 0.26727634781326054,
    "128": 0.3018068887634105,
    "129": 0.29266444377083967,
    "130": 0.3280677366359156,
    "131": 0.390893470790378,
    "132": 0.31995290087775635,
    "133": 0.25360738255033555,
    "134": 0.15558436747545842,
    "135": 0.0022141340612678194,
    "136": 0.008651845361953785,
    "137": 0,
    "138": 0.3017522096449062,
    "139": 0.2280018688677776,
    "140": 0.32418812989921614,
    "141": 0.3322006252548593,
    "142": 0.07056336610408348,
    "143": 0.06917406917406918,
    "144": 0,
    "145": 0.18324175824175823,
    "146": 0.0041327489041953665,
    "147": 0.05058292591199699,
    "148": 0.000869376222560313,
    "149": 0.16222017785955228,
    "150": 0.2889080894265039,
    "151": 0.09331850168065195,
    "152": 0.28312803284807764,
    "153": 0.21876477075783834,
    "154": 0,
    "155": 0.3131708407871199,
    "156": 0.2765475152571927,
    "157": 0.0016351744186046512,
    "158": 0.1617062365102806,
    "159": 0,
    "160": 0.2236103566902046,
    "161": 0.027684875510962468,
    "162": 0.16293521750234102,
    "163": 0.24307900067521945,
    "164": 0.20239528546986882,
    "165": 0.3663448275862069,
    "166": 0.33366449049105873,
    "167": 0,
    "168": 0.26913066111400313,
    "169": 0.07286182955672542,
    "170": 0.31472505432057496,
    "171": 0.31406197934021995,
    "172": 0.19280724450194048,
    "173": 0.29814126394052043,
    "174": 0,
    "175": 0.32867469879518074,
    "176": 0.2964272187855069,
    "177": 0.3120980091883614,
    "178": 0.3118199433596661,
    "179": 0.15656655411409276,
    "180": 0.320364238410596,
    "181": 0.10246433203631647,
    "182": 0.10999489187808616,
    "183": 0,
    "184": 0.02621928859552622,
    "185": 0.22550914226252416,
    "186": 0.3500808500808501,
    "187": 0,
    "188": 0.24700431378814508,
    "189": 0.12555588015710714,
    "191": 0.3032258064516129,
    "192": 0.2897776809067132,
    "193": 0.259748427672956,
    "194": 0.35694482949819795,
    "195": 0.1273603082851638,
    "196": 0.2921467556094603
}