{
    "0": 0.004933698306807193,
    "1": 0.3710461377402228,
    "2": 0.36386602558878656,
    "3": 0.33283157718682055,
    "4": 0,
    "5": 0.23979928694044633,
    "6": 0.40195728266304737,
    "7": 0.38009680258140216,
    "8": 0.41241347836008213,
    "9": 0.18932245175550455,
    "10": 0.3559477232997586,
    "11": 0.1263094104406545,
    "12": 0.3127958149962634,
    "13": 0.3660464550650614,
    "14": 0.18928571428571428,
    "15": 0.2526656999061674,
    "16": 0,
    "17": 0.07869648119258103,
    "18": 0,
    "19": 0.21816274801153746,
    "20": 0.29408686551543695,
    "21": 0.3390781790350927,
    "22": 0.03188721993790383,
    "23": 0.3011076754471799,
    "24": 0,
    "25": 0,
    "26": 0.014043783560512184,
    "27": 0.36252286645987436,
    "28": 0.3133281371784879,
    "29": 0.2738396624472574,
    "30": 0.37986827033218784,
    "31": 0,
    "32": 0.06315615441845085,
    "33": 0,
    "34": 0.16679807899075336,
    "35": 0,
    "36": 0.007667169431875314,
    "37": 0.3037327152106147,
    "38": 0.31454516987631126,
    "39": 0.2477441962330267,
    "40": 0.13099126136463943,
    "41": 0.22614240170031882,
    "42": 0.1480085653104925,
    "43": 0,
    "44": 0.292702273929138,
    "45": 0.29128347033449986,
    "46": 0.3573261117445838,
    "47": 0.3511797985373258,
    "48": 0.008790667104830759,
    "49": 0.33738822202529606,
    "50": 0.31662134602311354,
    "51": 0.2071834018398904,
    "52": 0.0991014342491792,
    "53": 0.2892167821745287,
    "54": 0,
    "55": 0.3079783637592968,
    "56": 0.3522541653054557,
    "57": 0.3869106643829442,
    "58": 0.36948129430757354,
    "59": 0,
    "60": 0.24203307785397338,
    "61": 0.37272261652154826,
    "62": 0.2510419220397156,
    "63": 0.31411427080615706,
    "64": 0.3272061627640912,
    "65": 0.11656756064344755,
    "66": 0.00029888610252522306,
    "67": 0.20051186140368146,
    "68": 0.1239147592738753,
    "69": 0.012387096774193548,
    "70": 0.3035671913311714,
    "71": 0,
    "72": 0.08815138038096837,
    "73": 0,
    "74": 0.21360888743669335,
    "75": 0.1977125489882428,
    "76": 0.3093687707641196,
    "77": 0.38224740321057604,
    "78": 0.36709511568123393,
    "79": 0.2563514467184192,
    "80": 0.36803267887732244,
    "81": 0.04807936911727296,
    "82": 0.3541018340727008,
    "83": 0.3493139883299164,
    "84": 0.1901913875598086,
    "85": 0,
    "86": 0.08147073878177785,
    "87": 0.2927634363097757,
    "88": 0.28991803278688527,
    "89": 0.1391149542217701,
    "90": 0.22432958177018203,
    "91": 0,
    "92": 0.34376686454398275,
    "93": 0.0009013331007312428,
    "94": 0.2769994679907785,
    "95": 0.15511690952219587,
    "96": 0.25430799927444225,
    "97": 0,
    "98": 0.002510760401721664,
    "99": 0.23059341403538475,
    "100": 0.015061238000662032,
    "101": 0.3622714011243151,
    "102": 0.0017426545086119555,
    "103": 0.3401332899869961,
    "104": 0.16380226789510985,
    "105": 0,
    "106": 0.1970209884901828,
    "107": 0.25780677808109725,
    "108": 0.16356877323420074,
    "109": 0.3192375954934794,
    "110": 0.27966169313013645,
    "111": 8.808865241979529e-05,
    "112": 0.22588480222068008,
    "113": 0.2842315037781284,
    "114": 0.4207642068913745,
    "115": 0.2846022241231822,
    "116": 0.3675511951010733,
    "117": 0.355197192513369,
    "118": 0.2574993590291428,
    "119": 0.08521780528445608,
    "120": 0.32145822952997843,
    "121": 0.11203959632319856,
    "122": 0.36619718309859156,
    "123": 0.20769092864826103,
    "124": 0.06787909836065574,
    "125": 0.30088421755088424,
    "126": 0.10568538542029997,
    "127": 0.3752863324001018,
    "128": 0.26024745391802034,
    "129": 0.24779994772153002,
    "130": 0.32555425904317387,
    "131": 0.3712803712803713,
    "132": 0.3718628770485314,
    "133": 0.35704856527478634,
    "134": 0.09260533104041273,
    "135": 0.002093052578489472,
    "136": 0.006075180356916846,
    "137": 0,
    "138": 0.2617983553807651,
    "139": 0.1776126962687827,
    "140": 0.2929717669269716,
    "141": 0.32262545580830004,
    "142": 0.1064406577693041,
    "143": 0.036231884057971016,
    "144": 0,
    "145": 0.1465175867691591,
    "146": 0.0025885558583106268,
    "147": 0.024204991236123862,
    "148": 0.0006433675696790055,
    "149": 0.11822064630510114,
    "150": 0.3407226254338908,
    "151": 0.18026148892574886,
    "152": 0.19220541036221916,
    "153": 0.2674540198068524,
    "154": 0,
    "155": 0.3343541421279937,
    "156": 0.3579676674364896,
    "157": 0.0009012699713232282,
    "158": 0.2320792465720002,
    "159": 0,
    "160": 0.13971100278551532,
    "161": 0.012666611474459806,
    "162": 0.1795998047828209,
    "163": 0.16625139616805568,
    "164": 0.2936778449697636,
    "165": 0.32134026771250745,
    "166": 0.2866399522550942,
    "167": 0,
    "168": 0.2005939524838013,
    "169": 0.10635418385872256,
    "170": 0.2397050890127675,
    "171": 0.23947581007090926,
    "172": 0.35754533346993134,
    "173": 0.25997908314450063,
    "174": 0,
    "175": 0.34893369844826155,
    "176": 0.29658641160949867,
    "177": 0.2538977440989461,
    "178": 0.24416441136671177,
    "179": 0.11012987012987013,
    "180": 0.32973147326828484,
    "181": 0.055237935093324364,
    "182": 0.06816319842700311,
    "183": 0,
    "184": 0.0141287284144427,
    "185": 0.20669527896995707,
    "186": 0.35215973271816087,
    "187": 0,
    "188": 0.18815360877764445,
    "189": 0.23340248962655602,
    "190": 0.3032258064516129,
    "192": 0.3249280099618647,
    "193": 0.2052563550193882,
    "194": 0.33908298864736425,
    "195": 0.06507054296707995,
    "196": 0.2611589315822167
}