{
    "0": 0.004385510549397424,
    "1": 0.34561049445005043,
    "2": 0.3350018539117538,
    "3": 0.32193732193732194,
    "4": 0,
    "5": 0.1855787746951002,
    "6": 0.2995652173913044,
    "7": 0.3585746102449889,
    "8": 0.3363884868949992,
    "9": 0.21984091913389306,
    "10": 0.33189737698640626,
    "11": 0.11406181976491075,
    "12": 0.3200920552331399,
    "13": 0.32108781722593627,
    "14": 0.2045532942393929,
    "15": 0.3281035272560696,
    "16": 0,
    "17": 0.10393158332343509,
    "18": 0,
    "19": 0.2734703409621672,
    "20": 0.30997304582210244,
    "21": 0.2621465666474322,
    "22": 0.038461538461538464,
    "23": 0.21253303133257834,
    "24": 0,
    "25": 0,
    "26": 0.015360641139804097,
    "27": 0.28646718803128185,
    "28": 0.29258130081300815,
    "29": 0.32678668848881615,
    "30": 0.34799841458581054,
    "31": 0,
    "32": 0.061773568661213946,
    "33": 0,
    "34": 0.14368008014693606,
    "35": 0,
    "36": 0.006007646095030038,
    "37": 0.2557599571352027,
    "38": 0.34841628959276016,
    "39": 0.2757541899441341,
    "40": 0.14484679665738162,
    "41": 0.3201023114816218,
    "42": 0.17598460842009958,
    "43": 0,
    "44": 0.2775501628322303,
    "45": 0.3438862362466265,
    "46": 0.3339992009588494,
    "47": 0.32949895777040067,
    "48": 0.009863681702316303,
    "49": 0.3919740575597892,
    "50": 0.25629657579473636,
    "51": 0.16085102009352997,
    "52": 0.12524874165983846,
    "53": 0.3365563406470807,
    "54": 0,
    "55": 0.3354304288560344,
    "56": 0.39255072171192085,
    "57": 0.3368175360259793,
    "58": 0.343359375,
    "59": 0,
    "60": 0.3175661148140185,
    "61": 0.3518793273986152,
    "62": 0.25242622301445833,
    "63": 0.31538623005877414,
    "64": 0.25769734687192924,
    "65": 0.0686491779621708,
    "66": 0.0002611881823541264,
    "67": 0.1359659221736127,
    "68": 0.12494341330918968,
    "69": 0.01276891737467084,
    "70": 0.23777127109886326,
    "71": 0,
    "72": 0.06683672375726137,
    "73": 0,
    "74": 0.21585329191301733,
    "75": 0.1816096348690499,
    "76": 0.333937150507994,
    "77": 0.36937745372966907,
    "78": 0.32150900900900903,
    "79": 0.225501402888912,
    "80": 0.3312997918610493,
    "81": 0.05089346301741687,
    "82": 0.32232727272727274,
    "83": 0.27221633085896074,
    "84": 0.21813752629830582,
    "85": 0,
    "86": 0.08356608200201095,
    "87": 0.33304757822546077,
    "88": 0.24382801664355064,
    "89": 0.221925458297924,
    "90": 0.19935080357849735,
    "91": 0,
    "92": 0.3441957031955227,
    "93": 0.0008481574894538312,
    "94": 0.2991195809651176,
    "95": 0.21843921843921843,
    "96": 0.2823734729493892,
    "97": 0,
    "98": 0.002581692114774655,
    "99": 0.227817993795243,
    "100": 0.0195176668536175,
    "101": 0.3584828711256117,
    "102": 0.0017207701609152637,
    "103": 0.3560450318159569,
    "104": 0.18554664807714652,
    "105": 0,
    "106": 0.15738519533927348,
    "107": 0.1865619301444803,
    "108": 0.22637040378975862,
    "109": 0.3651965484180249,
    "110": 0.2906999226604795,
    "111": 7.250251493098666e-05,
    "112": 0.24694080035277258,
    "113": 0.3424892703862661,
    "114": 0.3257001392542163,
    "115": 0.33909000332115574,
    "116": 0.33271028037383177,
    "117": 0.2673355233951878,
    "118": 0.29516622922134733,
    "119": 0.08284620036283008,
    "120": 0.3599626981659932,
    "121": 0.07220382332688462,
    "122": 0.3197143445718602,
    "123": 0.18201493344876096,
    "124": 0.08365062882196839,
    "125": 0.32723892159900836,
    "126": 0.06858478924465805,
    "127": 0.33695726966214823,
    "128": 0.2816768228619458,
    "129": 0.2891171822081734,
    "130": 0.338545344497125,
    "131": 0.32526881720430106,
    "132": 0.3191304347826087,
    "133": 0.34179595674659147,
    "134": 0.11414995943910071,
    "135": 0.0019730351857941467,
    "136": 0.004967279034928645,
    "137": 0,
    "138": 0.2686037484751026,
    "139": 0.2554890219560878,
    "140": 0.30386798402354426,
    "141": 0.2731731240804316,
    "142": 0.06798438114840936,
    "143": 0.04227753153767474,
    "144": 0,
    "145": 0.13218174990612092,
    "146": 0.0026935441828134505,
    "147": 0.029597830998644374,
    "148": 0.0005204460966542751,
    "149": 0.11678165584415584,
    "150": 0.3447022644674308,
    "151": 0.11568990142592896,
    "152": 0.16951438848920863,
    "153": 0.21464215364412345,
    "154": 0,
    "155": 0.22682652075957516,
    "156": 0.34230890713834494,
    "157": 0.0011084016847705607,
    "158": 0.16962948167382402,
    "159": 0,
    "160": 0.17955377169165387,
    "161": 0.015117581187010079,
    "162": 0.14531936465021966,
    "163": 0.20422857142857143,
    "164": 0.22860060128197857,
    "165": 0.3203427871862885,
    "166": 0.32726484612050283,
    "167": 0,
    "168": 0.27203590574741304,
    "169": 0.06894329896907217,
    "170": 0.2626738705598345,
    "171": 0.2632062471290767,
    "172": 0.2598184280483523,
    "173": 0.3067345783814375,
    "174": 0,
    "175": 0.3650110154215902,
    "176": 0.34797687861271676,
    "177": 0.22964876033057852,
    "178": 0.3002776235424764,
    "179": 0.13299292097017523,
    "180": 0.3607482185273159,
    "181": 0.05677146983668481,
    "182": 0.07329112565725936,
    "183": 0,
    "184": 0.015475395234914273,
    "185": 0.22884425419822194,
    "186": 0.3219178082191781,
    "187": 0,
    "188": 0.17877860985128152,
    "189": 0.16247204460263961,
    "190": 0.2897776809067132,
    "191": 0.3249280099618647,
    "193": 0.23440285204991088,
    "194": 0.34113535267951706,
    "195": 0.067420814479638,
    "196": 0.28536091747245335
}