{
    "0": 0.0038543977738502615,
    "1": 0.21357863279790812,
    "2": 0.24514014466546113,
    "3": 0.23141206832985128,
    "4": 0,
    "5": 0.1628142554563035,
    "6": 0.1965411346371424,
    "7": 0.20520511689457432,
    "8": 0.194005212858384,
    "9": 0.19935197817189632,
    "10": 0.2607904946653734,
    "11": 0.13977002379064235,
    "12": 0.24574303405572756,
    "13": 0.17708540054243566,
    "14": 0.23792486583184258,
    "15": 0.26590330788804073,
    "16": 0,
    "17": 0.16093092349591484,
    "18": 0,
    "19": 0.2553840631730079,
    "20": 0.25262069983759045,
    "21": 0.15246040382057793,
    "22": 0.06881405563689605,
    "23": 0.10635084358653209,
    "24": 0,
    "25": 0,
    "26": 0.026879162702188392,
    "27": 0.19242454932145028,
    "28": 0.22443487621097954,
    "29": 0.2608695652173913,
    "30": 0.19841470613036513,
    "31": 0,
    "32": 0.0973168654173765,
    "33": 0,
    "34": 0.14985272459499263,
    "35": 0,
    "36": 0.007353857659229714,
    "37": 0.20869463323177878,
    "38": 0.2274019329164298,
    "39": 0.22564102564102564,
    "40": 0.17287917737789202,
    "41": 0.21012514220705347,
    "42": 0.30388612742882964,
    "43": 0,
    "44": 0.2434769643655882,
    "45": 0.2503939075630252,
    "46": 0.19046389534383337,
    "47": 0.18549913587359065,
    "48": 0.01998572448251249,
    "49": 0.23752886836027715,
    "50": 0.20516047828823158,
    "51": 0.12033022509948328,
    "52": 0.20979869027407227,
    "53": 0.21554347826086956,
    "54": 0,
    "55": 0.2520655560070432,
    "56": 0.24177726485862666,
    "57": 0.2403504316912138,
    "58": 0.19682354897721605,
    "59": 0,
    "60": 0.23512747875354106,
    "61": 0.203125,
    "62": 0.21746954595791806,
    "63": 0.225670913526701,
    "64": 0.2021975765044157,
    "65": 0.039898022569624186,
    "66": 0.00024771828238335955,
    "67": 0.16917778734395178,
    "68": 0.17455492835432046,
    "69": 0.01411198543278923,
    "70": 0.18523056359991089,
    "71": 0,
    "72": 0.046313348339131026,
    "73": 0,
    "74": 0.25067471027147165,
    "75": 0.18308227114716108,
    "76": 0.19698132514709643,
    "77": 0.30633217470152635,
    "78": 0.19377224199288257,
    "79": 0.20372938819540762,
    "80": 0.18144651750538912,
    "81": 0.07652582159624413,
    "82": 0.17517084282460138,
    "83": 0.13540794979079498,
    "84": 0.24646983311938384,
    "85": 0,
    "86": 0.1176599956014955,
    "87": 0.25692090395480227,
    "88": 0.2025458629726694,
    "89": 0.22919677885608095,
    "90": 0.16866340243775393,
    "91": 0,
    "92": 0.22365950344252034,
    "93": 0.0006865747633631363,
    "94": 0.25809022796110315,
    "95": 0.22806331835059604,
    "96": 0.30386121992165643,
    "97": 0,
    "98": 0.003548941041785919,
    "99": 0.2487852283770651,
    "100": 0.027612473220661748,
    "101": 0.20817324484806146,
    "102": 0.0018580676096859267,
    "103": 0.2436846434026554,
    "104": 0.2414379919166135,
    "105": 0,
    "106": 0.13687015503875968,
    "107": 0.14345549738219895,
    "108": 0.2289025715320536,
    "109": 0.22546652030735456,
    "110": 0.21638081034054188,
    "111": 8.530078002824404e-05,
    "112": 0.4291497975708502,
    "113": 0.25367341280842803,
    "114": 0.19817382482245519,
    "115": 0.2656782802075612,
    "116": 0.18102807903729015,
    "117": 0.21473660048203833,
    "118": 0.2628023876845743,
    "119": 0.10926193921852388,
    "120": 0.2782700700965481,
    "121": 0.05446767710292436,
    "122": 0.17349176037909328,
    "123": 0.19881358978968183,
    "124": 0.16738197424892703,
    "125": 0.2537393882226115,
    "126": 0.05256992238980817,
    "127": 0.17291364671774695,
    "128": 0.2551848512173129,
    "129": 0.28071672354948807,
    "130": 0.24869874317633617,
    "131": 0.24744897959183673,
    "132": 0.2054380664652568,
    "133": 0.1959719204412502,
    "134": 0.16724496877168632,
    "135": 0.0019886363636363634,
    "136": 0.005832382401420058,
    "137": 0,
    "138": 0.281634066124286,
    "139": 0.2478139534883721,
    "140": 0.2503584743332377,
    "141": 0.23855193840334998,
    "142": 0.05076638032676436,
    "143": 0.07238280301190186,
    "144": 0,
    "145": 0.1479147914791479,
    "146": 0.004339368547059704,
    "147": 0.053041362530413624,
    "148": 0.0006194042457345571,
    "149": 0.15033723819666311,
    "150": 0.23564553601062063,
    "151": 0.0691660509569321,
    "152": 0.17991551459293395,
    "153": 0.1541788969565889,
    "154": 0,
    "155": 0.14882352941176472,
    "156": 0.20602327173169063,
    "157": 0.002145922746781116,
    "158": 0.11707262319003255,
    "159": 0,
    "160": 0.22720348204570184,
    "161": 0.03033980582524272,
    "162": 0.12428884026258205,
    "163": 0.19158361018826134,
    "164": 0.14703145356411687,
    "165": 0.22054303278688525,
    "166": 0.24899540757749714,
    "167": 0,
    "168": 0.2806364951436247,
    "169": 0.053491598581778946,
    "170": 0.2514692787177204,
    "171": 0.2512428977272727,
    "172": 0.1396493695684935,
    "173": 0.24932421688662745,
    "174": 0,
    "175": 0.24687950072011522,
    "176": 0.2697072838665759,
    "177": 0.19393848910122424,
    "178": 0.22324528301886792,
    "179": 0.23329312424607962,
    "180": 0.2374970650387415,
    "181": 0.07892976588628763,
    "182": 0.10125282398849866,
    "183": 0,
    "184": 0.026879162702188392,
    "185": 0.2552278820375335,
    "186": 0.19858303813294437,
    "187": 0,
    "188": 0.21653894136517554,
    "189": 0.09305214870504284,
    "190": 0.259748427672956,
    "191": 0.2052563550193882,
    "192": 0.23440285204991088,
    "194": 0.2589947816533919,
    "195": 0.096012832263978,
    "196": 0.2472204054937868
}