{
    "0": 0.004806312769010043,
    "1": 0.3445425511929363,
    "2": 0.35335195530726254,
    "3": 0.381504285886756,
    "4": 0,
    "5": 0.21689172188207667,
    "6": 0.3395654370894391,
    "7": 0.36266272735666144,
    "8": 0.3495269286754003,
    "9": 0.25248481501932635,
    "10": 0.4133924293243891,
    "11": 0.16526162790697674,
    "12": 0.3810229799851742,
    "13": 0.3007118667496026,
    "14": 0.2380813529669048,
    "15": 0.3448890106878597,
    "16": 0,
    "17": 0.1316988841741317,
    "18": 0,
    "19": 0.28361996053002536,
    "20": 0.5174372731576455,
    "21": 0.2806994985212807,
    "22": 0.05170863309352518,
    "23": 0.20557008161001505,
    "24": 0,
    "25": 0,
    "26": 0.021809133489461358,
    "27": 0.3782450118000429,
    "28": 0.33756218905472635,
    "29": 0.3620119126406353,
    "30": 0.34800598644246855,
    "31": 0,
    "32": 0.09493127147766323,
    "33": 0,
    "34": 0.1826587220053421,
    "35": 0,
    "36": 0.0073949265187681365,
    "37": 0.30623365300784655,
    "38": 0.37810268616116965,
    "39": 0.31300138312586445,
    "40": 0.19092307692307692,
    "41": 0.21487758945386065,
    "42": 0.19874715261958997,
    "43": 0,
    "44": 0.3349584925550138,
    "45": 0.3265091249415068,
    "46": 0.3256981763721258,
    "47": 0.3224573030843742,
    "48": 0.012465574720974055,
    "49": 0.343913612565445,
    "50": 0.30777274311606834,
    "51": 0.16205444849845635,
    "52": 0.14824920418371987,
    "53": 0.3065270435136234,
    "54": 0,
    "55": 0.525479126429951,
    "56": 0.365802070577758,
    "57": 0.4234825102880658,
    "58": 0.3383594692400482,
    "59": 0,
    "60": 0.29484686436558094,
    "61": 0.3363406712378203,
    "62": 0.3207286432160804,
    "63": 0.3630278063851699,
    "64": 0.3014878621769773,
    "65": 0.07251289413516245,
    "66": 0.00030334513851497385,
    "67": 0.18201284796573874,
    "68": 0.1759175007582651,
    "69": 0.015024205664681987,
    "70": 0.3262114537444934,
    "71": 0,
    "72": 0.06415471823941314,
    "73": 0,
    "74": 0.26507237256135935,
    "75": 0.24447717231222385,
    "76": 0.28674101610904584,
    "77": 0.46961566352429296,
    "78": 0.3283230713509598,
    "79": 0.32644224053638776,
    "80": 0.31931136558385914,
    "81": 0.07198677487225728,
    "82": 0.31234137055837563,
    "83": 0.25194964349376114,
    "84": 0.26269874771352186,
    "85": 0,
    "86": 0.11726287665132848,
    "87": 0.514670296430732,
    "88": 0.3426294820717131,
    "89": 0.1886020595288475,
    "90": 0.21937216408926752,
    "91": 0,
    "92": 0.3745251160827353,
    "93": 0.0008769608769608769,
    "94": 0.4830140074062148,
    "95": 0.21677729134303064,
    "96": 0.3107004727116459,
    "97": 0,
    "98": 0.003062921151658353,
    "99": 0.26303014818599896,
    "100": 0.02502576181363168,
    "101": 0.34615384615384615,
    "102": 0.0021173311299318323,
    "103": 0.5257112328035262,
    "104": 0.22074824862125503,
    "105": 0,
    "106": 0.23097345132743363,
    "107": 0.2574231637437055,
    "108": 0.21324309978768577,
    "109": 0.32854465958775764,
    "110": 0.3485209923664122,
    "111": 7.392963746754026e-05,
    "112": 0.25907217865213344,
    "113": 0.3848761408083442,
    "114": 0.36046928174816406,
    "115": 0.31707011162674026,
    "116": 0.3208209770563446,
    "117": 0.3536104539822012,
    "118": 0.3319034852546917,
    "119": 0.1146430432516936,
    "120": 0.3755294687159627,
    "121": 0.08896157578807376,
    "122": 0.3091463868423011,
    "123": 0.25327196893427295,
    "124": 0.10388628459095721,
    "125": 0.4850333380621365,
    "126": 0.0848211110320791,
    "127": 0.29897055647541576,
    "128": 0.5447394296951819,
    "129": 0.3579496090356212,
    "130": 0.6557167915802902,
    "131": 0.39621663643430943,
    "132": 0.36063040791100126,
    "133": 0.3156076184055284,
    "134": 0.13897691263014939,
    "135": 0.0020953378732320588,
    "136": 0.006161721490188643,
    "137": 0,
    "138": 0.3440782846452727,
    "139": 0.21717643916121276,
    "140": 0.566936790923825,
    "141": 0.3417705889616002,
    "142": 0.08304509668280792,
    "143": 0.05879692446856626,
    "144": 0,
    "145": 0.1826830443159923,
    "146": 0.0036274405206444043,
    "147": 0.04090773365183637,
    "148": 0.0005756449840389346,
    "149": 0.16200158436757328,
    "150": 0.3558360971434685,
    "151": 0.11707877809572725,
    "152": 0.2483170134638923,
    "153": 0.25495924957711824,
    "154": 0,
    "155": 0.31405803024111156,
    "156": 0.3415425065731814,
    "157": 0.0013054830287206266,
    "158": 0.1978518937252685,
    "159": 0,
    "160": 0.2094359594737638,
    "161": 0.021079009433962265,
    "162": 0.1795241528478731,
    "163": 0.2397677793904209,
    "164": 0.26237783962203093,
    "165": 0.3622991347342398,
    "166": 0.5099938499384994,
    "167": 0,
    "168": 0.3005464480874317,
    "169": 0.0849590469099032,
    "170": 0.3264579314438344,
    "171": 0.3246158392434988,
    "172": 0.25043960142803856,
    "173": 0.3520730850316233,
    "174": 0,
    "175": 0.5562064156206415,
    "176": 0.35439795046968403,
    "177": 0.32412750755702113,
    "178": 0.33094303883101067,
    "179": 0.14866262745677553,
    "180": 0.5412005457025921,
    "181": 0.07722685388328214,
    "182": 0.1064795122642847,
    "183": 0,
    "184": 0.021809133489461358,
    "185": 0.2557950386335909,
    "186": 0.3498628402616586,
    "187": 0,
    "188": 0.22544914223963258,
    "189": 0.14769520225776106,
    "190": 0.35694482949819795,
    "191": 0.33908298864736425,
    "192": 0.34113535267951706,
    "193": 0.2589947816533919,
    "195": 0.09845501363223266,
    "196": 0.3587177255584566
}