{
    "0": 0.00285099086885442,
    "1": 0.06937664288396546,
    "2": 0.07892914839603046,
    "3": 0.08897563602099878,
    "4": 0,
    "5": 0.0584086619648356,
    "6": 0.06743474057363841,
    "7": 0.06646659016682849,
    "8": 0.06823821339950373,
    "9": 0.11256671518680253,
    "10": 0.08256880733944955,
    "11": 0.19137353433835846,
    "12": 0.08112216694306247,
    "13": 0.046789164614510326,
    "14": 0.11695062084897488,
    "15": 0.0944954128440367,
    "16": 0,
    "17": 0.14742451154529307,
    "18": 0,
    "19": 0.10251716247139588,
    "20": 0.10124637186272836,
    "21": 0.04928486293206198,
    "22": 0.1634446397188049,
    "23": 0.032027452101801544,
    "24": 0,
    "25": 0,
    "26": 0.08196721311475409,
    "27": 0.0801720335244817,
    "28": 0.10694931463181384,
    "29": 0.09526970954356846,
    "30": 0.060322499791127075,
    "31": 0,
    "32": 0.16075268817204302,
    "33": 0,
    "34": 0.0840138190954774,
    "35": 0,
    "36": 0.006909164803901646,
    "37": 0.08656873032528856,
    "38": 0.08041410858312267,
    "39": 0.11423220973782772,
    "40": 0.22119815668202766,
    "41": 0.0556084782090974,
    "42": 0.09698795180722891,
    "43": 0,
    "44": 0.10782391730529317,
    "45": 0.08826037521318932,
    "46": 0.06602862411098429,
    "47": 0.05938871862834424,
    "48": 0.0213857998289136,
    "49": 0.07328408007626311,
    "50": 0.1099833358582033,
    "51": 0.03693164618272083,
    "52": 0.12263715998155832,
    "53": 0.06563488477180299,
    "54": 0,
    "55": 0.09271128335072291,
    "56": 0.07502666824700722,
    "57": 0.0994646379261764,
    "58": 0.06092333058532564,
    "59": 0,
    "60": 0.07401524777636595,
    "61": 0.06032503091326621,
    "62": 0.10949645150388645,
    "63": 0.10856958762886598,
    "64": 0.0704683434518647,
    "65": 0.012394056979475135,
    "66": 0.00020628535611993113,
    "67": 0.23349282296650717,
    "68": 0.18044444444444444,
    "69": 0.01097925244207637,
    "70": 0.10163029187483566,
    "71": 0,
    "72": 0.014010668253931916,
    "73": 0,
    "74": 0.0980838550559666,
    "75": 0.10500963391136801,
    "76": 0.051492100643651256,
    "77": 0.1051022050539192,
    "78": 0.06842682258359219,
    "79": 0.134521536176533,
    "80": 0.05359877488514548,
    "81": 0.20287539936102236,
    "82": 0.0576219512195122,
    "83": 0.04371078885117762,
    "84": 0.10268180719980671,
    "85": 0,
    "86": 0.2603331276989513,
    "87": 0.09387755102040816,
    "88": 0.10527101687322682,
    "89": 0.10523057876818323,
    "90": 0.0671038763321232,
    "91": 0,
    "92": 0.07410580424073678,
    "93": 0.0005137324639399328,
    "94": 0.11297474455369193,
    "95": 0.11256768310059846,
    "96": 0.11083798882681564,
    "97": 0,
    "98": 0.004468275245755138,
    "99": 0.11086607858861267,
    "100": 0.09692451071761417,
    "101": 0.0638591646530894,
    "102": 0.0019199527396248708,
    "103": 0.08004881025015254,
    "104": 0.1320754716981132,
    "105": 0,
    "106": 0.10163398692810457,
    "107": 0.07066929133858267,
    "108": 0.09097490347490347,
    "109": 0.06805869074492099,
    "110": 0.08919527293190771,
    "111": 7.815629304702077e-05,
    "112": 0.09156575313363076,
    "113": 0.08429176755447942,
    "114": 0.07356223175965665,
    "115": 0.08378070603546445,
    "116": 0.05351414406532517,
    "117": 0.09857161240509586,
    "118": 0.0905653583003241,
    "119": 0.11202185792349727,
    "120": 0.07839978520606793,
    "121": 0.025084851558537822,
    "122": 0.05287692200654004,
    "123": 0.17567962584039754,
    "124": 0.11669555170421722,
    "125": 0.08589762286714306,
    "126": 0.024441340782122904,
    "127": 0.054481308094171926,
    "128": 0.10445145460918331,
    "129": 0.10076121794871795,
    "130": 0.08612505086125051,
    "131": 0.10087323095453177,
    "132": 0.07989745780816065,
    "133": 0.055628703094140884,
    "134": 0.14937965260545905,
    "135": 0.0017159266003641967,
    "136": 0.006080939400293563,
    "137": 0,
    "138": 0.11482953357038277,
    "139": 0.0915032679738562,
    "140": 0.09931170108161258,
    "141": 0.1083320306393622,
    "142": 0.022974264575737195,
    "143": 0.1769297484822203,
    "144": 0,
    "145": 0.1175146330481765,
    "146": 0.007925275969431078,
    "147": 0.16762452107279693,
    "148": 0.0004941627030699858,
    "149": 0.12853702588801927,
    "150": 0.07308257087992771,
    "151": 0.02056153289611875,
    "152": 0.21195652173913043,
    "153": 0.059315157416423236,
    "154": 0,
    "155": 0.10923151280811987,
    "156": 0.06081989247311828,
    "157": 0.006692160611854685,
    "158": 0.04275671314970612,
    "159": 0,
    "160": 0.12539851222104145,
    "161": 0.0947265625,
    "162": 0.060979303382130236,
    "163": 0.1209954233409611,
    "164": 0.049258638873379244,
    "165": 0.09787422497785651,
    "166": 0.09917763157894736,
    "167": 0,
    "168": 0.11135795612329909,
    "169": 0.024963048119559864,
    "170": 0.13045552110660624,
    "171": 0.13004271476032273,
    "172": 0.03887949770586815,
    "173": 0.10538506079907353,
    "174": 0,
    "175": 0.08247681123088493,
    "176": 0.07910808123846044,
    "177": 0.13054187192118227,
    "178": 0.10226634201161267,
    "179": 0.10450227178851715,
    "180": 0.08127470355731226,
    "181": 0.24543462381300218,
    "182": 0.1457238413760153,
    "183": 0,
    "184": 0.08196721311475409,
    "185": 0.07710738401219777,
    "186": 0.08257610177192186,
    "187": 0,
    "188": 0.1097530556248441,
    "189": 0.02498536615422533,
    "190": 0.1273603082851638,
    "191": 0.06507054296707995,
    "192": 0.067420814479638,
    "193": 0.096012832263978,
    "194": 0.09845501363223266,
    "196": 0.1075487012987013
}