{
    "0": 0.004377666481172324,
    "1": 0.25678221552373776,
    "2": 0.29986260590794594,
    "3": 0.3077021005728835,
    "4": 0,
    "5": 0.16741405082212257,
    "6": 0.23555337904015672,
    "7": 0.28021211275467484,
    "8": 0.27372599704579026,
    "9": 0.2550403225806452,
    "10": 0.34405063291139243,
    "11": 0.1731126812941614,
    "12": 0.40794117647058825,
    "13": 0.21365742295037937,
    "14": 0.24253933803581118,
    "15": 0.32446976891421336,
    "16": 0,
    "17": 0.14568838288003375,
    "18": 0,
    "19": 0.3068022440392707,
    "20": 0.3471686468137633,
    "21": 0.19032337694396445,
    "22": 0.06049382716049383,
    "23": 0.14344074526573,
    "24": 0,
    "25": 0,
    "26": 0.02665589660743134,
    "27": 0.2836548883589855,
    "28": 0.29115310873733224,
    "29": 0.3212121212121212,
    "30": 0.27508264093629947,
    "31": 0,
    "32": 0.09553072625698324,
    "33": 0,
    "34": 0.16170311772917637,
    "35": 0,
    "36": 0.006812762575224254,
    "37": 0.25368593494032293,
    "38": 0.2969135078042483,
    "39": 0.31311962987442166,
    "40": 0.19104419241298395,
    "41": 0.1921552263717922,
    "42": 0.21010064701653486,
    "43": 0,
    "44": 0.2712544802867384,
    "45": 0.27630910015251653,
    "46": 0.2687494290673244,
    "47": 0.25499870163593874,
    "48": 0.013134328358208954,
    "49": 0.28617810760667906,
    "50": 0.2454308093994778,
    "51": 0.12195121951219512,
    "52": 0.18036482885837263,
    "53": 0.2610735326205542,
    "54": 0,
    "55": 0.33539412673879443,
    "56": 0.3080203767326146,
    "57": 0.3292033040234479,
    "58": 0.26101665510062455,
    "59": 0,
    "60": 0.28922815945716707,
    "61": 0.288859366103625,
    "62": 0.25925925925925924,
    "63": 0.3080708661417323,
    "64": 0.2292254941508673,
    "65": 0.05008098646742254,
    "66": 0.0002385220863757723,
    "67": 0.18132295719844357,
    "68": 0.1754148977228869,
    "69": 0.014444237802988036,
    "70": 0.23671769473210266,
    "71": 0,
    "72": 0.04767778251216613,
    "73": 0,
    "74": 0.2092507962886027,
    "75": 0.21096576676871695,
    "76": 0.25151329063952976,
    "77": 0.3515683068232496,
    "78": 0.24558529036956125,
    "79": 0.2906105531643552,
    "80": 0.25060846353144384,
    "81": 0.07672064777327935,
    "82": 0.24268117101263798,
    "83": 0.1865557258594263,
    "84": 0.26731992435963553,
    "85": 0,
    "86": 0.1160284779680585,
    "87": 0.34192037470725994,
    "88": 0.25631043576541507,
    "89": 0.2039461883408072,
    "90": 0.17877428998505232,
    "91": 0,
    "92": 0.3009178321678322,
    "93": 0.0008053197119256345,
    "94": 0.34167075363740396,
    "95": 0.2572164000735429,
    "96": 0.31372209724865896,
    "97": 0,
    "98": 0.0032559605083499633,
    "99": 0.24554102259215219,
    "100": 0.02855985416244683,
    "101": 0.24587719298245614,
    "102": 0.0018893850910340088,
    "103": 0.3139605279089478,
    "104": 0.22808334897691007,
    "105": 0,
    "106": 0.19354442808051056,
    "107": 0.19101423487544483,
    "108": 0.2536676902081201,
    "109": 0.2797327394209354,
    "110": 0.2944516129032258,
    "111": 6.585198355581896e-05,
    "112": 0.25970912577912736,
    "113": 0.3222849083215797,
    "114": 0.24551878662530163,
    "115": 0.30555152920713147,
    "116": 0.2516509433962264,
    "117": 0.26759420289855074,
    "118": 0.3011294261294261,
    "119": 0.11194272697689554,
    "120": 0.3071878616433072,
    "121": 0.0643403196898204,
    "122": 0.2360626531066736,
    "123": 0.22293531498057761,
    "124": 0.13168296234657792,
    "125": 0.33319415448851775,
    "126": 0.0611231884057971,
    "127": 0.2223805114324382,
    "128": 0.32340425531914896,
    "129": 0.3203434610303831,
    "130": 0.3352808391979817,
    "131": 0.31265339514589585,
    "132": 0.290891597177678,
    "133": 0.24678883370440144,
    "134": 0.16091954022988506,
    "135": 0.0020023411989402995,
    "136": 0.005653628706588208,
    "137": 0,
    "138": 0.3432399931283285,
    "139": 0.22633744855967078,
    "140": 0.3220338983050847,
    "141": 0.3080104784227216,
    "142": 0.05981877152506102,
    "143": 0.06890130353817504,
    "144": 0,
    "145": 0.16291502532357907,
    "146": 0.004422999597909127,
    "147": 0.04541734860883797,
    "148": 0.0005232718259432663,
    "149": 0.15924601884952877,
    "150": 0.3210912906610703,
    "151": 0.08183321747884657,
    "152": 0.24819322936477747,
    "153": 0.18932794026135658,
    "154": 0,
    "155": 0.22263450834879406,
    "156": 0.24887387387387389,
    "157": 0.0018072289156626507,
    "158": 0.1468984321745058,
    "159": 0,
    "160": 0.241708043694141,
    "161": 0.026552287581699346,
    "162": 0.1404135818228236,
    "163": 0.25190701053396297,
    "164": 0.18233402685833175,
    "165": 0.30125133120340786,
    "166": 0.34213685474189676,
    "167": 0,
    "168": 0.31662424123751715,
    "169": 0.06209523809523809,
    "170": 0.3327315399891677,
    "171": 0.32956584140653034,
    "172": 0.178687761749651,
    "173": 0.3128482725680624,
    "174": 0,
    "175": 0.33052975144363544,
    "176": 0.3172050277064468,
    "177": 0.2874101843174008,
    "178": 0.32072186164318506,
    "179": 0.17238001958863858,
    "180": 0.3252967359050445,
    "181": 0.07634470792365529,
    "182": 0.10759377859103385,
    "183": 0,
    "184": 0.02665589660743134,
    "185": 0.2528117359413203,
    "186": 0.27726675427069647,
    "187": 0,
    "188": 0.2028985507246377,
    "189": 0.10257710717342378,
    "190": 0.2921467556094603,
    "191": 0.2611589315822167,
    "192": 0.28536091747245335,
    "193": 0.2472204054937868,
    "194": 0.3587177255584566,
    "195": 0.1075487012987013
}