{
    "0": 0.004856046728648948,
    "1": 0.37665620641562064,
    "3": 0.354436842642704,
    "4": 0,
    "5": 0.21248054546802045,
    "6": 0.38934558349451964,
    "7": 0.3829841377555348,
    "8": 0.38650306748466257,
    "9": 0.23027790228597042,
    "10": 0.3734673366834171,
    "11": 0.1411042944785276,
    "12": 0.32002801120448177,
    "13": 0.32738212020142565,
    "14": 0.20160274756725816,
    "15": 0.30894854586129755,
    "16": 0,
    "17": 0.10020063731854124,
    "18": 0,
    "19": 0.2790451552210724,
    "20": 0.3053917890449137,
    "21": 0.2914319952067106,
    "22": 0.04078377762588289,
    "23": 0.22594415814168142,
    "24": 0,
    "25": 0,
    "26": 0.0182408236347359,
    "27": 0.3219044235210517,
    "28": 0.35395226625793735,
    "29": 0.3303385559329462,
    "30": 0.36104627766599595,
    "31": 0,
    "32": 0.07844006204298692,
    "33": 0,
    "34": 0.1814245316366207,
    "35": 0,
    "36": 0.008306559047096623,
    "37": 0.3445420075833167,
    "38": 0.3562615369668707,
    "39": 0.30932400932400933,
    "40": 0.15981952030396582,
    "41": 0.22439759036144577,
    "42": 0.17411419544120965,
    "43": 0,
    "44": 0.29588216320825717,
    "45": 0.36024121878967413,
    "46": 0.381109141554824,
    "47": 0.34844058428740626,
    "48": 0.010653645544334702,
    "49": 0.37487577022460744,
    "50": 0.34236789578737264,
    "51": 0.17195255760489053,
    "52": 0.1237594862813777,
    "53": 0.32589941262848754,
    "54": 0,
    "55": 0.33204552573874907,
    "56": 0.38038825286212047,
    "57": 0.39505100933362275,
    "58": 0.40570469798657716,
    "59": 0,
    "60": 0.2775506031486404,
    "61": 0.3813096862210095,
    "62": 0.3247232472324723,
    "63": 0.3935142594296228,
    "64": 0.2912106703146375,
    "65": 0.08624674565644759,
    "66": 0.0003209218667204024,
    "67": 0.1550865544225753,
    "68": 0.1438563767778037,
    "69": 0.013942140118508192,
    "70": 0.31136363636363634,
    "71": 0,
    "72": 0.07168644745660116,
    "73": 0,
    "74": 0.22217729707874254,
    "75": 0.21793839339641635,
    "76": 0.3289236790606654,
    "77": 0.4273238425649001,
    "78": 0.3453898361198477,
    "79": 0.28393398450656787,
    "80": 0.33629340841816474,
    "81": 0.05705465355591127,
    "82": 0.3464071856287425,
    "83": 0.31069798508293445,
    "84": 0.24617508340043714,
    "85": 0,
    "86": 0.09674471730439749,
    "87": 0.33013025838137944,
    "88": 0.29999005667694145,
    "89": 0.16893487796648296,
    "90": 0.21424529064596975,
    "91": 0,
    "92": 0.3590191036002939,
    "93": 0.0009003177154251955,
    "94": 0.308056338028169,
    "95": 0.19324980246077436,
    "96": 0.3119642641554992,
    "97": 0,
    "98": 0.0026554547466253594,
    "99": 0.2525122942056874,
    "100": 0.01916395830998543,
    "101": 0.35244574020084224,
    "102": 0.0020007444630560207,
    "103": 0.35664609658144775,
    "104": 0.18343949044585986,
    "105": 0,
    "106": 0.20780298837852795,
    "107": 0.23620093247104829,
    "108": 0.20026092628832354,
    "109": 0.3624808868501529,
    "110": 0.3147410358565737,
    "111": 0.00010875968640957086,
    "112": 0.2661390616167326,
    "113": 0.32610982537344835,
    "114": 0.37234390323635175,
    "115": 0.33586944536332564,
    "116": 0.33856956710583463,
    "117": 0.35706494794248883,
    "118": 0.33952897714153774,
    "119": 0.1004983388704319,
    "120": 0.35669315718856437,
    "121": 0.09215839299650504,
    "122": 0.3416284807895664,
    "123": 0.23168891468369124,
    "124": 0.0834967131818706,
    "125": 0.3280264654192081,
    "126": 0.08616764863417246,
    "127": 0.3404960961790921,
    "128": 0.29008282013166276,
    "129": 0.27833444667112,
    "130": 0.34187341772151897,
    "131": 0.3931528306108749,
    "132": 0.3679749401142436,
    "133": 0.3615878107457899,
    "134": 0.116695753344968,
    "135": 0.0020829907361727784,
    "136": 0.006724151570287161,
    "137": 0,
    "138": 0.323903482705337,
    "139": 0.19731281829017228,
    "140": 0.3087333474307465,
    "141": 0.35904979840906615,
    "142": 0.0868069670721411,
    "143": 0.04561563964787927,
    "144": 0,
    "145": 0.1735,
    "146": 0.0029552368535419385,
    "147": 0.031150883552333485,
    "148": 0.0007189607298690996,
    "149": 0.1472216308281882,
    "150": 0.3593705564508484,
    "151": 0.13778467657830273,
    "152": 0.21052003816793893,
    "153": 0.2782782782782783,
    "154": 0,
    "155": 0.3165220535068691,
    "156": 0.34292035398230086,
    "157": 0.0014415613218008428,
    "158": 0.21403471408795655,
    "159": 0,
    "160": 0.1877911838490025,
    "161": 0.01696629213483146,
    "162": 0.1818895950867671,
    "163": 0.22031323048153342,
    "164": 0.29258962176837167,
    "165": 0.37603485838779954,
    "166": 0.3222054706009046,
    "167": 0,
    "168": 0.23723366265920723,
    "169": 0.08582402234636871,
    "170": 0.2907877487784531,
    "171": 0.2899928690278108,
    "172": 0.26216229813352115,
    "173": 0.2846450192625206,
    "174": 0,
    "175": 0.3594309590131317,
    "176": 0.31815877522052116,
    "177": 0.27067423085315295,
    "178": 0.3159741877051964,
    "179": 0.13032928942807626,
    "180": 0.35107632093933466,
    "181": 0.0651708197090991,
    "182": 0.08520424926076005,
    "183": 0,
    "184": 0.018356839041862548,
    "185": 0.20407081522315276,
    "186": 0.40217606330365974,
    "187": 0,
    "188": 0.19142765066065098,
    "189": 0.16916420094810855,
    "190": 0.3221415607985481,
    "191": 0.36386602558878656,
    "192": 0.3350018539117538,
    "193": 0.24514014466546113,
    "194": 0.35335195530726254,
    "195": 0.07892914839603046,
    "196": 0.29986260590794594
}