{
    "0": 0.004532299459400426,
    "1": 0.2863966198218058,
    "2": 0.3053917890449137,
    "3": 0.3425698871996076,
    "4": 0,
    "5": 0.19886363636363635,
    "6": 0.268385018123238,
    "7": 0.30147455493616254,
    "8": 0.3022062134173796,
    "9": 0.2429353454653055,
    "10": 0.37803538743136056,
    "11": 0.1617999042604117,
    "12": 0.35445620298355224,
    "13": 0.2517520215633423,
    "14": 0.2273155416012559,
    "15": 0.3380569758948137,
    "16": 0,
    "17": 0.1333803810868031,
    "18": 0,
    "19": 0.2858893825647311,
    "21": 0.22840619364467385,
    "22": 0.056097143834445015,
    "23": 0.16912415784408086,
    "24": 0,
    "25": 0,
    "26": 0.023893065998329157,
    "27": 0.3204653622421999,
    "28": 0.304864036767522,
    "29": 0.33374451754385964,
    "30": 0.3034747686397765,
    "31": 0,
    "32": 0.09219519949133682,
    "33": 0,
    "34": 0.1704239024916406,
    "35": 0,
    "36": 0.007731434384537131,
    "37": 0.26450905101481076,
    "38": 0.32224719101123595,
    "39": 0.3032581453634085,
    "40": 0.19014443500424807,
    "41": 0.20908820908820908,
    "42": 0.2033924925396576,
    "43": 0,
    "44": 0.3023634881825591,
    "45": 0.29457549994012694,
    "46": 0.2851624231782265,
    "47": 0.2747068676716918,
    "48": 0.013049223653782622,
    "49": 0.3077263181165027,
    "50": 0.26078843013762537,
    "51": 0.14267134132549197,
    "52": 0.15850736049298186,
    "53": 0.27475477542591636,
    "54": 0,
    "55": 0.4946220036877689,
    "56": 0.3329177057356609,
    "57": 0.36193029490616624,
    "58": 0.2857142857142857,
    "59": 0,
    "60": 0.29243937232524964,
    "61": 0.2942233402210044,
    "62": 0.28887165568049633,
    "63": 0.3126538013210724,
    "64": 0.2723743155798905,
    "65": 0.05919922361673945,
    "66": 0.00029005862237420615,
    "67": 0.17643108947456773,
    "68": 0.17091454272863568,
    "69": 0.014095992544268406,
    "70": 0.27185419622394413,
    "71": 0,
    "72": 0.056102888730385166,
    "73": 0,
    "74": 0.238817682448339,
    "75": 0.2288891762575973,
    "76": 0.26164154103852594,
    "77": 0.4043076033535704,
    "78": 0.2790635331963185,
    "79": 0.2936071738501591,
    "80": 0.27267156862745096,
    "81": 0.07102993404363267,
    "82": 0.25824897612240166,
    "83": 0.20596337708637175,
    "84": 0.2536997885835095,
    "85": 0,
    "86": 0.11636363636363636,
    "87": 0.48749803428211985,
    "88": 0.30151737640724424,
    "89": 0.19802445907808092,
    "90": 0.19537616069736594,
    "91": 0,
    "92": 0.3271923360353721,
    "93": 0.0008064761556955477,
    "94": 0.45684423465947405,
    "95": 0.23512658227848102,
    "96": 0.300428527701255,
    "97": 0,
    "98": 0.003311884935654807,
    "99": 0.2551423511783136,
    "100": 0.025460636515912898,
    "101": 0.2936110378767906,
    "102": 0.00216134435618955,
    "103": 0.464608834486429,
    "104": 0.23311148086522462,
    "105": 0,
    "106": 0.20282106700034125,
    "107": 0.22258036414321805,
    "108": 0.22781456953642384,
    "109": 0.29282931452037486,
    "110": 0.3170761520596504,
    "111": 6.52048363358608e-05,
    "112": 0.25078191640602787,
    "113": 0.3484585613239023,
    "114": 0.2933702135015991,
    "115": 0.303194297782471,
    "116": 0.272177573670111,
    "117": 0.29830243466607104,
    "118": 0.2979693327807708,
    "119": 0.11220556745182013,
    "120": 0.34492177799851004,
    "121": 0.07707052441229656,
    "122": 0.26126257471934683,
    "123": 0.2349434423723632,
    "124": 0.1111111111111111,
    "125": 0.46675571386168,
    "126": 0.07319517520312109,
    "127": 0.2507036307345905,
    "128": 0.44208524797971793,
    "129": 0.35161940182860685,
    "130": 0.5029420417769932,
    "131": 0.34970530451866405,
    "132": 0.3069952143366256,
    "133": 0.28105734312980324,
    "134": 0.1412200876306033,
    "135": 0.002089115707165667,
    "136": 0.006394389438943895,
    "137": 0,
    "138": 0.3221415607985481,
    "139": 0.22647058823529412,
    "140": 0.4747346744812292,
    "141": 0.31667092815136794,
    "142": 0.071475843812045,
    "143": 0.0640275387263339,
    "144": 0,
    "145": 0.17044145873320538,
    "146": 0.004230317273795535,
    "147": 0.043574468085106385,
    "148": 0.0007497255468980105,
    "149": 0.15502214602086012,
    "150": 0.3269608914135897,
    "151": 0.0952906725553262,
    "152": 0.23902600629451715,
    "153": 0.2209936266605237,
    "154": 0,
    "155": 0.25182008576842524,
    "156": 0.2943621719927254,
    "157": 0.001657550140891762,
    "158": 0.16802152828390424,
    "159": 0,
    "160": 0.21462105969148224,
    "161": 0.024312004052000676,
    "162": 0.1592174197773412,
    "163": 0.2330768022616617,
    "164": 0.21654040404040403,
    "165": 0.3129268595554452,
    "166": 0.4802810154877854,
    "167": 0,
    "168": 0.30666208791208793,
    "169": 0.07420627465714823,
    "170": 0.30970384373030874,
    "171": 0.30807843137254903,
    "172": 0.21025801081980858,
    "173": 0.35633931286105197,
    "174": 0,
    "175": 0.47389229720518067,
    "176": 0.33152036428029347,
    "177": 0.2915422885572139,
    "178": 0.3167000285959394,
    "179": 0.15281899109792285,
    "180": 0.47820181991036265,
    "181": 0.07429784454604833,
    "182": 0.10655737704918032,
    "183": 0,
    "184": 0.023893065998329157,
    "185": 0.25565345080763585,
    "186": 0.2870265249251729,
    "187": 0,
    "188": 0.21608695652173912,
    "189": 0.12136632529737294,
    "190": 0.32425848975497923,
    "191": 0.29408686551543695,
    "192": 0.30997304582210244,
    "193": 0.25262069983759045,
    "194": 0.5174372731576455,
    "195": 0.10124637186272836,
    "196": 0.3471686468137633
}