{
    "0": 0.004438405797101449,
    "1": 0.31431345670550603,
    "2": 0.2914319952067106,
    "3": 0.276490577695397,
    "4": 0,
    "5": 0.22721768886549093,
    "6": 0.3263723150357995,
    "7": 0.38003734714776216,
    "8": 0.3534361851332398,
    "9": 0.14583584428106544,
    "10": 0.27173132183908044,
    "11": 0.09024946030223074,
    "12": 0.2413586891520153,
    "13": 0.31609278899704585,
    "14": 0.13838927004141172,
    "15": 0.21209667372617416,
    "16": 0,
    "17": 0.06163430714328918,
    "18": 0,
    "19": 0.15534568349679137,
    "20": 0.22840619364467385,
    "22": 0.024689186019235282,
    "23": 0.32408399400042853,
    "24": 0,
    "25": 0,
    "26": 0.01046242774566474,
    "27": 0.2811520148647079,
    "28": 0.27982843774369637,
    "29": 0.2518031531244016,
    "30": 0.34148545608585146,
    "31": 0,
    "32": 0.045512449334105386,
    "33": 0,
    "34": 0.12172460590875875,
    "35": 0,
    "36": 0.00716624744910066,
    "37": 0.25255526503446635,
    "38": 0.29307087573892376,
    "39": 0.19225990806311344,
    "40": 0.09522938018545632,
    "41": 0.17248953974895398,
    "42": 0.10980580196595541,
    "43": 0,
    "44": 0.2459016393442623,
    "45": 0.2253529411764706,
    "46": 0.3407615875021538,
    "47": 0.3243064364899895,
    "48": 0.00796444854850811,
    "49": 0.2656930867977859,
    "50": 0.25679777020749456,
    "51": 0.22348500911750985,
    "52": 0.07253854922901543,
    "53": 0.2400201838977349,
    "54": 0,
    "55": 0.26942775845716094,
    "56": 0.27616780720023804,
    "57": 0.34010529157667385,
    "58": 0.32504401408450706,
    "59": 0,
    "60": 0.18895891690009337,
    "61": 0.3152551878855861,
    "62": 0.20032051282051283,
    "63": 0.2828646173969915,
    "64": 0.31797178988326846,
    "65": 0.127792497921862,
    "66": 0.0002949624625151871,
    "67": 0.09371184371184371,
    "68": 0.09782341367437285,
    "69": 0.011230417180073931,
    "70": 0.23548387096774193,
    "71": 0,
    "72": 0.10313133499970478,
    "73": 0,
    "74": 0.20222841225626742,
    "75": 0.142330801496429,
    "76": 0.27802619811668156,
    "77": 0.3271506678662883,
    "78": 0.28833953183110916,
    "79": 0.20166907197088535,
    "80": 0.3408449203558681,
    "81": 0.03258189503346249,
    "82": 0.3226182898366221,
    "83": 0.3581031644411926,
    "84": 0.1351560178306092,
    "85": 0,
    "86": 0.06242167452407949,
    "87": 0.2521040070342922,
    "88": 0.24754288504975278,
    "89": 0.09814323607427056,
    "90": 0.22482344436412166,
    "91": 0,
    "92": 0.30624628197501486,
    "93": 0.0009315486821738003,
    "94": 0.2146044114874631,
    "95": 0.12256938173499489,
    "96": 0.1917062361506806,
    "97": 0,
    "98": 0.0019138755980861245,
    "99": 0.20499309998745452,
    "100": 0.012236849736124805,
    "101": 0.33367300724637683,
    "102": 0.0014720642355302777,
    "103": 0.2918221297938712,
    "104": 0.12637192286228066,
    "105": 0,
    "106": 0.1441358359553,
    "107": 0.2238952706198903,
    "108": 0.12912380276693863,
    "109": 0.2587492828456684,
    "110": 0.2190149843187362,
    "111": 0.0002527401241796477,
    "112": 0.1629522256447424,
    "113": 0.23565673828125,
    "114": 0.3691130068949398,
    "115": 0.2073251275893125,
    "116": 0.3438836612489307,
    "117": 0.30802139037433157,
    "118": 0.19476744186046513,
    "119": 0.06039515042658285,
    "120": 0.24947538821272258,
    "121": 0.09786000276128676,
    "122": 0.3426095128700465,
    "123": 0.16948180253680922,
    "124": 0.050341753343239225,
    "125": 0.24799362862218954,
    "126": 0.09255417872154593,
    "127": 0.3563765764822858,
    "128": 0.2299347880611989,
    "129": 0.18513530059997552,
    "130": 0.2913425662429647,
    "131": 0.33490953947368424,
    "132": 0.3472878825578502,
    "133": 0.28826880472623695,
    "134": 0.06810978891347247,
    "135": 0.0019168189720501047,
    "136": 0.005915183895434814,
    "137": 0,
    "138": 0.18497323241646668,
    "139": 0.12155923090409677,
    "140": 0.2493675689349861,
    "141": 0.2493643410852713,
    "142": 0.09405313122429447,
    "143": 0.026586067257468163,
    "144": 0,
    "145": 0.10487885828078328,
    "146": 0.001909835653616123,
    "147": 0.018490433971068594,
    "148": 0.0016655699950649779,
    "149": 0.08462238398544131,
    "150": 0.2921120200632949,
    "151": 0.19236270347583265,
    "152": 0.13952902657096083,
    "153": 0.2160148091892918,
    "154": 0,
    "155": 0.31349889353331695,
    "156": 0.2905146746065504,
    "157": 0.0009189065012634965,
    "158": 0.1936741767764298,
    "159": 0,
    "160": 0.10484115896252202,
    "161": 0.009081443776029615,
    "162": 0.13730125619987948,
    "163": 0.12775623939907924,
    "164": 0.24639838857993607,
    "165": 0.29596879063719117,
    "166": 0.2407986980470706,
    "167": 0,
    "168": 0.14979681150359486,
    "169": 0.09156279961649089,
    "170": 0.18985165849621188,
    "171": 0.19027618683976072,
    "172": 0.33255883998106794,
    "173": 0.20437729279363304,
    "174": 0,
    "175": 0.2901895617922206,
    "176": 0.24024132730015083,
    "177": 0.20417604401100276,
    "178": 0.2055167295441895,
    "179": 0.07834681042228211,
    "180": 0.29784733391067675,
    "181": 0.04251810847417702,
    "182": 0.05034311746727409,
    "183": 0,
    "184": 0.01046242774566474,
    "185": 0.15710043032911086,
    "186": 0.3463151207115629,
    "187": 0,
    "188": 0.1584844920448214,
    "189": 0.29504994170841603,
    "190": 0.2323439099283521,
    "191": 0.3390781790350927,
    "192": 0.2621465666474322,
    "193": 0.15246040382057793,
    "194": 0.2806994985212807,
    "195": 0.04928486293206198,
    "196": 0.19032337694396445
}