{
    "0": 0.0021735630333279666,
    "1": 0.036474726902425474,
    "2": 0.04078377762588289,
    "3": 0.045436428856117976,
    "4": 0,
    "5": 0.034561981819998006,
    "6": 0.03129902729839975,
    "7": 0.0334056399132321,
    "8": 0.03251257152765736,
    "9": 0.06686777275012569,
    "10": 0.04330225711481845,
    "11": 0.10043478260869565,
    "12": 0.04516486561374342,
    "13": 0.02483578354707538,
    "14": 0.07732755954222084,
    "15": 0.056388160359685274,
    "16": 0,
    "17": 0.15409054805401112,
    "18": 0,
    "19": 0.06884930187770823,
    "20": 0.056097143834445015,
    "21": 0.024689186019235282,
    "23": 0.015085295361624137,
    "24": 0,
    "25": 0,
    "26": 0.10294117647058823,
    "27": 0.03910131777921797,
    "28": 0.05385097056981841,
    "29": 0.05692695214105793,
    "30": 0.030670294335889192,
    "31": 0,
    "32": 0.10314465408805032,
    "33": 0,
    "34": 0.046073464217859406,
    "35": 0,
    "36": 0.006373776462554063,
    "37": 0.04628185127405096,
    "38": 0.042814549791293975,
    "39": 0.06439393939393939,
    "40": 0.11961722488038277,
    "41": 0.03570558128198879,
    "42": 0.08152173913043478,
    "43": 0,
    "44": 0.057320319432120674,
    "45": 0.04988629903354178,
    "46": 0.032686502802932296,
    "47": 0.029914180629342053,
    "48": 0.0449438202247191,
    "49": 0.040209374256483466,
    "50": 0.05413777843339725,
    "51": 0.02115279713922056,
    "52": 0.11079706048615037,
    "53": 0.03829545454545454,
    "54": 0,
    "55": 0.05017069912423928,
    "56": 0.04110074406519428,
    "57": 0.05163344407530454,
    "58": 0.030012978585334197,
    "59": 0,
    "60": 0.04604833442194644,
    "61": 0.03112976565232599,
    "62": 0.05358327803583278,
    "63": 0.05453683212140373,
    "64": 0.0411968777103209,
    "65": 0.005694500811688312,
    "66": 0.00016731867834179223,
    "67": 0.12648809523809523,
    "68": 0.12363996043521266,
    "69": 0.008560637851447755,
    "70": 0.0456158134820071,
    "71": 0,
    "72": 0.008062114930945238,
    "73": 0,
    "74": 0.061562439119423336,
    "75": 0.05319969159599075,
    "76": 0.028834099456748852,
    "77": 0.05966319165998396,
    "78": 0.03457876773845878,
    "79": 0.06523997506752545,
    "80": 0.027295642779978393,
    "81": 0.16593886462882096,
    "82": 0.027316270019458164,
    "83": 0.020721722430001012,
    "84": 0.06273716164938022,
    "85": 0,
    "86": 0.14038589487691283,
    "87": 0.0506269592476489,
    "88": 0.052900774514102,
    "89": 0.07821612349914236,
    "90": 0.03876517026039825,
    "91": 0,
    "92": 0.03770595690747782,
    "93": 0.00043649061545176777,
    "94": 0.06222222222222222,
    "95": 0.08027168879283729,
    "96": 0.07144514033866853,
    "97": 0,
    "98": 0.0043469670025686625,
    "99": 0.06627243066884177,
    "100": 0.15575221238938053,
    "101": 0.032924961715160794,
    "102": 0.0017681426814268142,
    "103": 0.04128938790293372,
    "104": 0.09813936519518424,
    "105": 0,
    "106": 0.04469987228607918,
    "107": 0.03369376327476347,
    "108": 0.06450777202072538,
    "109": 0.03880090497737557,
    "110": 0.04735959765297569,
    "111": 5.89257829763413e-05,
    "112": 0.06492922938665469,
    "113": 0.04807692307692308,
    "114": 0.03388842631140716,
    "115": 0.0513374314670211,
    "116": 0.02721774193548387,
    "117": 0.04652613196956468,
    "118": 0.05658284023668639,
    "119": 0.07607872823618471,
    "120": 0.043028102729595265,
    "121": 0.011518324607329843,
    "122": 0.02589573199972597,
    "123": 0.10132547864506627,
    "124": 0.11773818745158791,
    "125": 0.04716016936779092,
    "126": 0.011229451261866173,
    "127": 0.026096797816390387,
    "128": 0.05518686692280824,
    "129": 0.0573937908496732,
    "130": 0.04831506293138449,
    "131": 0.0550417661097852,
    "132": 0.03840534335211856,
    "133": 0.02940215615811826,
    "134": 0.12,
    "135": 0.0014268388385531854,
    "136": 0.005423249233671304,
    "137": 0,
    "138": 0.06737513283740701,
    "139": 0.0679383328978312,
    "140": 0.055245901639344265,
    "141": 0.05264764230123607,
    "142": 0.010488895146246173,
    "143": 0.18893387314439947,
    "144": 0,
    "145": 0.060770975056689346,
    "146": 0.006646726487205052,
    "147": 0.2465034965034965,
    "148": 0.00047110552763819093,
    "149": 0.07241813602015114,
    "150": 0.03844860441654523,
    "151": 0.010140532030653114,
    "152": 0.09767277856135402,
    "153": 0.029331841432225066,
    "154": 0,
    "155": 0.04624542124542125,
    "156": 0.03056153718734471,
    "157": 0.015873015873015872,
    "158": 0.021013667425968108,
    "159": 0,
    "160": 0.09652971679297966,
    "161": 0.178,
    "162": 0.029338139581455893,
    "163": 0.07781155015197569,
    "164": 0.024247236303670677,
    "165": 0.05085980763625765,
    "166": 0.056784417299438755,
    "167": 0,
    "168": 0.07985589912939058,
    "169": 0.01148344912137311,
    "170": 0.07261761158021712,
    "171": 0.0722168905950096,
    "172": 0.019714544847009404,
    "173": 0.059317073170731704,
    "174": 0,
    "175": 0.044402985074626866,
    "176": 0.04603470529183996,
    "177": 0.062199036918138044,
    "178": 0.05881236956934168,
    "179": 0.10065425264217413,
    "180": 0.04296205630354957,
    "181": 0.14866032843560933,
    "182": 0.09195402298850575,
    "183": 0,
    "184": 0.10294117647058823,
    "185": 0.057390489576013115,
    "186": 0.04097083054998887,
    "187": 0,
    "188": 0.07786340685623173,
    "189": 0.01306329733533209,
    "190": 0.06467473524962178,
    "191": 0.03188721993790383,
    "192": 0.038461538461538464,
    "193": 0.06881405563689605,
    "194": 0.05170863309352518,
    "195": 0.1634446397188049,
    "196": 0.06049382716049383
}