{
    "0": 0.004870297643654402,
    "1": 0.2624952162265595,
    "2": 0.22594415814168142,
    "3": 0.22379232326439885,
    "4": 0,
    "5": 0.162534435261708,
    "6": 0.28490424333458503,
    "7": 0.31012026049782254,
    "8": 0.28569767441860466,
    "9": 0.10870857482538267,
    "10": 0.2190236342502906,
    "11": 0.06626506024096386,
    "12": 0.197559468643806,
    "13": 0.3142061684202914,
    "14": 0.09398789409187122,
    "15": 0.1543819364714887,
    "16": 0,
    "17": 0.038770583360357436,
    "18": 0,
    "19": 0.12177650429799428,
    "20": 0.16912415784408086,
    "21": 0.32408399400042853,
    "22": 0.015085295361624137,
    "24": 0,
    "25": 0,
    "26": 0.007135861200503708,
    "27": 0.25644880519069474,
    "28": 0.18487362381764616,
    "29": 0.17390968439757407,
    "30": 0.29229109681396154,
    "31": 0,
    "32": 0.03284362198050572,
    "33": 0,
    "34": 0.10050560262366767,
    "35": 0,
    "36": 0.005908739365815932,
    "37": 0.2231734259113145,
    "38": 0.2276888317556776,
    "39": 0.14242586365025986,
    "40": 0.06259118762766268,
    "41": 0.14650659593773993,
    "42": 0.07565956828257868,
    "43": 0,
    "44": 0.17016570297644457,
    "45": 0.1727218359871421,
    "46": 0.2755815285894351,
    "47": 0.27371344919485,
    "48": 0.0056617621360919865,
    "49": 0.21940505548705302,
    "50": 0.1818978992717984,
    "51": 0.1725903347045071,
    "52": 0.04795186799726195,
    "53": 0.19853376777251186,
    "54": 0,
    "55": 0.194826444349215,
    "56": 0.23085035740791376,
    "57": 0.23205625606207567,
    "58": 0.2927793124616329,
    "59": 0,
    "60": 0.1501823323658555,
    "61": 0.2828192808431494,
    "62": 0.1541573033707865,
    "63": 0.18889149285212092,
    "64": 0.21646432853717026,
    "65": 0.18771331058020477,
    "66": 0.00029274195122268553,
    "67": 0.06306701785191689,
    "68": 0.061351035891450245,
    "69": 0.009231933409004918,
    "70": 0.19138163816381637,
    "71": 0,
    "72": 0.09399486348988238,
    "73": 0,
    "74": 0.12595209184236672,
    "75": 0.11635242929659173,
    "76": 0.25426791047527747,
    "77": 0.21611185627768972,
    "78": 0.2567455532107326,
    "79": 0.1393769210336584,
    "80": 0.30396162062891197,
    "81": 0.02188230295304865,
    "82": 0.2907610725222197,
    "83": 0.362833733578189,
    "84": 0.10059128135443829,
    "85": 0,
    "86": 0.041554526859726555,
    "87": 0.18395750949833295,
    "88": 0.1845454198035694,
    "89": 0.07114738704900864,
    "90": 0.14803007727225476,
    "91": 0,
    "92": 0.24873393065835606,
    "93": 0.0009280471421988876,
    "94": 0.15555384556192528,
    "95": 0.08926270843302536,
    "96": 0.1326495596141381,
    "97": 0,
    "98": 0.001352447930754666,
    "99": 0.12549948201864733,
    "100": 0.00777447032043425,
    "101": 0.2686769694685262,
    "102": 0.0011402785190936,
    "103": 0.22334926742062103,
    "104": 0.08373745974160589,
    "105": 0,
    "106": 0.11881746983701404,
    "107": 0.18434062108341456,
    "108": 0.09815140845070422,
    "109": 0.21549765187092865,
    "110": 0.17425091534035717,
    "111": 0.00032305455776138577,
    "112": 0.11640309618162291,
    "113": 0.18227321731095025,
    "114": 0.29186584425597534,
    "115": 0.16830735051901788,
    "116": 0.3059437932070935,
    "117": 0.22044914957381387,
    "118": 0.14631571008371672,
    "119": 0.045635197322549156,
    "120": 0.1986156508363776,
    "121": 0.10955664145302006,
    "122": 0.3113674418604651,
    "123": 0.10766224493630454,
    "124": 0.03105987832212616,
    "125": 0.18542233810053296,
    "126": 0.10408208296557811,
    "127": 0.3119218721208771,
    "128": 0.15829910238855927,
    "129": 0.13769102738689665,
    "130": 0.2129887446566532,
    "131": 0.21652215799614644,
    "132": 0.2463818589892423,
    "133": 0.27942066253214337,
    "134": 0.045809492964842206,
    "135": 0.0016195052500444919,
    "136": 0.004839760493903764,
    "137": 0,
    "138": 0.13816814192911142,
    "139": 0.09124868530809124,
    "140": 0.17530264476829363,
    "141": 0.1916767330397849,
    "142": 0.10792161192382003,
    "143": 0.0172054407348525,
    "144": 0,
    "145": 0.08338604258907864,
    "146": 0.0014093981229379544,
    "147": 0.01141873375026351,
    "148": 0.0017858931134626297,
    "149": 0.06385687009405275,
    "150": 0.24446541622429319,
    "151": 0.24973566911993367,
    "152": 0.09194972317821337,
    "153": 0.2020772718045876,
    "154": 0,
    "155": 0.23350667494566904,
    "156": 0.27210858775755753,
    "157": 0.0006959426543252836,
    "158": 0.1976562968291075,
    "159": 0,
    "160": 0.07268262287871569,
    "161": 0.005874125874125874,
    "162": 0.1252374971822368,
    "163": 0.09595508959773962,
    "164": 0.25439266615737205,
    "165": 0.19641468346554675,
    "166": 0.17460684551341352,
    "167": 0,
    "168": 0.10676640598435906,
    "169": 0.10187485882087192,
    "170": 0.1279729061227596,
    "171": 0.1280042592029206,
    "172": 0.34540907708424856,
    "173": 0.14865844815083393,
    "174": 0,
    "175": 0.22726558201681993,
    "176": 0.17912990799288175,
    "177": 0.14161740184932545,
    "178": 0.1483084633785169,
    "179": 0.05502227695874235,
    "180": 0.22883951005025124,
    "181": 0.02826002059147229,
    "182": 0.03627966012057963,
    "183": 0,
    "184": 0.0071713426152662145,
    "185": 0.10946210359212906,
    "186": 0.24044610825144283,
    "187": 0,
    "188": 0.09783286274797404,
    "189": 0.28992509650535575,
    "190": 0.15675364543361472,
    "191": 0.3011076754471799,
    "192": 0.21253303133257834,
    "193": 0.10635084358653209,
    "194": 0.20557008161001505,
    "195": 0.032027452101801544,
    "196": 0.14344074526573
}