{
    "0": 0.0052656855682480875,
    "1": 0.3344944912508101,
    "2": 0.3219044235210517,
    "3": 0.4102103371736603,
    "4": 0,
    "5": 0.19738238415281217,
    "6": 0.33610081541882875,
    "7": 0.3466581896209171,
    "8": 0.33816120906801006,
    "9": 0.22232905982905982,
    "10": 0.34675890826383626,
    "11": 0.14240506329113925,
    "12": 0.3332675222112537,
    "13": 0.31653264104350026,
    "14": 0.18162370306984704,
    "15": 0.2669265490356996,
    "16": 0,
    "17": 0.09196934355214928,
    "18": 0,
    "19": 0.22996811902231667,
    "20": 0.3204653622421999,
    "21": 0.2811520148647079,
    "22": 0.03910131777921797,
    "23": 0.25644880519069474,
    "24": 0,
    "25": 0,
    "26": 0.017955801104972375,
    "28": 0.2991257699185377,
    "29": 0.2961832061068702,
    "30": 0.3412777735065734,
    "31": 0,
    "32": 0.07684188304834283,
    "33": 0,
    "34": 0.18660452269981012,
    "35": 0,
    "36": 0.01201977938379612,
    "37": 0.31292008961911877,
    "38": 0.31036950881274045,
    "39": 0.2802865827181937,
    "40": 0.1496080627099664,
    "41": 0.19830561656730467,
    "42": 0.1387918635709883,
    "43": 0,
    "44": 0.2888682554420716,
    "45": 0.28154162000746547,
    "46": 0.3383033822490779,
    "47": 0.3173670509483079,
    "48": 0.010106326981787556,
    "49": 0.3028931487397941,
    "50": 0.31156075041744424,
    "51": 0.1571636327165137,
    "52": 0.102838027409086,
    "53": 0.26730865017433175,
    "54": 0,
    "55": 0.3167578319244157,
    "56": 0.32024550952252007,
    "57": 0.3726618705035971,
    "58": 0.32721414656076725,
    "59": 0,
    "60": 0.23653593544755114,
    "61": 0.3430278884462151,
    "62": 0.2768423137876387,
    "63": 0.33219106957424716,
    "64": 0.26819799417664186,
    "65": 0.09255748124015276,
    "66": 0.0003197572819143794,
    "67": 0.14995493465525012,
    "68": 0.13373626373626374,
    "69": 0.015566290928609769,
    "70": 0.3018198362147407,
    "71": 0,
    "72": 0.0660459394684935,
    "73": 0,
    "74": 0.1834242900749237,
    "75": 0.23967107902125953,
    "76": 0.27255223561292163,
    "77": 0.36879278496142565,
    "78": 0.3171589310829817,
    "79": 0.2761250134249812,
    "80": 0.3184554702096741,
    "81": 0.05367965367965368,
    "82": 0.3031145717463849,
    "83": 0.2812302173454315,
    "84": 0.1988370885681653,
    "85": 0,
    "86": 0.09902508489429292,
    "87": 0.3111470766740846,
    "88": 0.31007524675070847,
    "89": 0.1431390879817181,
    "90": 0.19380970576996562,
    "91": 0,
    "92": 0.3470432480141218,
    "93": 0.0009862006065504483,
    "94": 0.3033257501895786,
    "95": 0.1822844320974463,
    "96": 0.24293785310734464,
    "97": 0,
    "98": 0.002992945200598589,
    "99": 0.21415963914493039,
    "100": 0.01938438598359783,
    "101": 0.32452916858061553,
    "102": 0.0020933830891053063,
    "103": 0.3325923867741039,
    "104": 0.17274220032840723,
    "105": 0,
    "106": 0.22976958525345623,
    "107": 0.26548672566371684,
    "108": 0.18381751227495907,
    "109": 0.2849762872628726,
    "110": 0.2914317925591883,
    "111": 0.0001985505807604487,
    "112": 0.2029638530089116,
    "113": 0.2928907168037603,
    "114": 0.34478489631692977,
    "115": 0.2694463565739011,
    "116": 0.3195676274944568,
    "117": 0.3228404777335432,
    "118": 0.2522017614091273,
    "119": 0.10352422907488987,
    "120": 0.2998221473368904,
    "121": 0.11033697789121512,
    "122": 0.314719454290109,
    "123": 0.21895245415614362,
    "124": 0.07131315307551438,
    "125": 0.2996802635403546,
    "126": 0.10482387408871023,
    "127": 0.3072669312341422,
    "128": 0.2895007191288268,
    "129": 0.24865480132450332,
    "130": 0.34820101100208145,
    "131": 0.34849422442244227,
    "132": 0.3167145512928849,
    "133": 0.30877373767113203,
    "134": 0.10668563300142248,
    "135": 0.0023544057155228406,
    "136": 0.00989187945709685,
    "137": 0,
    "138": 0.2841219538848213,
    "139": 0.1852877808556479,
    "140": 0.3100369458128079,
    "141": 0.30144956118725963,
    "142": 0.1043011094509966,
    "143": 0.04344058065215036,
    "144": 0,
    "145": 0.17273954116059378,
    "146": 0.003254610698489527,
    "147": 0.02974656357388316,
    "148": 0.0018659464767984287,
    "149": 0.1416396103896104,
    "150": 0.32509084463351945,
    "151": 0.13142055051982965,
    "152": 0.22764609246655715,
    "153": 0.2554303556882976,
    "154": 0,
    "155": 0.34514483512479505,
    "156": 0.3135997614076946,
    "157": 0.001473063973063973,
    "158": 0.21350193332636638,
    "159": 0,
    "160": 0.16059438635112824,
    "161": 0.0164144105734385,
    "162": 0.19474991131606953,
    "163": 0.20098468271334793,
    "164": 0.26061944331454473,
    "165": 0.32959551461754105,
    "166": 0.3180024916943522,
    "167": 0,
    "168": 0.22600654110747717,
    "169": 0.10425985090521832,
    "170": 0.25243355572569176,
    "171": 0.2524568683118585,
    "172": 0.27521780732235485,
    "173": 0.2825602377666914,
    "174": 0,
    "175": 0.35298636450931437,
    "176": 0.2985304005378926,
    "177": 0.2796031576701515,
    "178": 0.28034349146507487,
    "179": 0.10898600277807458,
    "180": 0.34870918754745633,
    "181": 0.06820884228732028,
    "182": 0.09070726292419917,
    "183": 0,
    "184": 0.018065887353878853,
    "185": 0.1836957601032668,
    "186": 0.3462859208386047,
    "187": 0,
    "188": 0.17994910941475828,
    "189": 0.1578394088365334,
    "190": 0.28714015549485183,
    "191": 0.36252286645987436,
    "192": 0.28646718803128185,
    "193": 0.19242454932145028,
    "194": 0.3782450118000429,
    "195": 0.0801720335244817,
    "196": 0.2836548883589855
}