{
    "0": 0.004503693028283192,
    "1": 0.32707048046363807,
    "2": 0.35395226625793735,
    "3": 0.32385775117965243,
    "4": 0,
    "5": 0.21582488714760242,
    "6": 0.30752794214332674,
    "7": 0.35355784395584006,
    "8": 0.34141654465592974,
    "9": 0.2417551704863052,
    "10": 0.3205746874314543,
    "11": 0.16877828054298644,
    "12": 0.2944520236471123,
    "13": 0.2482181390178513,
    "14": 0.2246280748269259,
    "15": 0.2927086075282969,
    "16": 0,
    "17": 0.12574656981436644,
    "18": 0,
    "19": 0.24806629834254143,
    "20": 0.304864036767522,
    "21": 0.27982843774369637,
    "22": 0.05385097056981841,
    "23": 0.18487362381764616,
    "24": 0,
    "25": 0,
    "26": 0.022602321319486866,
    "27": 0.2991257699185377,
    "29": 0.3228265082030745,
    "30": 0.31559948431456814,
    "31": 0,
    "32": 0.0880973321606567,
    "33": 0,
    "34": 0.16428279525950143,
    "35": 0,
    "36": 0.007598345676637492,
    "37": 0.3408669448307835,
    "38": 0.32756556752639027,
    "39": 0.32565505326806793,
    "40": 0.1921362623368354,
    "41": 0.18452490351038411,
    "42": 0.173974540311174,
    "43": 0,
    "44": 0.32657146670225545,
    "45": 0.31015917602996257,
    "46": 0.3395797325570818,
    "47": 0.3014539036893857,
    "48": 0.013159885040084708,
    "49": 0.2998736043817148,
    "50": 0.35729573209114945,
    "51": 0.1563855557433384,
    "52": 0.14334630350194552,
    "53": 0.26976284584980237,
    "54": 0,
    "55": 0.32604179396309424,
    "56": 0.3011858537097282,
    "57": 0.5008532423208191,
    "58": 0.3005177020708083,
    "59": 0,
    "60": 0.24818713450292398,
    "61": 0.30329167400105617,
    "62": 0.2920178482895389,
    "63": 0.44538904899135445,
    "64": 0.3040175894463322,
    "65": 0.06548544328810434,
    "66": 0.0002887954947902813,
    "67": 0.1918884257774928,
    "68": 0.17154420921544208,
    "69": 0.014162387857586188,
    "70": 0.2852112676056338,
    "71": 0,
    "72": 0.061800129121307244,
    "73": 0,
    "74": 0.2493372048983714,
    "75": 0.2096812844476396,
    "76": 0.25484831415466325,
    "77": 0.4353109363831308,
    "78": 0.28563950444948527,
    "79": 0.3267936417012745,
    "80": 0.2916444105303319,
    "81": 0.07145085803432137,
    "82": 0.29319824065347155,
    "83": 0.2521117242932763,
    "84": 0.22383760800987518,
    "85": 0,
    "86": 0.1174842380439797,
    "87": 0.32363271450075265,
    "88": 0.3040103492884864,
    "89": 0.17413572343149808,
    "90": 0.22176999526739233,
    "91": 0,
    "92": 0.3254611798094466,
    "93": 0.0008333270202498466,
    "94": 0.30259792704267063,
    "95": 0.20133655623489266,
    "96": 0.3066237754057611,
    "97": 0,
    "98": 0.0033222591362126247,
    "99": 0.2719809322033898,
    "100": 0.025964049777231525,
    "101": 0.284523408555069,
    "102": 0.0020438109212870766,
    "103": 0.33138444567015996,
    "104": 0.20808812433982193,
    "105": 0,
    "106": 0.19982680233816844,
    "107": 0.22085013440860216,
    "108": 0.19537480063795853,
    "109": 0.29350253807106597,
    "110": 0.2867945823927765,
    "111": 0.00012973413768498698,
    "112": 0.24085163007318697,
    "113": 0.295307637060091,
    "114": 0.3587370713119216,
    "115": 0.2755934266585514,
    "116": 0.2923476401405224,
    "117": 0.36963387530705344,
    "118": 0.3032591414944356,
    "119": 0.10039370078740158,
    "120": 0.2922578482851078,
    "121": 0.07093395198425252,
    "122": 0.2855260267955194,
    "123": 0.30064435014930063,
    "124": 0.09338881183541378,
    "125": 0.3077562655897375,
    "126": 0.06750452583205682,
    "127": 0.28686346333405155,
    "128": 0.29247202441505593,
    "129": 0.27113897039210455,
    "130": 0.3292867981790592,
    "131": 0.4413563090605892,
    "132": 0.3534608189565579,
    "133": 0.27056731857119765,
    "134": 0.13979671618451917,
    "135": 0.0019067175124669992,
    "136": 0.0063334307707298065,
    "137": 0,
    "138": 0.29556513276796886,
    "139": 0.1795605252892992,
    "140": 0.3058058058058058,
    "141": 0.33316689551866185,
    "142": 0.06675920844497531,
    "143": 0.05705799593559481,
    "144": 0,
    "145": 0.1640230713770728,
    "146": 0.003298515667949423,
    "147": 0.03920049581654788,
    "148": 0.0009233366749327283,
    "149": 0.14092105263157895,
    "150": 0.29915573186857897,
    "151": 0.10878691547962824,
    "152": 0.27027903958468524,
    "153": 0.21674074074074073,
    "154": 0,
    "155": 0.3650232146805218,
    "156": 0.2767285268516998,
    "157": 0.0015137753557372085,
    "158": 0.1688959543909659,
    "159": 0,
    "160": 0.2077174420413879,
    "161": 0.020405032218471925,
    "162": 0.14964555581522163,
    "163": 0.23676383105294468,
    "164": 0.21499231950844855,
    "165": 0.4391148982957669,
    "166": 0.3255395683453237,
    "167": 0,
    "168": 0.23226090788893786,
    "169": 0.06734203046425187,
    "170": 0.3218234135998788,
    "171": 0.3207063084817386,
    "172": 0.21486077637044254,
    "173": 0.28227831373067264,
    "174": 0,
    "175": 0.3288710397144132,
    "176": 0.2864840077954832,
    "177": 0.3246478873239437,
    "178": 0.31913150348217945,
    "179": 0.13182562118732333,
    "180": 0.32441655658300306,
    "181": 0.08006710385847186,
    "182": 0.09549186230735993,
    "183": 0,
    "184": 0.022602321319486866,
    "185": 0.20911108210416396,
    "186": 0.4268978444236176,
    "187": 0,
    "188": 0.23678646934460887,
    "189": 0.14502326489441317,
    "190": 0.38032069970845483,
    "191": 0.3133281371784879,
    "192": 0.29258130081300815,
    "193": 0.22443487621097954,
    "194": 0.33756218905472635,
    "195": 0.10694931463181384,
    "196": 0.29115310873733224
}