{
    "0": 0.004393370005264782,
    "1": 0.3079516718179264,
    "2": 0.3303385559329462,
    "3": 0.3545208179354521,
    "4": 0,
    "5": 0.18271316535958618,
    "6": 0.264750378214826,
    "7": 0.35677480916030535,
    "8": 0.30922535846334204,
    "9": 0.2850748572310542,
    "10": 0.3208592425098926,
    "11": 0.14500076557954372,
    "12": 0.32568639414277,
    "13": 0.24746869171329602,
    "14": 0.23360399750156152,
    "15": 0.3869438923711971,
    "16": 0,
    "17": 0.15244555515887184,
    "18": 0,
    "19": 0.3135473766640564,
    "20": 0.33374451754385964,
    "21": 0.2518031531244016,
    "22": 0.05692695214105793,
    "23": 0.17390968439757407,
    "24": 0,
    "25": 0,
    "26": 0.020321898878231184,
    "27": 0.2961832061068702,
    "28": 0.3228265082030745,
    "30": 0.3254364089775561,
    "31": 0,
    "32": 0.08468301712170291,
    "33": 0,
    "34": 0.15785063370692365,
    "35": 0,
    "36": 0.007936507936507936,
    "37": 0.28315332368333146,
    "38": 0.3936092955700799,
    "39": 0.3447219243143864,
    "40": 0.18466898954703834,
    "41": 0.235174448174143,
    "42": 0.20256687799597958,
    "43": 0,
    "44": 0.32168409466153,
    "45": 0.2979635584137192,
    "46": 0.3421839940164548,
    "47": 0.30761227674700886,
    "48": 0.016617790811339198,
    "49": 0.35478260869565215,
    "50": 0.27780401416765055,
    "51": 0.14906303236797275,
    "52": 0.1563758389261745,
    "53": 0.31513193322563277,
    "54": 0,
    "55": 0.3530793319415449,
    "56": 0.3743807501769285,
    "57": 0.3616483377575528,
    "58": 0.30452710248260456,
    "59": 0,
    "60": 0.334865486007841,
    "61": 0.32911274555441766,
    "62": 0.28210980093825283,
    "63": 0.3791429760088753,
    "64": 0.2530561170468765,
    "65": 0.054567885202259594,
    "66": 0.0002974011713030747,
    "67": 0.17644143399966958,
    "68": 0.16903710969429458,
    "69": 0.014406387410321684,
    "70": 0.24248413606574432,
    "71": 0,
    "72": 0.05837314165810974,
    "73": 0,
    "74": 0.24595300261096606,
    "75": 0.20905360029847034,
    "76": 0.30159285839313843,
    "77": 0.43367799113737077,
    "78": 0.27014467338886455,
    "79": 0.2808720112517581,
    "80": 0.28950233281493004,
    "81": 0.06818557041439656,
    "82": 0.29947389720760825,
    "83": 0.23422214768852367,
    "84": 0.2619047619047619,
    "85": 0,
    "86": 0.10996784565916398,
    "87": 0.36402015524989784,
    "88": 0.27805222300635146,
    "89": 0.21652918781725888,
    "90": 0.20838117106773824,
    "91": 0,
    "92": 0.3778393351800554,
    "93": 0.000775229148615988,
    "94": 0.3368804664723032,
    "95": 0.2846435709526982,
    "96": 0.3156192236598891,
    "97": 0,
    "98": 0.0032716395587960366,
    "99": 0.27497581870940996,
    "100": 0.02354480052321779,
    "101": 0.30129504008457403,
    "102": 0.0020923869306293257,
    "103": 0.3628214201462609,
    "104": 0.23754536456614977,
    "105": 0,
    "106": 0.17694893201778164,
    "107": 0.1918397748903418,
    "108": 0.2798443579766537,
    "109": 0.3319093000328623,
    "110": 0.31192108745338626,
    "111": 0.00014888429828969162,
    "112": 0.2667814113597246,
    "113": 0.34163281352378455,
    "114": 0.28768640818065616,
    "115": 0.3443163097199341,
    "116": 0.2900941560968018,
    "117": 0.2966644576982549,
    "118": 0.33485779619837075,
    "119": 0.10089717046238786,
    "120": 0.3593945459094321,
    "121": 0.06511463844797179,
    "122": 0.2809155766944114,
    "123": 0.23610271903323263,
    "124": 0.11053162853297442,
    "125": 0.3287981859410431,
    "126": 0.06192556351563865,
    "127": 0.2836180464301358,
    "128": 0.3372335979941496,
    "129": 0.3140096618357488,
    "130": 0.3610207655741806,
    "131": 0.3647881747393428,
    "132": 0.3091645569620253,
    "133": 0.29800359866335363,
    "134": 0.15151515151515152,
    "135": 0.002051190582359761,
    "136": 0.006206756206756207,
    "137": 0,
    "138": 0.3120755831118984,
    "139": 0.23473282442748092,
    "140": 0.3434151634341516,
    "141": 0.29509610645638246,
    "142": 0.061112190069269115,
    "143": 0.059049849447975915,
    "144": 0,
    "145": 0.15302228240797736,
    "146": 0.0034674063800277394,
    "147": 0.042089502578605886,
    "148": 0.0010680052332256427,
    "149": 0.1415758244790948,
    "150": 0.3670224846695435,
    "151": 0.08915793962943658,
    "152": 0.20804004379790395,
    "153": 0.20257115256000593,
    "154": 0,
    "155": 0.2372733443226995,
    "156": 0.29448696998365875,
    "157": 0.0017854244440837527,
    "158": 0.1512203076588574,
    "159": 0,
    "160": 0.2406710030811366,
    "161": 0.023098498597591156,
    "162": 0.14255184422985595,
    "163": 0.28287841191067,
    "164": 0.20168428817310058,
    "165": 0.376043460977872,
    "166": 0.3759706339121841,
    "167": 0,
    "168": 0.331239092495637,
    "169": 0.062282469316724674,
    "170": 0.3425056652638394,
    "171": 0.33934030571198714,
    "172": 0.20361062673094676,
    "173": 0.36859756097560975,
    "174": 0,
    "175": 0.36153938090115934,
    "176": 0.3696620382499345,
    "177": 0.2847193202395877,
    "178": 0.3384615384615385,
    "179": 0.15468445022771632,
    "180": 0.38187113214415724,
    "181": 0.07074569789674952,
    "182": 0.0957673568818514,
    "183": 0,
    "184": 0.020491136770206538,
    "185": 0.23560135516657255,
    "186": 0.35764469722315156,
    "187": 0,
    "188": 0.2137154262902766,
    "189": 0.13162982535283882,
    "190": 0.3180987202925046,
    "191": 0.2738396624472574,
    "192": 0.32678668848881615,
    "193": 0.2608695652173913,
    "194": 0.3620119126406353,
    "195": 0.09526970954356846,
    "196": 0.3212121212121212
}