{
    "0": 0.004859086491739553,
    "1": 0.32773626373626374,
    "2": 0.354436842642704,
    "4": 0,
    "5": 0.19239080104954467,
    "6": 0.31485691885535083,
    "7": 0.36934852260590956,
    "8": 0.33162961069937813,
    "9": 0.2599922390376407,
    "10": 0.35478390145481575,
    "11": 0.1471082934402898,
    "12": 0.3522842639593909,
    "13": 0.29715916633479356,
    "14": 0.21352405721716514,
    "15": 0.3183906618651434,
    "16": 0,
    "17": 0.11722222222222223,
    "18": 0,
    "19": 0.2828732173230407,
    "20": 0.3425698871996076,
    "21": 0.276490577695397,
    "22": 0.045436428856117976,
    "23": 0.22379232326439885,
    "24": 0,
    "25": 0,
    "26": 0.019533793462690456,
    "27": 0.4102103371736603,
    "28": 0.32385775117965243,
    "29": 0.3545208179354521,
    "30": 0.33766450108279195,
    "31": 0,
    "32": 0.08226319135410044,
    "33": 0,
    "34": 0.17258110550851488,
    "35": 0,
    "36": 0.010123930877989178,
    "37": 0.3076923076923077,
    "38": 0.3620253164556962,
    "39": 0.31333075235514257,
    "40": 0.1762278167560875,
    "41": 0.2216221082005581,
    "42": 0.16498316498316498,
    "43": 0,
    "44": 0.3052644116245831,
    "45": 0.2971793507184673,
    "46": 0.353248562968124,
    "47": 0.33051126089100774,
    "48": 0.012953367875647668,
    "49": 0.3425209043047383,
    "50": 0.31766792285524276,
    "51": 0.15927484622855292,
    "52": 0.1249667641584685,
    "53": 0.2916548261816804,
    "54": 0,
    "55": 0.3498028299698446,
    "56": 0.3611927761444771,
    "57": 0.3900526623756583,
    "58": 0.33185876955845006,
    "59": 0,
    "60": 0.27981189116560296,
    "61": 0.35032014735549516,
    "62": 0.2733133266644437,
    "63": 0.36710862425495683,
    "64": 0.26575975815773095,
    "65": 0.07579067212094735,
    "66": 0.0002863256879351397,
    "67": 0.16796607851183148,
    "68": 0.15251971661542574,
    "69": 0.01451047092590624,
    "70": 0.291462805791313,
    "71": 0,
    "72": 0.06419731490794595,
    "73": 0,
    "74": 0.21039982521302164,
    "75": 0.23413640990838142,
    "76": 0.2904020340060385,
    "77": 0.4407250595395607,
    "78": 0.3048852266038846,
    "79": 0.27556262230919765,
    "80": 0.31632348552670847,
    "81": 0.060405351702212215,
    "82": 0.30800696916900233,
    "83": 0.2586498120198333,
    "84": 0.23263975933817999,
    "85": 0,
    "86": 0.10766374966852293,
    "87": 0.36351531291611183,
    "88": 0.3063602700936615,
    "89": 0.17765006385696042,
    "90": 0.20714655618850336,
    "91": 0,
    "92": 0.37808688640258037,
    "93": 0.0008563187308455021,
    "94": 0.33825417201540436,
    "95": 0.22121688958825073,
    "96": 0.2946708463949843,
    "97": 0,
    "98": 0.0030969845150774244,
    "99": 0.2389973431904817,
    "100": 0.023615848858567306,
    "101": 0.31805015310767193,
    "102": 0.0019290695948953852,
    "103": 0.3702749140893471,
    "104": 0.21061875168873279,
    "105": 0,
    "106": 0.19787635208891535,
    "107": 0.24275391735000407,
    "108": 0.21820433436532508,
    "109": 0.32199235219139133,
    "110": 0.30444989862341265,
    "111": 0.00012838383097351624,
    "112": 0.2398697539797395,
    "113": 0.3186513792711999,
    "114": 0.3375073044494532,
    "115": 0.3194378837978271,
    "116": 0.3181308411214953,
    "117": 0.3076301978199435,
    "118": 0.2956918276731069,
    "119": 0.10237788450275272,
    "120": 0.3365006553079948,
    "121": 0.09165141489511475,
    "122": 0.3070438634090584,
    "123": 0.2357068607068607,
    "124": 0.08640828245288028,
    "125": 0.31288614298323036,
    "126": 0.08679166521724006,
    "127": 0.306029658645775,
    "128": 0.31892087197398533,
    "129": 0.28651059085841696,
    "130": 0.36532822016692984,
    "131": 0.40334686846314755,
    "132": 0.3272401771412419,
    "133": 0.3261100662359964,
    "134": 0.12654653039268424,
    "135": 0.0022159720446603597,
    "136": 0.008289241622574956,
    "137": 0,
    "138": 0.2951959544879899,
    "139": 0.21654711847637892,
    "140": 0.33532006198593395,
    "141": 0.30199335548172757,
    "142": 0.08608200750226361,
    "143": 0.05021310602024507,
    "144": 0,
    "145": 0.1635631057388653,
    "146": 0.00381903642773208,
    "147": 0.03502974223397224,
    "148": 0.0008964934299838631,
    "149": 0.14125692724914515,
    "150": 0.35994283380971825,
    "151": 0.11039733523673566,
    "152": 0.2207457627118644,
    "153": 0.2309997859130807,
    "154": 0,
    "155": 0.3007346627230226,
    "156": 0.32475117216418525,
    "157": 0.001810422863054442,
    "158": 0.17955404182853493,
    "159": 0,
    "160": 0.19948044845501778,
    "161": 0.019142519994755473,
    "162": 0.17314087061668681,
    "163": 0.24243646631706334,
    "164": 0.2381153985726382,
    "165": 0.3656568019651421,
    "166": 0.3521384184232972,
    "167": 0,
    "168": 0.2749860413176996,
    "169": 0.08735849743384413,
    "170": 0.29983987189751804,
    "171": 0.29934779715160387,
    "172": 0.2543677204658902,
    "173": 0.3244789018810371,
    "174": 0,
    "175": 0.37261320240043644,
    "176": 0.3465922042397994,
    "177": 0.27575794178040824,
    "178": 0.3118199802176063,
    "179": 0.14050026609898883,
    "180": 0.38078058379796653,
    "181": 0.07467788587956876,
    "182": 0.0905551369002763,
    "183": 0,
    "184": 0.019533793462690456,
    "185": 0.21581961345740874,
    "186": 0.36112521580176704,
    "187": 0,
    "188": 0.20004832085044696,
    "189": 0.15009883313141617,
    "190": 0.3137085848010839,
    "191": 0.33283157718682055,
    "192": 0.32193732193732194,
    "193": 0.23141206832985128,
    "194": 0.381504285886756,
    "195": 0.08897563602099878,
    "196": 0.3077021005728835
}