{
    "0": 0.004588129643236183,
    "1": 0.35485044756567935,
    "2": 0.36104627766599595,
    "3": 0.33766450108279195,
    "4": 0,
    "5": 0.2090076527411868,
    "6": 0.3432964411160448,
    "7": 0.4338530410620562,
    "8": 0.41430407499810995,
    "9": 0.20593548387096774,
    "10": 0.3433260216102039,
    "11": 0.11211286417897988,
    "12": 0.332827899924185,
    "13": 0.33914569923932125,
    "14": 0.17676592797783933,
    "15": 0.29734560729287696,
    "16": 0,
    "17": 0.08274557027352486,
    "18": 0,
    "19": 0.23900097769087192,
    "20": 0.3034747686397765,
    "21": 0.34148545608585146,
    "22": 0.030670294335889192,
    "23": 0.29229109681396154,
    "24": 0,
    "25": 0,
    "26": 0.01281947261663286,
    "27": 0.3412777735065734,
    "28": 0.31559948431456814,
    "29": 0.3254364089775561,
    "31": 0,
    "32": 0.05761316872427984,
    "33": 0,
    "34": 0.14276923076923076,
    "35": 0,
    "36": 0.005315203955500618,
    "37": 0.29058631160943704,
    "38": 0.36959761549925485,
    "39": 0.27437438335276704,
    "40": 0.12036640698570328,
    "41": 0.22762112369031715,
    "42": 0.14167294649585532,
    "43": 0,
    "44": 0.269334912844813,
    "45": 0.28145142038672716,
    "46": 0.40683415582473453,
    "47": 0.4711808809746954,
    "48": 0.008569118835893291,
    "49": 0.3826869689576849,
    "50": 0.27305303392259916,
    "51": 0.18690397507317533,
    "52": 0.09826442062276672,
    "53": 0.33510430502383,
    "54": 0,
    "55": 0.32872833361935816,
    "56": 0.3906646372399797,
    "57": 0.3795697972913163,
    "58": 0.3973981168691152,
    "59": 0,
    "60": 0.28198872718095397,
    "61": 0.4214236456976477,
    "62": 0.24937474788221056,
    "63": 0.3544395266913558,
    "64": 0.29134427652035577,
    "65": 0.1009376434332175,
    "66": 0.00029117591392839983,
    "67": 0.121029525695102,
    "68": 0.1133599795901012,
    "69": 0.01189055574497102,
    "70": 0.25852251719293057,
    "71": 0,
    "72": 0.08144917951473567,
    "73": 0,
    "74": 0.20323196943161917,
    "75": 0.18240891158041309,
    "76": 0.37707142857142856,
    "77": 0.3772532986433748,
    "78": 0.32314501071848417,
    "79": 0.24514521395428768,
    "80": 0.5005276647067692,
    "81": 0.04258662035888531,
    "82": 0.4658542022739095,
    "83": 0.3739448357438572,
    "84": 0.19500170010200613,
    "85": 0,
    "86": 0.07093311312964493,
    "87": 0.3206451053498656,
    "88": 0.27274170503254486,
    "89": 0.14068791946308726,
    "90": 0.20432338375050194,
    "91": 0,
    "92": 0.390883420734167,
    "93": 0.0008636957468427928,
    "94": 0.27280655852084423,
    "95": 0.18226171806935007,
    "96": 0.2587917042380523,
    "97": 0,
    "98": 0.002303603071470762,
    "99": 0.21786331112755983,
    "100": 0.014904707607102134,
    "101": 0.34847537681461416,
    "102": 0.0017289212335651965,
    "103": 0.36813643926788686,
    "104": 0.15848369188063843,
    "105": 0,
    "106": 0.17174833201807876,
    "107": 0.226596620039243,
    "108": 0.19331457320712886,
    "109": 0.36918958384035044,
    "110": 0.2940703194142731,
    "111": 8.793682618406937e-05,
    "112": 0.2143098211272359,
    "113": 0.30889209120962957,
    "114": 0.3726971130091057,
    "115": 0.3059467918622848,
    "116": 0.5024544973944566,
    "117": 0.3203397904096539,
    "118": 0.2605448527539676,
    "119": 0.0759035216151653,
    "120": 0.34190123040620257,
    "121": 0.09175786805169109,
    "122": 0.4960532085952346,
    "123": 0.1804869742891197,
    "124": 0.06695228494623656,
    "125": 0.3180668016194332,
    "126": 0.08748202319390472,
    "127": 0.38784926941809794,
    "128": 0.2815201574937944,
    "129": 0.24722389601446157,
    "130": 0.3510294367874766,
    "131": 0.34675654381510984,
    "132": 0.37976086784385144,
    "133": 0.3824969834622755,
    "134": 0.09217214503558116,
    "135": 0.001856078657603652,
    "136": 0.004047322540473225,
    "137": 0,
    "138": 0.2611689917005121,
    "139": 0.17204301075268819,
    "140": 0.30179445350734097,
    "141": 0.29828218812541696,
    "142": 0.08711251435132032,
    "143": 0.03369672943508424,
    "144": 0,
    "145": 0.12855330896068046,
    "146": 0.002554450121000269,
    "147": 0.02364337903292012,
    "148": 0.00048020854771214927,
    "149": 0.10486570650058388,
    "150": 0.37609970674486803,
    "151": 0.1637730657938428,
    "152": 0.17056914846970095,
    "153": 0.24234016175689238,
    "154": 0,
    "155": 0.2800611042409253,
    "156": 0.34925434678029,
    "157": 0.0010486408001935952,
    "158": 0.20705155218429555,
    "159": 0,
    "160": 0.15130313101276893,
    "161": 0.012297418356543693,
    "162": 0.155812324929972,
    "163": 0.18706798495056434,
    "164": 0.2670994300189994,
    "165": 0.35853550948389945,
    "166": 0.31372720132646825,
    "167": 0,
    "168": 0.2131355165550932,
    "169": 0.0872579260342799,
    "170": 0.2517608813436879,
    "171": 0.25069788383610986,
    "172": 0.3247942789968652,
    "173": 0.28132199184830764,
    "174": 0,
    "175": 0.3651059552726359,
    "176": 0.3167894208235688,
    "177": 0.2506646085241403,
    "178": 0.2909850640113798,
    "179": 0.1052007453837032,
    "180": 0.36497626779915066,
    "181": 0.04719137818419334,
    "182": 0.06553554197491154,
    "183": 0,
    "184": 0.012902702264059077,
    "185": 0.19820650351994637,
    "186": 0.39945086945669356,
    "187": 0,
    "188": 0.16902684011197103,
    "189": 0.21251175917215429,
    "190": 0.27751196172248804,
    "191": 0.37986827033218784,
    "192": 0.34799841458581054,
    "193": 0.19841470613036513,
    "194": 0.34800598644246855,
    "195": 0.060322499791127075,
    "196": 0.27508264093629947
}