{
    "0": 0.0038443246670894103,
    "1": 0.07073925710123817,
    "2": 0.07844006204298692,
    "3": 0.08226319135410044,
    "4": 0,
    "5": 0.04993863872368545,
    "6": 0.07134973194575843,
    "7": 0.05844648730707599,
    "8": 0.06248937255568781,
    "9": 0.10563692853972481,
    "10": 0.08258079847908745,
    "11": 0.14142461964038727,
    "12": 0.07891281512605042,
    "13": 0.05262173452210238,
    "14": 0.09905298182748912,
    "15": 0.08631256384065372,
    "16": 0,
    "17": 0.12289966394623139,
    "18": 0,
    "19": 0.10156912637828669,
    "20": 0.09219519949133682,
    "21": 0.045512449334105386,
    "22": 0.10314465408805032,
    "23": 0.03284362198050572,
    "24": 0,
    "25": 0,
    "26": 0.08379501385041552,
    "27": 0.07684188304834283,
    "28": 0.0880973321606567,
    "29": 0.08468301712170291,
    "30": 0.05761316872427984,
    "31": 0,
    "33": 0,
    "34": 0.1505804311774461,
    "35": 0,
    "36": 0.014489990467111535,
    "37": 0.08699472759226713,
    "38": 0.07023714966526722,
    "39": 0.1034416826003824,
    "40": 0.15762081784386617,
    "41": 0.05823016964695094,
    "42": 0.0995611629182666,
    "43": 0,
    "44": 0.09400164338537387,
    "45": 0.08420769437718591,
    "46": 0.06326755314643856,
    "47": 0.05771543086172345,
    "48": 0.034143138542350626,
    "49": 0.07288096870002285,
    "50": 0.09964564138908576,
    "51": 0.03364507970119405,
    "52": 0.11515631183221212,
    "53": 0.06555242023008466,
    "54": 0,
    "55": 0.07877613180119064,
    "56": 0.07520764592103767,
    "57": 0.08934707903780069,
    "58": 0.06090923643348808,
    "59": 0,
    "60": 0.06934088875633761,
    "61": 0.061578044596912525,
    "62": 0.12475409836065574,
    "63": 0.09308906761989871,
    "64": 0.06027060270602706,
    "65": 0.014354554957803217,
    "66": 0.0002610078065062128,
    "67": 0.15895295902883155,
    "68": 0.1295355587808418,
    "69": 0.015707632804483385,
    "70": 0.10845213849287169,
    "71": 0,
    "72": 0.01292703357406443,
    "73": 0,
    "74": 0.08201838044043697,
    "75": 0.12999246420497362,
    "76": 0.051756307292934206,
    "77": 0.0927172125018693,
    "78": 0.07180993059263215,
    "79": 0.11968962172647915,
    "80": 0.05150336045277679,
    "81": 0.1354044548651817,
    "82": 0.055966287150672776,
    "83": 0.043579138504993446,
    "84": 0.1114887831407206,
    "85": 0,
    "86": 0.17536436295251528,
    "87": 0.08391915641476275,
    "88": 0.09821554025572572,
    "89": 0.09737206085753804,
    "90": 0.05780921852547806,
    "91": 0,
    "92": 0.07323856613102596,
    "93": 0.0006698557052004445,
    "94": 0.1027970782112952,
    "95": 0.09961783439490446,
    "96": 0.09912298592698347,
    "97": 0,
    "98": 0.005005840146837978,
    "99": 0.08916274012323305,
    "100": 0.07176709546377792,
    "101": 0.06309543707170316,
    "102": 0.0025122021246052253,
    "103": 0.07265796465288206,
    "104": 0.1387126019945603,
    "105": 0,
    "106": 0.15157612340710933,
    "107": 0.07347601758073763,
    "108": 0.08668730650154799,
    "109": 0.06788115376274127,
    "110": 0.08653846153846154,
    "111": 0.00019466046348656356,
    "112": 0.09567470599960136,
    "113": 0.07708688245315162,
    "114": 0.06628289473684211,
    "115": 0.08373095274742189,
    "116": 0.05173389950460014,
    "117": 0.08450704225352113,
    "118": 0.08771929824561403,
    "119": 0.2958532695374801,
    "120": 0.07608834418485894,
    "121": 0.034168653973963015,
    "122": 0.05171596832058485,
    "123": 0.13635213761699974,
    "124": 0.09443665264142123,
    "125": 0.07789185489390828,
    "126": 0.0331002331002331,
    "127": 0.0496030444196575,
    "128": 0.08541666666666667,
    "129": 0.08943687891056312,
    "130": 0.08101168314289382,
    "131": 0.08671328671328671,
    "132": 0.06910486967064053,
    "133": 0.05979398036375342,
    "134": 0.11962310528471938,
    "135": 0.0023855621629096943,
    "136": 0.011130638547158758,
    "137": 0,
    "138": 0.10626808100289296,
    "139": 0.08977500556916908,
    "140": 0.08588770864946889,
    "141": 0.09312092686459088,
    "142": 0.031626024917474176,
    "143": 0.12349588347055099,
    "144": 0,
    "145": 0.1937382297551789,
    "146": 0.00762001524003048,
    "147": 0.09827357237715803,
    "148": 0.0010687675583241725,
    "149": 0.25,
    "150": 0.0694939030970109,
    "151": 0.022809095765684156,
    "152": 0.14247630331753555,
    "153": 0.08191210232863234,
    "154": 0,
    "155": 0.08536041062262888,
    "156": 0.063564875491481,
    "157": 0.007607192254495159,
    "158": 0.062288185111604534,
    "159": 0,
    "160": 0.11797929086915594,
    "161": 0.060689655172413794,
    "162": 0.1049039168329308,
    "163": 0.11148300720906282,
    "164": 0.065351725859809,
    "165": 0.08659680088251517,
    "166": 0.0891271056661562,
    "167": 0,
    "168": 0.10454888162854989,
    "169": 0.033119921201674465,
    "170": 0.10520722635494155,
    "171": 0.10495133305120609,
    "172": 0.03935437930215998,
    "173": 0.08925736461457047,
    "174": 0,
    "175": 0.07791279485346676,
    "176": 0.0726227096429049,
    "177": 0.11394302848575712,
    "178": 0.09150665974744854,
    "179": 0.11327694005148951,
    "180": 0.07629107981220658,
    "181": 0.15098351940457203,
    "182": 0.2105984467793513,
    "183": 0,
    "184": 0.08379501385041552,
    "185": 0.07518645434388228,
    "186": 0.07294800171895144,
    "187": 0,
    "188": 0.09237307090136435,
    "189": 0.02470713525026624,
    "190": 0.10510668065757257,
    "191": 0.06315615441845085,
    "192": 0.061773568661213946,
    "193": 0.0973168654173765,
    "194": 0.09493127147766323,
    "195": 0.16075268817204302,
    "196": 0.09553072625698324
}