{
    "0": 0.005999637484139931,
    "1": 0.17543183220234423,
    "2": 0.1814245316366207,
    "3": 0.17258110550851488,
    "4": 0,
    "5": 0.10825835710628337,
    "6": 0.18551112362714728,
    "7": 0.14351295995479907,
    "8": 0.14857549857549857,
    "9": 0.14289233801428924,
    "10": 0.18050441826215022,
    "11": 0.13541971336648143,
    "12": 0.1640038498556304,
    "13": 0.15509780162714212,
    "14": 0.12320990839891627,
    "15": 0.15023011176857332,
    "16": 0,
    "17": 0.08188661852819173,
    "18": 0,
    "19": 0.15345927379784102,
    "20": 0.1704239024916406,
    "21": 0.12172460590875875,
    "22": 0.046073464217859406,
    "23": 0.10050560262366767,
    "24": 0,
    "25": 0,
    "26": 0.030225898822780782,
    "27": 0.18660452269981012,
    "28": 0.16428279525950143,
    "29": 0.15785063370692365,
    "30": 0.14276923076923076,
    "31": 0,
    "32": 0.1505804311774461,
    "33": 0,
    "35": 0,
    "36": 0.02927675201468938,
    "37": 0.18377862595419847,
    "38": 0.14872680189900733,
    "39": 0.16548797736916548,
    "40": 0.13929750825577905,
    "41": 0.11952861952861953,
    "42": 0.11802802008987576,
    "43": 0,
    "44": 0.1666484656546904,
    "45": 0.18439503205128205,
    "46": 0.15293949567826273,
    "47": 0.14020464864132276,
    "48": 0.017708823068484564,
    "49": 0.16263464594737773,
    "50": 0.1995420006245446,
    "51": 0.09067688378033206,
    "52": 0.09208022251500513,
    "53": 0.14703411191396404,
    "54": 0,
    "55": 0.15454813070356196,
    "56": 0.1665047257309425,
    "57": 0.1759727626459144,
    "58": 0.15602983837546622,
    "59": 0,
    "60": 0.1370430216117956,
    "61": 0.15077764976958524,
    "62": 0.24603362538479753,
    "63": 0.17954640907181857,
    "64": 0.13263358778625955,
    "65": 0.05081651022245082,
    "66": 0.00034249442495186053,
    "67": 0.13108390564347566,
    "68": 0.1338133813381338,
    "69": 0.020897073255209838,
    "70": 0.24579400902749282,
    "71": 0,
    "72": 0.03383929519159325,
    "73": 0,
    "74": 0.12536100117659643,
    "75": 0.23181133968891118,
    "76": 0.12547963648603164,
    "77": 0.1888141744049525,
    "78": 0.1797804208600183,
    "79": 0.18744709154674083,
    "80": 0.13408544479378584,
    "81": 0.0624803273528486,
    "82": 0.13863723363531963,
    "83": 0.11868121619100915,
    "84": 0.16272831779282157,
    "85": 0,
    "86": 0.11131869842752608,
    "87": 0.16254091653027825,
    "88": 0.21003893507313479,
    "89": 0.11869594145043247,
    "90": 0.1283034597749062,
    "91": 0,
    "92": 0.17405857740585773,
    "93": 0.0010168848415860368,
    "94": 0.17519255086791585,
    "95": 0.12959833614974653,
    "96": 0.1562084391246524,
    "97": 0,
    "98": 0.0035600182565038796,
    "99": 0.1697386840877275,
    "100": 0.024704956726986624,
    "101": 0.15521158761715423,
    "102": 0.0024883523930537906,
    "103": 0.15645658880564126,
    "104": 0.144296710986704,
    "105": 0,
    "106": 0.30913705583756346,
    "107": 0.1809943865276664,
    "108": 0.1224885015734689,
    "109": 0.15096882898062342,
    "110": 0.17391304347826086,
    "111": 0.0005946021275607376,
    "112": 0.1493421832404883,
    "113": 0.1426470588235294,
    "114": 0.16430494544423976,
    "115": 0.158335953054595,
    "116": 0.13485989384026664,
    "117": 0.18121116572382454,
    "118": 0.16318827708703373,
    "119": 0.2437002652519894,
    "120": 0.1646891314665401,
    "121": 0.09821130985446061,
    "122": 0.132572379763391,
    "123": 0.17395987612764238,
    "124": 0.06368949497976922,
    "125": 0.15663829370903043,
    "126": 0.09463028169014084,
    "127": 0.1321040079111163,
    "128": 0.15546308151941954,
    "129": 0.15241806096722438,
    "130": 0.16731665556929515,
    "131": 0.1697054698457223,
    "132": 0.15161238568907429,
    "133": 0.15064058410249345,
    "134": 0.09446012178820734,
    "135": 0.0028360413589364844,
    "136": 0.025517028500874575,
    "137": 0,
    "138": 0.1837601650685763,
    "139": 0.13575052592500927,
    "140": 0.16183826594414338,
    "141": 0.19459972576732412,
    "142": 0.09346651717459994,
    "143": 0.052824184566428005,
    "144": 0,
    "145": 0.37892014225670867,
    "146": 0.004495897493537147,
    "147": 0.035703001579778834,
    "148": 0.0038658419537165403,
    "149": 0.31354202109561075,
    "150": 0.15966029723991507,
    "151": 0.07500862564692352,
    "152": 0.16500142734798745,
    "153": 0.2421427465551943,
    "154": 0,
    "155": 0.18936018535020496,
    "156": 0.16069665773515723,
    "157": 0.003121098626716604,
    "158": 0.209773819289816,
    "159": 0,
    "160": 0.1317467063323417,
    "161": 0.02130681818181818,
    "162": 0.31744773605469134,
    "163": 0.13280437044745058,
    "164": 0.2099600368890255,
    "165": 0.16944609886837403,
    "166": 0.16565126050420168,
    "167": 0,
    "168": 0.14152797798453676,
    "169": 0.09579709029327996,
    "170": 0.163455562461156,
    "171": 0.16364764267990076,
    "172": 0.1144479439293794,
    "173": 0.15489160956980794,
    "174": 0,
    "175": 0.1687010384405174,
    "176": 0.15330438977327546,
    "177": 0.18043426953032807,
    "178": 0.15814678694732154,
    "179": 0.10349833067208593,
    "180": 0.16296362659021682,
    "181": 0.08138988887149788,
    "182": 0.16070553650171485,
    "183": 0,
    "184": 0.0303946530872056,
    "185": 0.10673328034517997,
    "186": 0.1634158751696065,
    "187": 0,
    "188": 0.12489359114678342,
    "189": 0.07914893617021276,
    "190": 0.17984460694698354,
    "191": 0.16679807899075336,
    "192": 0.14368008014693606,
    "193": 0.14985272459499263,
    "194": 0.1826587220053421,
    "195": 0.0840138190954774,
    "196": 0.16170311772917637
}