{
    "0": 0.0012958963282937365,
    "1": 0.00932873656459136,
    "2": 0.008306559047096623,
    "3": 0.010123930877989178,
    "4": 0,
    "5": 0.004338549075391181,
    "6": 0.010801080108010801,
    "7": 0.005317785750896976,
    "8": 0.0056457304163726185,
    "9": 0.00736695033659342,
    "10": 0.006986109969589874,
    "11": 0.009136890194158916,
    "12": 0.006335326135451057,
    "13": 0.018266475644699142,
    "14": 0.008173618940248028,
    "15": 0.006343403935060746,
    "16": 0,
    "17": 0.006321612011062821,
    "18": 0,
    "19": 0.007295659700754297,
    "20": 0.007731434384537131,
    "21": 0.00716624744910066,
    "22": 0.006373776462554063,
    "23": 0.005908739365815932,
    "24": 0,
    "25": 0,
    "26": 0.007705273296412232,
    "27": 0.01201977938379612,
    "28": 0.007598345676637492,
    "29": 0.007936507936507936,
    "30": 0.005315203955500618,
    "31": 0,
    "32": 0.014489990467111535,
    "33": 0,
    "34": 0.02927675201468938,
    "35": 0,
    "37": 0.010833118390508125,
    "38": 0.005138911193190943,
    "39": 0.0071109072141300605,
    "40": 0.010257272574407264,
    "41": 0.006104099645302318,
    "42": 0.007200587803085966,
    "43": 0,
    "44": 0.009500939653372311,
    "45": 0.012238560599141473,
    "46": 0.005104645227156712,
    "47": 0.005160339107998526,
    "48": 0.01232134056185313,
    "49": 0.006778019849915275,
    "50": 0.010875627440044618,
    "51": 0.028095627298733144,
    "52": 0.00646551724137931,
    "53": 0.0055421122472874874,
    "54": 0,
    "55": 0.00603976955956142,
    "56": 0.006652773324783584,
    "57": 0.00925184592118139,
    "58": 0.00636513862537487,
    "59": 0,
    "60": 0.004866421690336677,
    "61": 0.0054991266093032285,
    "62": 0.012933212084470042,
    "63": 0.007642449453419754,
    "64": 0.005329930185421515,
    "65": 0.008542412651080938,
    "66": 7.751337105650724e-05,
    "67": 0.00846740050804403,
    "68": 0.019567099567099566,
    "69": 0.006625958165519034,
    "70": 0.014204303819001446,
    "71": 0,
    "72": 0.0027320107599193007,
    "73": 0,
    "74": 0.006021458287716225,
    "75": 0.01914630025903818,
    "76": 0.005324480080180406,
    "77": 0.006391632771644393,
    "78": 0.009202250910294604,
    "79": 0.011116204446481778,
    "80": 0.005579734404642339,
    "81": 0.006466910972192283,
    "82": 0.005058924978442081,
    "83": 0.004397905759162304,
    "84": 0.008726899383983572,
    "85": 0,
    "86": 0.012908124525436599,
    "87": 0.006265060240963855,
    "88": 0.018688955672426746,
    "89": 0.005908419497784343,
    "90": 0.03856655290102389,
    "91": 0,
    "92": 0.0067512426737888565,
    "93": 0.000154375781527394,
    "94": 0.007643590303559729,
    "95": 0.006012304250559284,
    "96": 0.006996381182147165,
    "97": 0,
    "98": 0.0014018691588785046,
    "99": 0.04226197622763837,
    "100": 0.006238003838771593,
    "101": 0.007610832751950276,
    "102": 0.0006055834796826743,
    "103": 0.005934959349593496,
    "104": 0.00996076063990341,
    "105": 0,
    "106": 0.016648280012034902,
    "107": 0.02476713120080872,
    "108": 0.006331567385967179,
    "109": 0.004891684136967156,
    "110": 0.007262619922890702,
    "111": 0.003345632515724473,
    "112": 0.0073950381679389315,
    "113": 0.005788025429357624,
    "114": 0.008293321693583587,
    "115": 0.006610576923076923,
    "116": 0.005748730256181281,
    "117": 0.007125103562551781,
    "118": 0.007587902105375655,
    "119": 0.020590582601755787,
    "120": 0.00604308985811876,
    "121": 0.023861323601656256,
    "122": 0.004879356568364611,
    "123": 0.011637347767253045,
    "124": 0.005579912315663611,
    "125": 0.005714285714285714,
    "126": 0.022704286262337392,
    "127": 0.00608859962208692,
    "128": 0.006383197776176259,
    "129": 0.005887014604324691,
    "130": 0.006649168853893263,
    "131": 0.006305053314789059,
    "132": 0.005718055861007257,
    "133": 0.0065931357446546305,
    "134": 0.006564551422319475,
    "135": 0.0005069547859700263,
    "136": 23.469135802469136,
    "137": 0,
    "138": 0.00818349469801752,
    "139": 0.010435690060005217,
    "140": 0.006921783842578859,
    "141": 0.006519274376417234,
    "142": 0.023629916183107672,
    "143": 0.006528590724898694,
    "144": 0,
    "145": 0.021026592455163882,
    "146": 0.0015365703749231714,
    "147": 0.006546644844517185,
    "148": 0.013331009845778513,
    "149": 0.018057375855540993,
    "150": 0.0061890762803651555,
    "151": 0.011642921706193776,
    "152": 0.00633937785640572,
    "153": 0.012313912883661092,
    "154": 0,
    "155": 0.010505684045472363,
    "156": 0.007349735284957957,
    "157": 0.0015048908954100827,
    "158": 0.010693682285071057,
    "159": 0,
    "160": 0.007212292254625274,
    "161": 0.0058408371866634215,
    "162": 0.02339094159713945,
    "163": 0.006821662258109425,
    "164": 0.013377760095484385,
    "165": 0.009038089089735314,
    "166": 0.008150283272040553,
    "167": 0,
    "168": 0.006344827586206896,
    "169": 0.024002940635912517,
    "170": 0.006527093596059113,
    "171": 0.007006760909649662,
    "172": 0.005646323882748679,
    "173": 0.005043859649122807,
    "174": 0,
    "175": 0.0063746998923751965,
    "176": 0.007502287282708142,
    "177": 0.010452961672473868,
    "178": 0.006376999567661046,
    "179": 0.007790858725761773,
    "180": 0.006147037128104254,
    "181": 0.011713933415536375,
    "182": 0.012350163458045769,
    "183": 0,
    "184": 0.007705273296412232,
    "185": 0.007141098251662152,
    "186": 0.005670932638516361,
    "187": 0,
    "188": 0.011633986928104575,
    "189": 0.008209324034923948,
    "190": 0.01036829031212874,
    "191": 0.007667169431875314,
    "192": 0.006007646095030038,
    "193": 0.007353857659229714,
    "194": 0.0073949265187681365,
    "195": 0.006909164803901646,
    "196": 0.006812762575224254
}