{
    "0": 0.005679613362966099,
    "1": 0.3231221876081689,
    "2": 0.3445420075833167,
    "3": 0.3076923076923077,
    "4": 0,
    "5": 0.1936816339019353,
    "6": 0.3208137715179969,
    "7": 0.30192667262824163,
    "8": 0.29920557717250323,
    "9": 0.2179610483289252,
    "10": 0.3060558084306353,
    "11": 0.16727748691099475,
    "12": 0.26306342241723174,
    "13": 0.26920388843001464,
    "14": 0.18517609522640816,
    "15": 0.26248574686431014,
    "16": 0,
    "17": 0.10612735282338806,
    "18": 0,
    "19": 0.23947944539041596,
    "20": 0.26450905101481076,
    "21": 0.25255526503446635,
    "22": 0.04628185127405096,
    "23": 0.2231734259113145,
    "24": 0,
    "25": 0,
    "26": 0.01997963858488165,
    "27": 0.31292008961911877,
    "28": 0.3408669448307835,
    "29": 0.28315332368333146,
    "30": 0.29058631160943704,
    "31": 0,
    "32": 0.08699472759226713,
    "33": 0,
    "34": 0.18377862595419847,
    "35": 0,
    "36": 0.010833118390508125,
    "38": 0.29283728065969894,
    "39": 0.28323133414932683,
    "40": 0.16348954196452212,
    "41": 0.17879852744310576,
    "42": 0.15221047573282076,
    "43": 0,
    "44": 0.297847585805701,
    "45": 0.2918580375782881,
    "46": 0.3028483323865942,
    "47": 0.2710711316048076,
    "48": 0.015503875968992248,
    "49": 0.29327569644572526,
    "50": 0.31615157802773836,
    "51": 0.1556726827450354,
    "52": 0.12087485440662611,
    "53": 0.2675685491193027,
    "54": 0,
    "55": 0.2699927393423919,
    "56": 0.28103529411764705,
    "57": 0.38184108083352414,
    "58": 0.2965034965034965,
    "59": 0,
    "60": 0.22450235994254053,
    "61": 0.3067732366512854,
    "62": 0.2791031588248288,
    "63": 0.3408985102420857,
    "64": 0.25664639443961773,
    "65": 0.0831438127090301,
    "66": 0.0003235539770803392,
    "67": 0.167023841414412,
    "68": 0.1635563849640096,
    "69": 0.015502240970208279,
    "70": 0.31105944197331176,
    "71": 0,
    "72": 0.06341229959320412,
    "73": 0,
    "74": 0.20817684300890654,
    "75": 0.22560035250055077,
    "76": 0.24875139768915394,
    "77": 0.385428185280747,
    "78": 0.31061368209255535,
    "79": 0.29800421470187183,
    "80": 0.2680025046963056,
    "81": 0.06020196789228379,
    "82": 0.28219476744186045,
    "83": 0.24989302524604193,
    "84": 0.20272028385570667,
    "85": 0,
    "86": 0.1079641418734572,
    "87": 0.2681682957926052,
    "88": 0.30920271873988564,
    "89": 0.1512959614225437,
    "90": 0.2062707676578342,
    "91": 0,
    "92": 0.30453050785531605,
    "93": 0.0009001642799810965,
    "94": 0.26989659579412106,
    "95": 0.17517191458559536,
    "96": 0.2616142945163278,
    "97": 0,
    "98": 0.002968311271560369,
    "99": 0.24609375,
    "100": 0.022230739747029514,
    "101": 0.28590551181102364,
    "102": 0.002156862745098039,
    "103": 0.28346231011751216,
    "104": 0.1905375789609385,
    "105": 0,
    "106": 0.21389945924294013,
    "107": 0.2422125883108542,
    "108": 0.1727521679598357,
    "109": 0.2769836906725307,
    "110": 0.2760723724334214,
    "111": 0.0002930268760587885,
    "112": 0.2255210152520666,
    "113": 0.25683512841756423,
    "114": 0.31645977752700305,
    "115": 0.2634834508952794,
    "116": 0.26819763395963814,
    "117": 0.36163421640600063,
    "118": 0.28148234200743494,
    "119": 0.1101793617516888,
    "120": 0.2665810022734012,
    "121": 0.09103303618248558,
    "122": 0.266774345514503,
    "123": 0.24951190941038656,
    "124": 0.07737562348126359,
    "125": 0.26787367554778313,
    "126": 0.08641548565502938,
    "127": 0.2595933843237236,
    "128": 0.25005438329345225,
    "129": 0.23483812129502965,
    "130": 0.28636501670209535,
    "131": 0.3577029520295203,
    "132": 0.30882084928011666,
    "133": 0.27488223674213647,
    "134": 0.11639662994167206,
    "135": 0.002090395480225989,
    "136": 0.008944854537559705,
    "137": 0,
    "138": 0.27421505637046917,
    "139": 0.17112908738749003,
    "140": 0.2605995717344754,
    "141": 0.3693875133278048,
    "142": 0.08494654724068189,
    "143": 0.052109181141439205,
    "144": 0,
    "145": 0.17282608695652174,
    "146": 0.003845044698644622,
    "147": 0.034158288218613046,
    "148": 0.0019411524315488353,
    "149": 0.14706570025718962,
    "150": 0.3022314283024197,
    "151": 0.12110175827886448,
    "152": 0.227614950255445,
    "153": 0.24068767908309455,
    "154": 0,
    "155": 0.31625,
    "156": 0.27109993906154783,
    "157": 0.0013867876954109935,
    "158": 0.18942235558889722,
    "159": 0,
    "160": 0.1761577377091711,
    "161": 0.019334186939820742,
    "162": 0.18223838751231342,
    "163": 0.2095226067188684,
    "164": 0.23607204835138532,
    "165": 0.33877825016782276,
    "166": 0.26898047722342733,
    "167": 0,
    "168": 0.2028119945253204,
    "169": 0.08636757693974859,
    "170": 0.2593192868719611,
    "171": 0.2602790929479193,
    "172": 0.2096108060832807,
    "173": 0.24940239043824702,
    "174": 0,
    "175": 0.29027533684827184,
    "176": 0.24670040686712316,
    "177": 0.2848543221767397,
    "178": 0.27174794393605933,
    "179": 0.12530243219151915,
    "180": 0.29032570763861965,
    "181": 0.07107247858877669,
    "182": 0.09335971311982194,
    "183": 0,
    "184": 0.01997963858488165,
    "185": 0.1836940675114949,
    "186": 0.33521620568757304,
    "187": 0,
    "188": 0.19779699159066683,
    "189": 0.14521462538972696,
    "190": 0.30739580823897855,
    "191": 0.3037327152106147,
    "192": 0.2557599571352027,
    "193": 0.20869463323177878,
    "194": 0.30623365300784655,
    "195": 0.08656873032528856,
    "196": 0.25368593494032293
}