{
    "0": 0.004415164525717464,
    "1": 0.32890644700344623,
    "2": 0.3562615369668707,
    "3": 0.3620253164556962,
    "4": 0,
    "5": 0.1951579568940065,
    "6": 0.30334247387534274,
    "7": 0.4140862717021657,
    "8": 0.3569210106606229,
    "9": 0.2429192619579269,
    "10": 0.3482775836245632,
    "11": 0.13100891926329203,
    "12": 0.3356657963446475,
    "13": 0.2848771266540643,
    "14": 0.2021301775147929,
    "15": 0.34869135206850804,
    "16": 0,
    "17": 0.11278195488721804,
    "18": 0,
    "19": 0.2796168303625561,
    "20": 0.32224719101123595,
    "21": 0.29307087573892376,
    "22": 0.042814549791293975,
    "23": 0.2276888317556776,
    "24": 0,
    "25": 0,
    "26": 0.015935791555193674,
    "27": 0.31036950881274045,
    "28": 0.32756556752639027,
    "29": 0.3936092955700799,
    "30": 0.36959761549925485,
    "31": 0,
    "32": 0.07023714966526722,
    "33": 0,
    "34": 0.14872680189900733,
    "35": 0,
    "36": 0.005138911193190943,
    "37": 0.29283728065969894,
    "39": 0.3073334130876899,
    "40": 0.15280652623888957,
    "41": 0.23312830286753877,
    "42": 0.17356335237207135,
    "43": 0,
    "44": 0.2885120350109409,
    "45": 0.2993855142540546,
    "46": 0.3723386135241015,
    "47": 0.3530077619663648,
    "48": 0.00983568618375376,
    "49": 0.3637732062217762,
    "50": 0.26217848791894,
    "51": 0.15867484917828167,
    "52": 0.13075980392156863,
    "53": 0.33075398697744646,
    "54": 0,
    "55": 0.372586439155815,
    "56": 0.3804724088780289,
    "57": 0.3868267430333737,
    "58": 0.3505576506459119,
    "59": 0,
    "60": 0.30400347184550286,
    "61": 0.3732024455351761,
    "62": 0.2611288166957952,
    "63": 0.3559724262628546,
    "64": 0.2739000427167877,
    "65": 0.07155586196131483,
    "66": 0.0002844141069397042,
    "67": 0.14576517629952745,
    "68": 0.13264457902861893,
    "69": 0.012605042016806723,
    "70": 0.2527195900386586,
    "71": 0,
    "72": 0.06522394487510766,
    "73": 0,
    "74": 0.2297836588951901,
    "75": 0.19219638758606925,
    "76": 0.33378790309642226,
    "77": 0.4154349406348437,
    "78": 0.28991563510210516,
    "79": 0.2605333930972658,
    "80": 0.3464397205292106,
    "81": 0.05375962107756069,
    "82": 0.3373521211664532,
    "83": 0.28758563990134284,
    "84": 0.22829358647835146,
    "85": 0,
    "86": 0.0875,
    "87": 0.3741206319916965,
    "88": 0.27127136962075066,
    "89": 0.1751173708920188,
    "90": 0.20053519299383718,
    "91": 0,
    "92": 0.3895094706168043,
    "93": 0.0008132507647541595,
    "94": 0.3191639267261625,
    "95": 0.2216019417475728,
    "96": 0.29324586977648204,
    "97": 0,
    "98": 0.0025816249050873196,
    "99": 0.23451754856713533,
    "100": 0.018704699555763385,
    "101": 0.32439549916207805,
    "102": 0.0018000094737340724,
    "103": 0.40037910699241785,
    "104": 0.19704373320302956,
    "105": 0,
    "106": 0.16611739556426472,
    "107": 0.20294527071580334,
    "108": 0.22647435151797138,
    "109": 0.35482621744602577,
    "110": 0.301254390366282,
    "111": 5.456728145803776e-05,
    "112": 0.24445701357466063,
    "113": 0.34305846086094904,
    "114": 0.33474069943439816,
    "115": 0.32903008531656935,
    "116": 0.34893775624301154,
    "117": 0.3038058991436727,
    "118": 0.3164878273912542,
    "119": 0.08807744922656004,
    "120": 0.3583986443550095,
    "121": 0.07222443294866693,
    "122": 0.33580071174377224,
    "123": 0.2143859649122807,
    "124": 0.08574181117533719,
    "125": 0.3391323024054983,
    "126": 0.0684526740864769,
    "127": 0.33500767406167153,
    "128": 0.32363305672388315,
    "129": 0.28971528181289946,
    "130": 0.37365475678002585,
    "131": 0.35174450399212515,
    "132": 0.35318597983908256,
    "133": 0.33764789962677677,
    "134": 0.12104622871046229,
    "135": 0.0020499182802847724,
    "136": 0.004222150048717116,
    "137": 0,
    "138": 0.29734848484848486,
    "139": 0.20128118678354687,
    "140": 0.3304735376044568,
    "141": 0.307732716957344,
    "142": 0.0684461858699645,
    "143": 0.04449202950273614,
    "144": 0,
    "145": 0.13818678637650045,
    "146": 0.0031497480201583875,
    "147": 0.02970647176706354,
    "148": 0.00047541598899036657,
    "149": 0.12210593085949889,
    "150": 0.37908820614469774,
    "151": 0.12012354478498456,
    "152": 0.18078695498050337,
    "153": 0.2212401322447878,
    "154": 0,
    "155": 0.25808388369499957,
    "156": 0.32610239015539955,
    "157": 0.0011583458820803893,
    "158": 0.16930868574322613,
    "159": 0,
    "160": 0.19699248120300752,
    "161": 0.016531832571227575,
    "162": 0.14405729238396914,
    "163": 0.22535553664762367,
    "164": 0.2359785897137538,
    "165": 0.35352985967584033,
    "166": 0.35936236571560587,
    "167": 0,
    "168": 0.2677931387608807,
    "169": 0.06861434008846827,
    "170": 0.29506172839506173,
    "171": 0.2948133546876925,
    "172": 0.256398583712696,
    "173": 0.32831541218637994,
    "174": 0,
    "175": 0.3977671451355662,
    "176": 0.34195893926432847,
    "177": 0.2649515536251253,
    "178": 0.3183940242763772,
    "179": 0.12753519446432832,
    "180": 0.40673989548896233,
    "181": 0.05791058605513088,
    "182": 0.0755813953488372,
    "183": 0,
    "184": 0.015935791555193674,
    "185": 0.22459532374100719,
    "186": 0.37308030910691575,
    "187": 0,
    "188": 0.1939070491438737,
    "189": 0.16237523046601818,
    "190": 0.3022409282220453,
    "191": 0.31454516987631126,
    "192": 0.34841628959276016,
    "193": 0.2274019329164298,
    "194": 0.37810268616116965,
    "195": 0.08041410858312267,
    "196": 0.2969135078042483
}