{
    "0": 0.004459474525251774,
    "1": 0.27849210987726475,
    "2": 0.30932400932400933,
    "3": 0.31333075235514257,
    "4": 0,
    "5": 0.16209104464520657,
    "6": 0.2338023560209424,
    "7": 0.28197919595164467,
    "8": 0.28388794886256813,
    "9": 0.35418265541059096,
    "10": 0.2899380066762041,
    "11": 0.16803584764749813,
    "12": 0.28294177732379977,
    "13": 0.20950338449165606,
    "14": 0.2291404988336623,
    "15": 0.3275144138372838,
    "16": 0,
    "17": 0.15964184319720462,
    "18": 0,
    "19": 0.3257877580586744,
    "20": 0.3032581453634085,
    "21": 0.19225990806311344,
    "22": 0.06439393939393939,
    "23": 0.14242586365025986,
    "24": 0,
    "25": 0,
    "26": 0.025604260548955347,
    "27": 0.2802865827181937,
    "28": 0.32565505326806793,
    "29": 0.3447219243143864,
    "30": 0.27437438335276704,
    "31": 0,
    "32": 0.1034416826003824,
    "33": 0,
    "34": 0.16548797736916548,
    "35": 0,
    "36": 0.0071109072141300605,
    "37": 0.28323133414932683,
    "38": 0.3073334130876899,
    "40": 0.20431625655506253,
    "41": 0.19944833439422874,
    "42": 0.18434873949579833,
    "43": 0,
    "44": 0.29132690882134915,
    "45": 0.2753067484662577,
    "46": 0.28972932189003114,
    "47": 0.2592495408029389,
    "48": 0.012527783390583956,
    "49": 0.3211065074335852,
    "50": 0.27752383439989553,
    "51": 0.11812195820211853,
    "52": 0.16956077630234934,
    "53": 0.2791011235955056,
    "54": 0,
    "55": 0.29744698095366745,
    "56": 0.3055258467023173,
    "57": 0.3351796811672521,
    "58": 0.2714260470047712,
    "59": 0,
    "60": 0.28931623931623934,
    "61": 0.283387005114605,
    "62": 0.28252262443438914,
    "63": 0.3696646341463415,
    "64": 0.21803835397522972,
    "65": 0.04612249136744814,
    "66": 0.0002848980911827891,
    "67": 0.20068853786958282,
    "68": 0.1780392156862745,
    "69": 0.015033372840122263,
    "70": 0.23680036256514841,
    "71": 0,
    "72": 0.046221405686375554,
    "73": 0,
    "74": 0.20538814053603666,
    "75": 0.2146685472496474,
    "76": 0.24222899434044406,
    "77": 0.3619827194179172,
    "78": 0.247203374289382,
    "79": 0.2927615669837176,
    "80": 0.24357472072494338,
    "81": 0.08164111065064235,
    "82": 0.25490035935968636,
    "83": 0.19824600603284548,
    "84": 0.2543934482170278,
    "85": 0,
    "86": 0.12280701754385964,
    "87": 0.30422535211267604,
    "88": 0.2607810711105457,
    "89": 0.22098421541318478,
    "90": 0.17364911931535476,
    "91": 0,
    "92": 0.3069087688219663,
    "93": 0.0007674067025301398,
    "94": 0.307096570254465,
    "95": 0.27279620853080566,
    "96": 0.30757234448102583,
    "97": 0,
    "98": 0.003391626921038686,
    "99": 0.2437200956937799,
    "100": 0.030804217490179864,
    "101": 0.24915884540463965,
    "102": 0.0021296189708760217,
    "103": 0.29824351774405544,
    "104": 0.2384985563041386,
    "105": 0,
    "106": 0.199900174694285,
    "107": 0.18459766040411202,
    "108": 0.2615732683605987,
    "109": 0.31289418360196214,
    "110": 0.29788622129436326,
    "111": 5.64881327847708e-05,
    "112": 0.2308050255932992,
    "113": 0.2866268007610764,
    "114": 0.2539849360658609,
    "115": 0.32112550245645377,
    "116": 0.24425332290852228,
    "117": 0.27695760009448445,
    "118": 0.31486697965571203,
    "119": 0.11674958540630183,
    "120": 0.30096339113680154,
    "121": 0.060262899173433346,
    "122": 0.23655352480417755,
    "123": 0.24687224669603525,
    "124": 0.11350133169432493,
    "125": 0.28309840600711367,
    "126": 0.05766175621028307,
    "127": 0.23275048973372997,
    "128": 0.2809413131900058,
    "129": 0.2779532533164877,
    "130": 0.29124984171204255,
    "131": 0.3286194343321199,
    "132": 0.285561725758223,
    "133": 0.2679171827995045,
    "134": 0.169737114469054,
    "135": 0.0019145256916996047,
    "136": 0.00535568750727675,
    "137": 0,
    "138": 0.310948175304116,
    "139": 0.22805264034649342,
    "140": 0.28758815232722146,
    "141": 0.2976010966415353,
    "142": 0.056627670566276704,
    "143": 0.06701570680628273,
    "144": 0,
    "145": 0.1725230414746544,
    "146": 0.003517791909078609,
    "147": 0.04757929883138564,
    "148": 0.0005244851763926461,
    "149": 0.16451506123800066,
    "150": 0.29614466052541794,
    "151": 0.07766944000762867,
    "152": 0.2688660608455156,
    "153": 0.1855277475516866,
    "154": 0,
    "155": 0.24486960239418554,
    "156": 0.24099913867355727,
    "157": 0.0022485690923957483,
    "158": 0.14290571169537625,
    "159": 0,
    "160": 0.2681506136883711,
    "161": 0.025486945710733528,
    "162": 0.14730559640169535,
    "163": 0.36382799325463744,
    "164": 0.1748356807511737,
    "165": 0.3612391930835735,
    "166": 0.3098284384995638,
    "167": 0,
    "168": 0.31157853351680753,
    "169": 0.057817713072490146,
    "170": 0.3434212954419635,
    "171": 0.3422794117647059,
    "172": 0.16381715793211912,
    "173": 0.3296739308536785,
    "174": 0,
    "175": 0.3044542339696525,
    "176": 0.28975404445613573,
    "177": 0.29525930639516385,
    "178": 0.41813961792537047,
    "179": 0.15340142609365967,
    "180": 0.30693430656934306,
    "181": 0.08424182358771061,
    "182": 0.11018053229108506,
    "183": 0,
    "184": 0.025604260548955347,
    "185": 0.20440203170694166,
    "186": 0.3271981242672919,
    "187": 0,
    "188": 0.20315264597072544,
    "189": 0.09972491858222404,
    "190": 0.30207366140513775,
    "191": 0.2477441962330267,
    "192": 0.2757541899441341,
    "193": 0.22564102564102564,
    "194": 0.31300138312586445,
    "195": 0.11423220973782772,
    "196": 0.31311962987442166
}