{
    "0": 0.0036362214576165157,
    "1": 0.13742520748890175,
    "2": 0.15981952030396582,
    "3": 0.1762278167560875,
    "4": 0,
    "5": 0.09826196718127973,
    "6": 0.18094468390804597,
    "7": 0.13267254705828863,
    "8": 0.1323449154084046,
    "9": 0.19690768531150524,
    "10": 0.16048915784165407,
    "11": 0.2067741935483871,
    "12": 0.15957742563247151,
    "13": 0.0998239551411619,
    "14": 0.18470196981325146,
    "15": 0.1837916063675832,
    "16": 0,
    "17": 0.19422014449638758,
    "18": 0,
    "19": 0.20168067226890757,
    "20": 0.19014443500424807,
    "21": 0.09522938018545632,
    "22": 0.11961722488038277,
    "23": 0.06259118762766268,
    "24": 0,
    "25": 0,
    "26": 0.05456255879586077,
    "27": 0.1496080627099664,
    "28": 0.1921362623368354,
    "29": 0.18466898954703834,
    "30": 0.12036640698570328,
    "31": 0,
    "32": 0.15762081784386617,
    "33": 0,
    "34": 0.13929750825577905,
    "35": 0,
    "36": 0.010257272574407264,
    "37": 0.16348954196452212,
    "38": 0.15280652623888957,
    "39": 0.20431625655506253,
    "41": 0.11232651140908022,
    "42": 0.15917407213800314,
    "43": 0,
    "44": 0.19294860550780565,
    "45": 0.17169107091587713,
    "46": 0.12890449185345215,
    "47": 0.11825040264474018,
    "48": 0.019430637144148215,
    "49": 0.15192495126705652,
    "50": 0.19116088996518843,
    "51": 0.06928057118654324,
    "52": 0.17253646389185343,
    "53": 0.13293016887266088,
    "54": 0,
    "55": 0.17040225619712038,
    "56": 0.1521712834159913,
    "57": 0.1909221902017291,
    "58": 0.12163534789233113,
    "59": 0,
    "60": 0.1490625,
    "61": 0.12775852635418566,
    "62": 0.18795620437956204,
    "63": 0.19690122659780504,
    "64": 0.12833008447043534,
    "65": 0.02418440447353502,
    "66": 0.00023601419232009818,
    "67": 0.2666420118343195,
    "68": 0.2236198462613557,
    "69": 0.014068697148843822,
    "70": 0.18140649973361747,
    "71": 0,
    "72": 0.026228457647678116,
    "73": 0,
    "74": 0.1569115815691158,
    "75": 0.17522935779816515,
    "76": 0.10574556564542137,
    "77": 0.20960554546954943,
    "78": 0.1356457980823463,
    "79": 0.21222513617107122,
    "80": 0.10678307588985897,
    "81": 0.15498154981549817,
    "82": 0.11107654013690106,
    "83": 0.08458705944239873,
    "84": 0.1929664306919388,
    "85": 0,
    "86": 0.21385420861860652,
    "87": 0.18186119873817036,
    "88": 0.17501836884643646,
    "89": 0.17830932318564827,
    "90": 0.11704688753869082,
    "91": 0,
    "92": 0.14960369881109642,
    "93": 0.0006663269705640261,
    "94": 0.21985678343332687,
    "95": 0.18732430360337338,
    "96": 0.1972310969116081,
    "97": 0,
    "98": 0.004955699053911999,
    "99": 0.180128934395146,
    "100": 0.06134094151212553,
    "101": 0.12535360678925037,
    "102": 0.0021215439364905557,
    "103": 0.15570419918246006,
    "104": 0.2275022275022275,
    "105": 0,
    "106": 0.15457364341085272,
    "107": 0.12186028257456828,
    "108": 0.16868008948545862,
    "109": 0.13808106251431188,
    "110": 0.16292765002804263,
    "111": 7.734026817737991e-05,
    "112": 0.17529961405646963,
    "113": 0.16661617691608605,
    "114": 0.1542851965935858,
    "115": 0.1670706091452577,
    "116": 0.10713752426459609,
    "117": 0.1687491948988793,
    "118": 0.18458781362007168,
    "119": 0.13995609220636662,
    "120": 0.15742372881355932,
    "121": 0.0426793813234097,
    "122": 0.10354882298556291,
    "123": 0.2474442988204456,
    "124": 0.14274290283886445,
    "125": 0.1634881350997234,
    "126": 0.041275219467118436,
    "127": 0.10939357907253269,
    "128": 0.17978868438991139,
    "129": 0.18505613627564846,
    "130": 0.17045924700041373,
    "131": 0.18902068126520682,
    "132": 0.14753742677370363,
    "133": 0.11619063714720297,
    "134": 0.19570944674444862,
    "135": 0.0018566027545233595,
    "136": 0.008610297916307904,
    "137": 0,
    "138": 0.2056378016629487,
    "139": 0.17120359955005623,
    "140": 0.18533638145003264,
    "141": 0.18567228841095468,
    "142": 0.03918876095912116,
    "143": 0.13151602104256338,
    "144": 0,
    "145": 0.1597668810289389,
    "146": 0.0054124269322364145,
    "147": 0.1010689990281827,
    "148": 0.0005380522508519161,
    "149": 0.1741918932786044,
    "150": 0.14411933448078026,
    "151": 0.038366365800202674,
    "152": 0.2536101083032491,
    "153": 0.11187026671056964,
    "154": 0,
    "155": 0.16436562723161152,
    "156": 0.12292817679558012,
    "157": 0.004241281809613572,
    "158": 0.07921367919041526,
    "159": 0,
    "160": 0.22340759334797616,
    "161": 0.05722599418040737,
    "162": 0.10164808052896476,
    "163": 0.2082027168234065,
    "164": 0.0954675118858954,
    "165": 0.18262938726948244,
    "166": 0.1832734400522705,
    "167": 0,
    "168": 0.2107855846512834,
    "169": 0.042280459021730284,
    "170": 0.22798993825748914,
    "171": 0.22779043280182232,
    "172": 0.07779698691034824,
    "173": 0.1943342776203966,
    "174": 0,
    "175": 0.16980888429752067,
    "176": 0.16200716845878135,
    "177": 0.20629644114196324,
    "178": 0.1937927212266765,
    "179": 0.1588293324564288,
    "180": 0.16153846153846155,
    "181": 0.1592733417828475,
    "182": 0.14844017826534112,
    "183": 0,
    "184": 0.05456255879586077,
    "185": 0.1518495810341304,
    "186": 0.15583063396575658,
    "187": 0,
    "188": 0.17599093997734994,
    "189": 0.048413762984683535,
    "190": 0.2604166666666667,
    "191": 0.13099126136463943,
    "192": 0.14484679665738162,
    "193": 0.17287917737789202,
    "194": 0.19092307692307692,
    "195": 0.22119815668202766,
    "196": 0.19104419241298395
}