{
    "0": 0.003770028275212064,
    "1": 0.23430170978968073,
    "2": 0.22439759036144577,
    "3": 0.2216221082005581,
    "4": 0,
    "5": 0.12860536138445877,
    "6": 0.20624008461131677,
    "7": 0.23457240926020595,
    "8": 0.21045936395759718,
    "9": 0.1667387543252595,
    "10": 0.22008288723881886,
    "11": 0.08721704394141146,
    "12": 0.22540680473372782,
    "13": 0.21510377303645137,
    "14": 0.15452588648464938,
    "15": 0.2484228844898847,
    "16": 0,
    "17": 0.09575940606518182,
    "18": 0,
    "19": 0.21101541251133274,
    "20": 0.20908820908820908,
    "21": 0.17248953974895398,
    "22": 0.03570558128198879,
    "23": 0.14650659593773993,
    "24": 0,
    "25": 0,
    "26": 0.014423076923076924,
    "27": 0.19830561656730467,
    "28": 0.18452490351038411,
    "29": 0.235174448174143,
    "30": 0.22762112369031715,
    "31": 0,
    "32": 0.05823016964695094,
    "33": 0,
    "34": 0.11952861952861953,
    "35": 0,
    "36": 0.006104099645302318,
    "37": 0.17879852744310576,
    "38": 0.23312830286753877,
    "39": 0.19944833439422874,
    "40": 0.11232651140908022,
    "42": 0.15982163811311897,
    "43": 0,
    "44": 0.20129288910989557,
    "45": 0.24707125024006146,
    "46": 0.23029030623325852,
    "47": 0.21376090091327338,
    "48": 0.011800120409391933,
    "49": 0.27855563743551953,
    "50": 0.18847086288946754,
    "51": 0.12121964542881264,
    "52": 0.11043169866699279,
    "53": 0.25252349460494256,
    "54": 0,
    "55": 0.21038888370791756,
    "56": 0.29051475379316766,
    "57": 0.1977730646871686,
    "58": 0.21462780514504654,
    "59": 0,
    "60": 0.2603227834835464,
    "61": 0.24426058437686346,
    "62": 0.1781437125748503,
    "63": 0.20900229357798164,
    "64": 0.1635117007005515,
    "65": 0.04889178617992177,
    "66": 0.00024754889090595393,
    "67": 0.11492750178274305,
    "68": 0.09888837424733674,
    "69": 0.012174449067652951,
    "70": 0.16341030195381884,
    "71": 0,
    "72": 0.051484730001056744,
    "73": 0,
    "74": 0.1619409529377375,
    "75": 0.14238347859037515,
    "76": 0.2468451382303596,
    "77": 0.24564231738035264,
    "78": 0.21898235894445253,
    "79": 0.14177876705700185,
    "80": 0.2144901723808918,
    "81": 0.0420863309352518,
    "82": 0.21167835801506885,
    "83": 0.1770505858816805,
    "84": 0.17608815426997246,
    "85": 0,
    "86": 0.07046704904600258,
    "87": 0.2241513850955911,
    "88": 0.16200636668674182,
    "89": 0.2675901796735701,
    "90": 0.14449593557699614,
    "91": 0,
    "92": 0.23581821154160537,
    "93": 0.0007327595875610321,
    "94": 0.20292692981552096,
    "95": 0.1999274749184093,
    "96": 0.213270672485174,
    "97": 0,
    "98": 0.0028004667444574095,
    "99": 0.1787091536431906,
    "100": 0.016527928580045845,
    "101": 0.2454212454212454,
    "102": 0.001682207055657022,
    "103": 0.2320572076393128,
    "104": 0.1654477880350078,
    "105": 0,
    "106": 0.1153781512605042,
    "107": 0.12968645763842562,
    "108": 0.21613358419567263,
    "109": 0.2529513888888889,
    "110": 0.20914855072463767,
    "111": 9.12100841869077e-05,
    "112": 0.21962145817000783,
    "113": 0.23047711781888996,
    "114": 0.21469122126834672,
    "115": 0.2746169506053788,
    "116": 0.21620760010201479,
    "117": 0.17865619117767412,
    "118": 0.22425701130179992,
    "119": 0.0716540404040404,
    "120": 0.2691823899371069,
    "121": 0.057182887491447,
    "122": 0.2083256922794792,
    "123": 0.13902308105206657,
    "124": 0.08237476808905381,
    "125": 0.2057874850244217,
    "126": 0.05512779035910709,
    "127": 0.24247376029162215,
    "128": 0.19170731707317074,
    "129": 0.21198799056401457,
    "130": 0.21508756174225416,
    "131": 0.21796801505174035,
    "132": 0.18994370911303818,
    "133": 0.2421451013996001,
    "134": 0.10220221438131159,
    "135": 0.0019835726658099123,
    "136": 0.004920356934367443,
    "137": 0,
    "138": 0.1980481595417418,
    "139": 0.31769923397392824,
    "140": 0.1953125,
    "141": 0.19149912788029008,
    "142": 0.054002828003249195,
    "143": 0.03769913656816247,
    "144": 0,
    "145": 0.10788421253094649,
    "146": 0.002774951438349829,
    "147": 0.025563363217833777,
    "148": 0.0006811645390786619,
    "149": 0.10254522507362221,
    "150": 0.24298746696223036,
    "151": 0.08242979325207085,
    "152": 0.12192145551364544,
    "153": 0.15656943405634505,
    "154": 0,
    "155": 0.13883166568569746,
    "156": 0.24923747276688454,
    "157": 0.0013221153846153847,
    "158": 0.12535912660409884,
    "159": 0,
    "160": 0.16771643818698284,
    "161": 0.01415436728768449,
    "162": 0.11501170177198261,
    "163": 0.16135639508420574,
    "164": 0.16280303432178664,
    "165": 0.21570817048203983,
    "166": 0.20800933125972007,
    "167": 0,
    "168": 0.24398319113714503,
    "169": 0.055641997023406845,
    "170": 0.19618921014733576,
    "171": 0.19492273730684326,
    "172": 0.17836351134540454,
    "173": 0.22837184309511016,
    "174": 0,
    "175": 0.23920799143774527,
    "176": 0.2716185144456663,
    "177": 0.14622641509433962,
    "178": 0.20287032291132753,
    "179": 0.13307701847947415,
    "180": 0.23490051065328402,
    "181": 0.048863770163664194,
    "182": 0.061649229384632694,
    "183": 0,
    "184": 0.014546766049531137,
    "185": 0.17270880119773285,
    "186": 0.2199146281398785,
    "187": 0,
    "188": 0.13476582872640033,
    "189": 0.12127129081678632,
    "190": 0.21679484514653918,
    "191": 0.22614240170031882,
    "192": 0.3201023114816218,
    "193": 0.21012514220705347,
    "194": 0.21487758945386065,
    "195": 0.0556084782090974,
    "196": 0.1921552263717922
}