{
    "0": 0.00326809950401784,
    "1": 0.16546626231993936,
    "2": 0.17411419544120965,
    "3": 0.16498316498316498,
    "4": 0,
    "5": 0.1354196851154255,
    "6": 0.13734862970044615,
    "7": 0.15013664815304592,
    "8": 0.14245858761987795,
    "9": 0.16273315569090216,
    "10": 0.19026116670734683,
    "11": 0.12782859894077997,
    "12": 0.18497876857749468,
    "13": 0.1248132025209538,
    "14": 0.20483025746183642,
    "15": 0.21841834988017803,
    "16": 0,
    "17": 0.17472852912142153,
    "18": 0,
    "19": 0.22997153314355429,
    "20": 0.2033924925396576,
    "21": 0.10980580196595541,
    "22": 0.08152173913043478,
    "23": 0.07565956828257868,
    "24": 0,
    "25": 0,
    "26": 0.029880478087649404,
    "27": 0.1387918635709883,
    "28": 0.173974540311174,
    "29": 0.20256687799597958,
    "30": 0.14167294649585532,
    "31": 0,
    "32": 0.0995611629182666,
    "33": 0,
    "34": 0.11802802008987576,
    "35": 0,
    "36": 0.007200587803085966,
    "37": 0.15221047573282076,
    "38": 0.17356335237207135,
    "39": 0.18434873949579833,
    "40": 0.15917407213800314,
    "41": 0.15982163811311897,
    "43": 0,
    "44": 0.19007742139358508,
    "45": 0.1923913043478261,
    "46": 0.1336985363348455,
    "47": 0.13061257871922793,
    "48": 0.02303839732888147,
    "49": 0.1762016412661196,
    "50": 0.14461259862889664,
    "51": 0.09236148791222042,
    "52": 0.24220006432936636,
    "53": 0.17056442545536316,
    "54": 0,
    "55": 0.20008514261387825,
    "56": 0.1813489736070381,
    "57": 0.1906970580439968,
    "58": 0.1439595087952207,
    "59": 0,
    "60": 0.18592436974789917,
    "61": 0.14201547660921562,
    "62": 0.165112212183037,
    "63": 0.16149762503492596,
    "64": 0.16741790083708952,
    "65": 0.027572396796056685,
    "66": 0.0002579354223497135,
    "67": 0.16791845493562232,
    "68": 0.18089764641488779,
    "69": 0.01252022226911444,
    "70": 0.14054179208150036,
    "71": 0,
    "72": 0.03518438078690474,
    "73": 0,
    "74": 0.23031810911675848,
    "75": 0.13657551274083282,
    "76": 0.14717724663753962,
    "77": 0.22106711512001223,
    "78": 0.1417843733237976,
    "79": 0.16022746278641914,
    "80": 0.12603441962651044,
    "81": 0.08615188257817485,
    "82": 0.12551035838499924,
    "83": 0.0946977511863008,
    "84": 0.20309635363617845,
    "85": 0,
    "86": 0.11763046544428774,
    "87": 0.19767441860465115,
    "88": 0.1518147521790035,
    "89": 0.21789499630268672,
    "90": 0.14075792730085074,
    "91": 0,
    "92": 0.15826213794540528,
    "93": 0.0005918219550371057,
    "94": 0.2091548088462198,
    "95": 0.19699349338119812,
    "96": 0.25178244041556325,
    "97": 0,
    "98": 0.003463434128147063,
    "99": 0.2134711332858161,
    "100": 0.03090727816550349,
    "101": 0.15343684577808792,
    "102": 0.002072002072002072,
    "103": 0.18446601941747573,
    "104": 0.2104089219330855,
    "105": 0,
    "106": 0.10199844277186608,
    "107": 0.10226462196861626,
    "108": 0.1931216931216931,
    "109": 0.16972271914132378,
    "110": 0.16199176531137416,
    "111": 8.631354834997267e-05,
    "112": 0.32758239327582395,
    "113": 0.1994773519163763,
    "114": 0.1393538667559424,
    "115": 0.2110120444235883,
    "116": 0.1261168888237879,
    "117": 0.15928059245327378,
    "118": 0.21789223991867163,
    "119": 0.10258658483121438,
    "120": 0.20763338260986428,
    "121": 0.03911596424965409,
    "122": 0.12310168661207922,
    "123": 0.16799509503372165,
    "124": 0.20466411416637662,
    "125": 0.19817543859649123,
    "126": 0.037305122494432075,
    "127": 0.12313152685823493,
    "128": 0.20003177629488403,
    "129": 0.2394392523364486,
    "130": 0.19135559921414538,
    "131": 0.18913649025069637,
    "132": 0.15457154571545714,
    "133": 0.14391914467089875,
    "134": 0.17285417285417284,
    "135": 0.0019376026272577996,
    "136": 0.00585321927059883,
    "137": 0,
    "138": 0.21561065197428833,
    "139": 0.2230491175845205,
    "140": 0.20228310502283106,
    "141": 0.19552431501936596,
    "142": 0.03605384222184359,
    "143": 0.08758877240446399,
    "144": 0,
    "145": 0.11852223336676697,
    "146": 0.004955037621581942,
    "147": 0.06296800544588155,
    "148": 0.0006417736289381563,
    "149": 0.12783505154639174,
    "150": 0.18025944726452342,
    "151": 0.05045079154736269,
    "152": 0.15281501340482573,
    "153": 0.11849984242042232,
    "154": 0,
    "155": 0.10915922014622258,
    "156": 0.15116874253540352,
    "157": 0.003044654939106901,
    "158": 0.08305237131939762,
    "159": 0,
    "160": 0.21625887924230466,
    "161": 0.03814432989690722,
    "162": 0.09251341762940053,
    "163": 0.16752027315407597,
    "164": 0.10472785551377674,
    "165": 0.16317880794701986,
    "166": 0.19993913572732805,
    "167": 0,
    "168": 0.24405182567726738,
    "169": 0.03759192614614301,
    "170": 0.21623234533518998,
    "171": 0.21581450653983353,
    "172": 0.10094746763232303,
    "173": 0.19322607959356478,
    "174": 0,
    "175": 0.18862128287048416,
    "176": 0.1927893215907527,
    "177": 0.15342199156665584,
    "178": 0.1863793387070242,
    "179": 0.2463768115942029,
    "180": 0.187758076269128,
    "181": 0.07569141193595343,
    "182": 0.09451455060520217,
    "183": 0,
    "184": 0.029880478087649404,
    "185": 0.24808131093134206,
    "186": 0.14130663856691253,
    "187": 0,
    "188": 0.19889048695294842,
    "189": 0.06887505136390934,
    "190": 0.20006646726487204,
    "191": 0.1480085653104925,
    "192": 0.17598460842009958,
    "193": 0.30388612742882964,
    "194": 0.19874715261958997,
    "195": 0.09698795180722891,
    "196": 0.21010064701653486
}