{
    "0": 0.004661365505895256,
    "1": 0.28675169909691833,
    "2": 0.29588216320825717,
    "3": 0.3052644116245831,
    "4": 0,
    "5": 0.1979602510460251,
    "6": 0.27187883749488334,
    "7": 0.2965074194715889,
    "8": 0.28248688072578493,
    "9": 0.23720162137817144,
    "10": 0.30204913392958227,
    "11": 0.1712955263595543,
    "12": 0.2776401179941003,
    "13": 0.2362351686441808,
    "14": 0.2388888888888889,
    "15": 0.30398742318136346,
    "16": 0,
    "17": 0.14882506527415143,
    "18": 0,
    "19": 0.24847129008202834,
    "20": 0.3023634881825591,
    "21": 0.2459016393442623,
    "22": 0.057320319432120674,
    "23": 0.17016570297644457,
    "24": 0,
    "25": 0,
    "26": 0.024813465209092486,
    "27": 0.2888682554420716,
    "28": 0.32657146670225545,
    "29": 0.32168409466153,
    "30": 0.269334912844813,
    "31": 0,
    "32": 0.09400164338537387,
    "33": 0,
    "34": 0.1666484656546904,
    "35": 0,
    "36": 0.009500939653372311,
    "37": 0.297847585805701,
    "38": 0.2885120350109409,
    "39": 0.29132690882134915,
    "40": 0.19294860550780565,
    "41": 0.20129288910989557,
    "42": 0.19007742139358508,
    "43": 0,
    "45": 0.2869376432275962,
    "46": 0.28311757403795,
    "47": 0.2505749014454665,
    "48": 0.01924410540915395,
    "49": 0.2944033557787835,
    "50": 0.31494661921708184,
    "51": 0.1759159159159159,
    "52": 0.14996520528879612,
    "53": 0.25595664178341343,
    "54": 0,
    "55": 0.31815843621399176,
    "56": 0.304826512455516,
    "57": 0.36611451676014084,
    "58": 0.259776767259198,
    "59": 0,
    "60": 0.26455970434560977,
    "61": 0.2670239873473333,
    "62": 0.2813926196375016,
    "63": 0.3437371663244353,
    "64": 0.27349044199453826,
    "65": 0.059784397088439314,
    "66": 0.0002676004648602361,
    "67": 0.1899982391266068,
    "68": 0.18916065458384657,
    "69": 0.014766686355581808,
    "70": 0.27358595399488833,
    "71": 0,
    "72": 0.06632769392129144,
    "73": 0,
    "74": 0.2728160759140385,
    "75": 0.2195598385206407,
    "76": 0.23752052545155994,
    "77": 0.44364250614250617,
    "78": 0.271350479433641,
    "79": 0.2852760736196319,
    "80": 0.24588815789473684,
    "81": 0.07663782447466007,
    "82": 0.24586760974859692,
    "83": 0.2118099423235375,
    "84": 0.23185362927414518,
    "85": 0,
    "86": 0.1320754716981132,
    "87": 0.3158312392540669,
    "88": 0.30790464240903387,
    "89": 0.19322900031938678,
    "90": 0.2487051999171328,
    "91": 0,
    "92": 0.2897339178305638,
    "93": 0.0007696762787295007,
    "94": 0.31169778296382733,
    "95": 0.23908083441981748,
    "96": 0.2872962165487542,
    "97": 0,
    "98": 0.0035776445561786887,
    "99": 0.29784109267146425,
    "100": 0.027913468248429867,
    "101": 0.2770276156459622,
    "102": 0.0020777516539996718,
    "103": 0.3239843028624192,
    "104": 0.3323643410852713,
    "105": 0,
    "106": 0.19366639990854007,
    "107": 0.21841804933719602,
    "108": 0.2271018198225297,
    "109": 0.2739697443922796,
    "110": 0.2807934434018292,
    "111": 0.00021475256769374417,
    "112": 0.2492753623188406,
    "113": 0.2842435655994978,
    "114": 0.30207872622733306,
    "115": 0.29420366923690505,
    "116": 0.24743426473893176,
    "117": 0.3484446587894864,
    "118": 0.29784537389100124,
    "119": 0.11298606016140866,
    "120": 0.3151485630784218,
    "121": 0.07372003765660076,
    "122": 0.2390557939914163,
    "123": 0.27893864013267,
    "124": 0.10813666784078901,
    "125": 0.31421668362156663,
    "126": 0.06975244509726651,
    "127": 0.24268429938097918,
    "128": 0.2891924793723793,
    "129": 0.291023945938005,
    "130": 0.3065175565175565,
    "131": 0.4218591875090357,
    "132": 0.2932697188102731,
    "133": 0.2510068217309115,
    "134": 0.1476157082748948,
    "135": 0.0018919487071683834,
    "136": 0.0074011418904631,
    "137": 0,
    "138": 0.2778264680105171,
    "139": 0.2130832841110455,
    "140": 0.3083612040133779,
    "141": 0.30084205154376115,
    "142": 0.0691588165052408,
    "143": 0.06535714285714286,
    "144": 0,
    "145": 0.16925486102048806,
    "146": 0.004100337674867342,
    "147": 0.042789223454833596,
    "148": 0.0012132323205090183,
    "149": 0.1560346091802317,
    "150": 0.2826862539349423,
    "151": 0.09393793601154679,
    "152": 0.25359431837865926,
    "153": 0.1988400994200497,
    "154": 0,
    "155": 0.2791356341130809,
    "156": 0.26025673294739493,
    "157": 0.0024125452352231603,
    "158": 0.15540503025928598,
    "159": 0,
    "160": 0.21176268861454048,
    "161": 0.023972003499562553,
    "162": 0.15647214415605884,
    "163": 0.23055956389289722,
    "164": 0.1946229913473424,
    "165": 0.3391576476724475,
    "166": 0.3036928409545394,
    "167": 0,
    "168": 0.3070021111893033,
    "169": 0.07050727635091941,
    "170": 0.288491690185011,
    "171": 0.2877012033130177,
    "172": 0.19394343103094897,
    "173": 0.31880189798339265,
    "174": 0,
    "175": 0.32745028826920813,
    "176": 0.2914523634582415,
    "177": 0.28131710808876165,
    "178": 0.28887323943661974,
    "179": 0.16339193381592554,
    "180": 0.3163347530793139,
    "181": 0.0884588804422944,
    "182": 0.10293643110680865,
    "183": 0,
    "184": 0.024813465209092486,
    "185": 0.2476982476982477,
    "186": 0.32134659525631215,
    "187": 0,
    "188": 0.24560049397962333,
    "189": 0.1360838244924689,
    "190": 0.3459289248762933,
    "191": 0.292702273929138,
    "192": 0.2775501628322303,
    "193": 0.2434769643655882,
    "194": 0.3349584925550138,
    "195": 0.10782391730529317,
    "196": 0.2712544802867384
}