{
    "0": 0.004864055874282864,
    "1": 0.3634995296331138,
    "2": 0.36024121878967413,
    "3": 0.2971793507184673,
    "4": 0,
    "5": 0.1810244016527637,
    "6": 0.32362958157638666,
    "7": 0.3033291192583228,
    "8": 0.2962219993313273,
    "9": 0.21633638211382114,
    "10": 0.34684587036635595,
    "11": 0.14601409978308025,
    "12": 0.29399001952701237,
    "13": 0.2906453562554563,
    "14": 0.20580723215485952,
    "15": 0.3002518891687657,
    "16": 0,
    "17": 0.11648351648351649,
    "18": 0,
    "19": 0.257979424953838,
    "20": 0.29457549994012694,
    "21": 0.2253529411764706,
    "22": 0.04988629903354178,
    "23": 0.1727218359871421,
    "24": 0,
    "25": 0,
    "26": 0.020815986677768527,
    "27": 0.28154162000746547,
    "28": 0.31015917602996257,
    "29": 0.2979635584137192,
    "30": 0.28145142038672716,
    "31": 0,
    "32": 0.08420769437718591,
    "33": 0,
    "34": 0.18439503205128205,
    "35": 0,
    "36": 0.012238560599141473,
    "37": 0.2918580375782881,
    "38": 0.2993855142540546,
    "39": 0.2753067484662577,
    "40": 0.17169107091587713,
    "41": 0.24707125024006146,
    "42": 0.1923913043478261,
    "43": 0,
    "44": 0.2869376432275962,
    "46": 0.2954488726183543,
    "47": 0.2718028940164255,
    "48": 0.014935693541695478,
    "49": 0.31365503080082136,
    "50": 0.29542163306227026,
    "51": 0.15496037168625307,
    "52": 0.13805916821494926,
    "53": 0.282520716901137,
    "54": 0,
    "55": 0.308771529599635,
    "56": 0.32535488550409286,
    "57": 0.3371960917973188,
    "58": 0.30844473426801433,
    "59": 0,
    "60": 0.25936794582392775,
    "61": 0.28398541114058357,
    "62": 0.3029868578255675,
    "63": 0.32008567348881484,
    "64": 0.2425531914893617,
    "65": 0.06478652565609087,
    "66": 0.0003024826261541603,
    "67": 0.16499713795077275,
    "68": 0.1512899607403253,
    "69": 0.016122861671312237,
    "70": 0.2815040650406504,
    "71": 0,
    "72": 0.06193814976811658,
    "73": 0,
    "74": 0.22554127590598588,
    "75": 0.22083909635776855,
    "76": 0.25924478148698304,
    "77": 0.3847342000257433,
    "78": 0.3225550660792951,
    "79": 0.27047835415877824,
    "80": 0.2609282820385244,
    "81": 0.06412429378531073,
    "82": 0.2635431918008785,
    "83": 0.2240266610241219,
    "84": 0.24294608557424824,
    "85": 0,
    "86": 0.10798713106728214,
    "87": 0.3098872710192579,
    "88": 0.2706160627889474,
    "89": 0.21210844219693778,
    "90": 0.20492602108620536,
    "91": 0,
    "92": 0.31521739130434784,
    "93": 0.0008820270035959563,
    "94": 0.2971500949968334,
    "95": 0.20021285087135826,
    "96": 0.2928813559322034,
    "97": 0,
    "98": 0.0032211579215054675,
    "99": 0.2640128968253968,
    "100": 0.025619487610247797,
    "101": 0.34527772910460836,
    "102": 0.0021278751646570068,
    "103": 0.3128422357681579,
    "104": 0.19567926879933528,
    "105": 0,
    "106": 0.1927624872579001,
    "107": 0.2098932611119962,
    "108": 0.1922598307615729,
    "109": 0.2993524332810047,
    "110": 0.2892347600518807,
    "111": 0.00026717029803307387,
    "112": 0.27215604136667104,
    "113": 0.3009875976113918,
    "114": 0.30545962835060025,
    "115": 0.29820173871620814,
    "116": 0.2613426255155739,
    "117": 0.29654323520361064,
    "118": 0.32227366255144035,
    "119": 0.11478696741854637,
    "120": 0.32701949860724233,
    "121": 0.08,
    "122": 0.2540050446519872,
    "123": 0.2307070707070707,
    "124": 0.09371006673292631,
    "125": 0.30737008943733723,
    "126": 0.07641921397379912,
    "127": 0.26711071841228845,
    "128": 0.2692217533989686,
    "129": 0.27321022008601065,
    "130": 0.31235660439200263,
    "131": 0.3416252072968491,
    "132": 0.2876636548036142,
    "133": 0.2832645284217212,
    "134": 0.12917911509460805,
    "135": 0.0023040147456943726,
    "136": 0.010623556581986143,
    "137": 0,
    "138": 0.29998678472313994,
    "139": 0.23057710003943735,
    "140": 0.28531663187195544,
    "141": 0.31054032164757606,
    "142": 0.07484654690362182,
    "143": 0.05155077184534768,
    "144": 0,
    "145": 0.17290900735294118,
    "146": 0.0035908484661947267,
    "147": 0.03540320314695139,
    "148": 0.001505633144696537,
    "149": 0.1573161485974223,
    "150": 0.3026173904519165,
    "151": 0.10735705240018159,
    "152": 0.20580878265703167,
    "153": 0.23928782505910165,
    "154": 0,
    "155": 0.26481620405101275,
    "156": 0.29271255060728746,
    "157": 0.0017901404571743322,
    "158": 0.17863331167424734,
    "159": 0,
    "160": 0.204214172319238,
    "161": 0.020990764063811923,
    "162": 0.1682466281310212,
    "163": 0.21092278719397364,
    "164": 0.2339773075743637,
    "165": 0.31150883552333486,
    "166": 0.3002131691141639,
    "167": 0,
    "168": 0.24876743203268065,
    "169": 0.07675565873476495,
    "170": 0.27437794216543376,
    "171": 0.2735317779565567,
    "172": 0.207455509839885,
    "173": 0.27946127946127947,
    "174": 0,
    "175": 0.3259897828863346,
    "176": 0.30038953811908736,
    "177": 0.25939111220230787,
    "178": 0.2838390092879257,
    "179": 0.14137592826117415,
    "180": 0.32489451476793246,
    "181": 0.07479493952453775,
    "182": 0.093421926910299,
    "183": 0,
    "184": 0.020815986677768527,
    "185": 0.2062247273618429,
    "186": 0.3023165271559276,
    "187": 0,
    "188": 0.19316623020326723,
    "189": 0.1330129715129244,
    "190": 0.3116717635066259,
    "191": 0.29128347033449986,
    "192": 0.3438862362466265,
    "193": 0.2503939075630252,
    "194": 0.3265091249415068,
    "195": 0.08826037521318932,
    "196": 0.27630910015251653
}