{
    "0": 0.004810305915687857,
    "1": 0.3594463150018706,
    "2": 0.381109141554824,
    "3": 0.353248562968124,
    "4": 0,
    "5": 0.19874715261958997,
    "6": 0.3500647889245039,
    "7": 0.4437978316326531,
    "8": 0.40380355915374627,
    "9": 0.2182952182952183,
    "10": 0.33855331841909025,
    "11": 0.11936246606532971,
    "12": 0.32256686319747074,
    "13": 0.32085810889588434,
    "14": 0.16825817860300618,
    "15": 0.2967528286266213,
    "16": 0,
    "17": 0.08556534244112889,
    "18": 0,
    "19": 0.23577235772357724,
    "20": 0.2851624231782265,
    "21": 0.3407615875021538,
    "22": 0.032686502802932296,
    "23": 0.2755815285894351,
    "24": 0,
    "25": 0,
    "26": 0.013906554735860256,
    "27": 0.3383033822490779,
    "28": 0.3395797325570818,
    "29": 0.3421839940164548,
    "30": 0.40683415582473453,
    "31": 0,
    "32": 0.06326755314643856,
    "33": 0,
    "34": 0.15293949567826273,
    "35": 0,
    "36": 0.005104645227156712,
    "37": 0.3028483323865942,
    "38": 0.3723386135241015,
    "39": 0.28972932189003114,
    "40": 0.12890449185345215,
    "41": 0.23029030623325852,
    "42": 0.1336985363348455,
    "43": 0,
    "44": 0.28311757403795,
    "45": 0.2954488726183543,
    "47": 0.39168009374542256,
    "48": 0.00885926425919676,
    "49": 0.368707020969522,
    "50": 0.3115444081772891,
    "51": 0.17885985748218527,
    "52": 0.09445224719101124,
    "53": 0.3240616357171079,
    "54": 0,
    "55": 0.30808254514187444,
    "56": 0.3799897207469591,
    "57": 0.3975512475651609,
    "58": 0.3782055886789742,
    "59": 0,
    "60": 0.27979632346595323,
    "61": 0.41269102474594677,
    "62": 0.2623490669593853,
    "63": 0.4023540951446788,
    "64": 0.27715137848257804,
    "65": 0.09351187297286735,
    "66": 0.0002922822862320429,
    "67": 0.12749255616710278,
    "68": 0.11772545535317637,
    "69": 0.012204690088048122,
    "70": 0.2706390195020427,
    "71": 0,
    "72": 0.07753190784021216,
    "73": 0,
    "74": 0.1994615761135585,
    "75": 0.18816815368539505,
    "76": 0.34462403373155304,
    "77": 0.4013351659139996,
    "78": 0.33880844319573516,
    "79": 0.2583844212044717,
    "80": 0.3922792100932529,
    "81": 0.04591527332582518,
    "82": 0.3989695814806973,
    "83": 0.38216314599305057,
    "84": 0.19341275402943237,
    "85": 0,
    "86": 0.08052695864596056,
    "87": 0.30861811473249584,
    "88": 0.28813841290966563,
    "89": 0.15075864502470007,
    "90": 0.20494505494505494,
    "91": 0,
    "92": 0.41867598193746275,
    "93": 0.0008815643760564201,
    "94": 0.2705608313922236,
    "95": 0.18714830277727354,
    "96": 0.25523245045378773,
    "97": 0,
    "98": 0.0024378352023403218,
    "99": 0.21992688939896285,
    "100": 0.01644232407565173,
    "101": 0.3460476965536763,
    "102": 0.001642238370899536,
    "103": 0.35217755443886095,
    "104": 0.1668182645079134,
    "105": 0,
    "106": 0.1842164599774521,
    "107": 0.23239114824727464,
    "108": 0.2019084990635869,
    "109": 0.35587392550143265,
    "110": 0.2918829831067161,
    "111": 0.00011484910594388296,
    "112": 0.20088828151691152,
    "113": 0.28432615124630334,
    "114": 0.3883302752293578,
    "115": 0.29523389232127095,
    "116": 0.3938457311628546,
    "117": 0.336905948820206,
    "118": 0.2712044668971018,
    "119": 0.08253250423968343,
    "120": 0.3241572081992207,
    "121": 0.08822979624898748,
    "122": 0.3819105422879008,
    "123": 0.20556569343065692,
    "124": 0.06426086956521739,
    "125": 0.291729575574568,
    "126": 0.08313063825856708,
    "127": 0.38560260586319217,
    "128": 0.2694075808829907,
    "129": 0.23766973280770914,
    "130": 0.32693939908334746,
    "131": 0.3741989412092505,
    "132": 0.3703376915055747,
    "133": 0.3693494251231879,
    "134": 0.10132237312365976,
    "135": 0.002008185261445385,
    "136": 0.0038585209003215433,
    "137": 0,
    "138": 0.25761145342515407,
    "139": 0.1760357572631941,
    "140": 0.2866302746729053,
    "141": 0.3122274550845979,
    "142": 0.08380550416281221,
    "143": 0.035671100362756954,
    "144": 0,
    "145": 0.1388997574145082,
    "146": 0.0025769605794678926,
    "147": 0.024068522483940043,
    "148": 0.0006713740016205579,
    "149": 0.11578515785157852,
    "150": 0.37589717910198633,
    "151": 0.14599254426840633,
    "152": 0.18097169724347745,
    "153": 0.24892051328832937,
    "154": 0,
    "155": 0.3165040967616075,
    "156": 0.35187662840645023,
    "157": 0.0010945524964216552,
    "158": 0.20344124757074467,
    "159": 0,
    "160": 0.15467298232829296,
    "161": 0.012754017515517389,
    "162": 0.16252263126131564,
    "163": 0.19854632440886927,
    "164": 0.2710381333045263,
    "165": 0.40247737017627444,
    "166": 0.30110472823685375,
    "167": 0,
    "168": 0.21416526138279932,
    "169": 0.08310648518815052,
    "170": 0.27191807044410415,
    "171": 0.2720581206385623,
    "172": 0.29783445620789223,
    "173": 0.28470566660553825,
    "174": 0,
    "175": 0.35492909909144943,
    "176": 0.31578495362418413,
    "177": 0.26469793823714777,
    "178": 0.3079513564078578,
    "179": 0.1040533426917003,
    "180": 0.3587721529721021,
    "181": 0.054675391768555195,
    "182": 0.06963835155592936,
    "183": 0,
    "184": 0.013906554735860256,
    "185": 0.17483277591973245,
    "186": 0.46114603261364673,
    "187": 0,
    "188": 0.17024539877300612,
    "189": 0.20062383031815345,
    "190": 0.293407698637652,
    "191": 0.3573261117445838,
    "192": 0.3339992009588494,
    "193": 0.19046389534383337,
    "194": 0.3256981763721258,
    "195": 0.06602862411098429,
    "196": 0.2687494290673244
}