{
    "0": 0.0044824045247836225,
    "1": 0.32167491116839686,
    "2": 0.34844058428740626,
    "3": 0.33051126089100774,
    "4": 0,
    "5": 0.19005350194552528,
    "6": 0.3273304398523029,
    "7": 0.41392024078254325,
    "8": 0.38134301270417426,
    "9": 0.20057720057720058,
    "10": 0.3188064389477817,
    "11": 0.10711641299876594,
    "12": 0.31495610796619905,
    "13": 0.3169429934135817,
    "14": 0.16641247246229451,
    "15": 0.2766952455183164,
    "16": 0,
    "17": 0.07970768184908225,
    "18": 0,
    "19": 0.22702373706634205,
    "20": 0.2747068676716918,
    "21": 0.3243064364899895,
    "22": 0.029914180629342053,
    "23": 0.27371344919485,
    "24": 0,
    "25": 0,
    "26": 0.012805025368446485,
    "27": 0.3173670509483079,
    "28": 0.3014539036893857,
    "29": 0.30761227674700886,
    "30": 0.4711808809746954,
    "31": 0,
    "32": 0.05771543086172345,
    "33": 0,
    "34": 0.14020464864132276,
    "35": 0,
    "36": 0.005160339107998526,
    "37": 0.2710711316048076,
    "38": 0.3530077619663648,
    "39": 0.2592495408029389,
    "40": 0.11825040264474018,
    "41": 0.21376090091327338,
    "42": 0.13061257871922793,
    "43": 0,
    "44": 0.2505749014454665,
    "45": 0.2718028940164255,
    "46": 0.39168009374542256,
    "48": 0.007852564102564102,
    "49": 0.35527063215126187,
    "50": 0.2711462450592885,
    "51": 0.17647604041153026,
    "52": 0.09487394957983193,
    "53": 0.31065468549422337,
    "54": 0,
    "55": 0.30472636815920395,
    "56": 0.35974321469202014,
    "57": 0.34727997963167273,
    "58": 0.3751134697297675,
    "59": 0,
    "60": 0.2610997963340122,
    "61": 0.3868361125394843,
    "62": 0.24108914820989125,
    "63": 0.33750330367368514,
    "64": 0.26434383475902357,
    "65": 0.09735515880767277,
    "66": 0.00027641992551210426,
    "67": 0.11763204899208982,
    "68": 0.10835498198273695,
    "69": 0.011625933469110658,
    "70": 0.24958172692223757,
    "71": 0,
    "72": 0.07750317635968687,
    "73": 0,
    "74": 0.1868522815158546,
    "75": 0.17262040197193781,
    "76": 0.3497173583344823,
    "77": 0.3486583184257603,
    "78": 0.30339495798319327,
    "79": 0.23121435759812142,
    "80": 0.458963282937365,
    "81": 0.0414584186808685,
    "82": 0.4472442088446736,
    "83": 0.35576670691374873,
    "84": 0.18593593593593594,
    "85": 0,
    "86": 0.07198027937551356,
    "87": 0.304627358091532,
    "88": 0.25246153846153846,
    "89": 0.1369363395225464,
    "90": 0.19236311239193082,
    "91": 0,
    "92": 0.3725706192462035,
    "93": 0.0008485762775787291,
    "94": 0.25799863852961197,
    "95": 0.1741399965771008,
    "96": 0.2519104318464546,
    "97": 0,
    "98": 0.0021139166177334117,
    "99": 0.20277088171698565,
    "100": 0.014209591474245116,
    "101": 0.32882730652247383,
    "102": 0.0015215215215215216,
    "103": 0.345049983876169,
    "104": 0.15048543689320387,
    "105": 0,
    "106": 0.1695482034863038,
    "107": 0.22243810717643372,
    "108": 0.1814015498708441,
    "109": 0.33923418856741794,
    "110": 0.27321637426900586,
    "111": 6.150169568960973e-05,
    "112": 0.2033212161269002,
    "113": 0.2908865979381443,
    "114": 0.3525451672734767,
    "115": 0.2918578956314805,
    "116": 0.4628117094325985,
    "117": 0.29418515684774293,
    "118": 0.25416492256174134,
    "119": 0.07456642982657193,
    "120": 0.31205501618122977,
    "121": 0.08978299625007684,
    "122": 0.46602147499293584,
    "123": 0.17483632701024004,
    "124": 0.06426436399867154,
    "125": 0.2880012936610608,
    "126": 0.08530243590913238,
    "127": 0.36826983135540287,
    "128": 0.2600414078674948,
    "129": 0.2356908033381101,
    "130": 0.3205421293272371,
    "131": 0.32403560830860534,
    "132": 0.349836240383883,
    "133": 0.36054609391160447,
    "134": 0.08965979554214848,
    "135": 0.00192707160197212,
    "136": 0.0038989974006683995,
    "137": 0,
    "138": 0.24199623352165725,
    "139": 0.1676470588235294,
    "140": 0.27946183871771446,
    "141": 0.2805907172995781,
    "142": 0.08563756855575869,
    "143": 0.033962264150943396,
    "144": 0,
    "145": 0.1291496472335685,
    "146": 0.0025384101536406146,
    "147": 0.022780896591001545,
    "148": 0.0004563396992721382,
    "149": 0.1079567550750564,
    "150": 0.35350821744627053,
    "151": 0.15565066891196558,
    "152": 0.15919801216690943,
    "153": 0.23461963797217858,
    "154": 0,
    "155": 0.28041446272009274,
    "156": 0.33571380448696353,
    "157": 0.0009605379012246858,
    "158": 0.19487132437267765,
    "159": 0,
    "160": 0.14804565894154273,
    "161": 0.011790357748526206,
    "162": 0.15223673563749857,
    "163": 0.1816377599447752,
    "164": 0.25758520365752285,
    "165": 0.3398608606029374,
    "166": 0.29011044599949415,
    "167": 0,
    "168": 0.20239149689991143,
    "169": 0.08455151075048148,
    "170": 0.24523767135481575,
    "171": 0.24486894713460683,
    "172": 0.29922377887163953,
    "173": 0.2596401028277635,
    "174": 0,
    "175": 0.3378825809577647,
    "176": 0.29931529181610694,
    "177": 0.23638189272864196,
    "178": 0.27223277499568294,
    "179": 0.10194174757281553,
    "180": 0.33871875251185596,
    "181": 0.04807536137729414,
    "182": 0.06423334395919668,
    "183": 0,
    "184": 0.01288763592428514,
    "185": 0.17608134280180762,
    "186": 0.3852425601304525,
    "187": 0,
    "188": 0.16039107950872658,
    "189": 0.20006764235641372,
    "190": 0.2630148619957537,
    "191": 0.3511797985373258,
    "192": 0.32949895777040067,
    "193": 0.18549913587359065,
    "194": 0.3224573030843742,
    "195": 0.05938871862834424,
    "196": 0.25499870163593874
}