{
    "0": 0.0005448051817026171,
    "1": 0.010481611999638565,
    "2": 0.010653645544334702,
    "3": 0.012953367875647668,
    "4": 0,
    "5": 0.007209664848012471,
    "6": 0.009063676165604117,
    "7": 0.008557871547195391,
    "8": 0.008393387028401865,
    "9": 0.013635256878500122,
    "10": 0.011096527860637155,
    "11": 0.019772822885990745,
    "12": 0.01188707280832095,
    "13": 0.009391992090954029,
    "14": 0.015578190533253445,
    "15": 0.017023613399231193,
    "16": 0,
    "17": 0.035545023696682464,
    "18": 0,
    "19": 0.017986451763606633,
    "20": 0.013049223653782622,
    "21": 0.00796444854850811,
    "22": 0.0449438202247191,
    "23": 0.0056617621360919865,
    "24": 0,
    "25": 0,
    "26": 0.043795620437956206,
    "27": 0.010106326981787556,
    "28": 0.013159885040084708,
    "29": 0.016617790811339198,
    "30": 0.008569118835893291,
    "31": 0,
    "32": 0.034143138542350626,
    "33": 0,
    "34": 0.017708823068484564,
    "35": 0,
    "36": 0.01232134056185313,
    "37": 0.015503875968992248,
    "38": 0.00983568618375376,
    "39": 0.012527783390583956,
    "40": 0.019430637144148215,
    "41": 0.011800120409391933,
    "42": 0.02303839732888147,
    "43": 0,
    "44": 0.01924410540915395,
    "45": 0.014935693541695478,
    "46": 0.00885926425919676,
    "47": 0.007852564102564102,
    "49": 0.010926421015924677,
    "50": 0.014240956992309883,
    "51": 0.007017754318618042,
    "52": 0.028846153846153848,
    "53": 0.010450250138966092,
    "54": 0,
    "55": 0.011932144910868315,
    "56": 0.010589318600368325,
    "57": 0.014747285158868481,
    "58": 0.009003266671978328,
    "59": 0,
    "60": 0.01414563574987944,
    "61": 0.00901519704644973,
    "62": 0.020551296688957756,
    "63": 0.012654368043909132,
    "64": 0.008285264813843734,
    "65": 0.002148770776717437,
    "66": 7.186087734146693e-05,
    "67": 0.019525801952580194,
    "68": 0.0407174018419777,
    "69": 0.0045214127282033785,
    "70": 0.012313754463735994,
    "71": 0,
    "72": 0.002875268130162932,
    "73": 0,
    "74": 0.013894104393541119,
    "75": 0.01944709246901811,
    "76": 0.008471788123046553,
    "77": 0.013671274961597542,
    "78": 0.011450717871928124,
    "79": 0.01852597664115989,
    "80": 0.007927519818799546,
    "81": 0.030857142857142857,
    "82": 0.007576314821625598,
    "83": 0.005725665919840677,
    "84": 0.019490254872563718,
    "85": 0,
    "86": 0.03468586387434555,
    "87": 0.011544888348777153,
    "88": 0.016174801362088535,
    "89": 0.019918973666441592,
    "90": 0.014050162563864375,
    "91": 0,
    "92": 0.010424192383114872,
    "93": 0.00017490857051995548,
    "94": 0.012801484230055659,
    "95": 0.03485502776064158,
    "96": 0.01717983043284248,
    "97": 0,
    "98": 0.0027151211361737676,
    "99": 0.024098785102569208,
    "100": 0.054187192118226604,
    "101": 0.009917493124427036,
    "102": 0.0006275986506629011,
    "103": 0.009992946155654832,
    "104": 0.028288543140028287,
    "105": 0,
    "106": 0.012552957790679428,
    "107": 0.010625177876861777,
    "108": 0.02531645569620253,
    "109": 0.010954962930175944,
    "110": 0.011941918849233275,
    "111": 0.00016747118510491578,
    "112": 0.01747487986020096,
    "113": 0.011733254121491163,
    "114": 0.009264526615197074,
    "115": 0.014596172559195588,
    "116": 0.007855070412568112,
    "117": 0.01097708082026538,
    "118": 0.01883716717985872,
    "119": 0.027596780375622843,
    "120": 0.011832763607678149,
    "121": 0.00460348162475822,
    "122": 0.0065922238665411005,
    "123": 0.018032786885245903,
    "124": 0.030944625407166124,
    "125": 0.012084162638612454,
    "126": 0.0043884975170343,
    "127": 0.007258697358095736,
    "128": 0.01250211184321676,
    "129": 0.015771611100019962,
    "130": 0.011256544502617802,
    "131": 0.013205109803358692,
    "132": 0.008210846426761276,
    "133": 0.008017317405596087,
    "134": 0.030285035629453682,
    "135": 0.0005757259544456839,
    "136": 0.012307692307692308,
    "137": 0,
    "138": 0.01700122900450635,
    "139": 0.020266803488968702,
    "140": 0.012166218991941855,
    "141": 0.013290017720023627,
    "142": 0.004214075010535188,
    "143": 0.04640718562874251,
    "144": 0,
    "145": 0.017567267066933512,
    "146": 0.0032846715328467154,
    "147": 0.04660194174757282,
    "148": 0.0016202306445976427,
    "149": 0.027769012306721363,
    "150": 0.010409818102125795,
    "151": 0.003913624015838666,
    "152": 0.01358965860125953,
    "153": 0.010401071625561422,
    "154": 0,
    "155": 0.011046062078868883,
    "156": 0.008694239050946616,
    "157": 0.04784688995215311,
    "158": 0.008184229835750973,
    "159": 0,
    "160": 0.024475524475524476,
    "161": 0.05763688760806916,
    "162": 0.01205179282868526,
    "163": 0.018305284912902273,
    "164": 0.008742312793922586,
    "165": 0.01560505036175344,
    "166": 0.014506615654391838,
    "167": 0,
    "168": 0.020699708454810496,
    "169": 0.004650593562599437,
    "170": 0.01574074074074074,
    "171": 0.01565737969145752,
    "172": 0.006220546654099906,
    "173": 0.016122913505311077,
    "174": 0,
    "175": 0.011235955056179775,
    "176": 0.013316512475469583,
    "177": 0.017533606078316773,
    "178": 0.013008427995602785,
    "179": 0.03909465020576132,
    "180": 0.0105914554325836,
    "181": 0.03825622775800712,
    "182": 0.024076147816349383,
    "183": 0,
    "184": 0.043795620437956206,
    "185": 0.017848864163189614,
    "186": 0.009292274446245273,
    "187": 0,
    "188": 0.015497967479674796,
    "189": 0.004950795772081157,
    "190": 0.015798075177047396,
    "191": 0.008790667104830759,
    "192": 0.009863681702316303,
    "193": 0.01998572448251249,
    "194": 0.012465574720974055,
    "195": 0.0213857998289136,
    "196": 0.013134328358208954
}