{
    "0": 0.004346616593643508,
    "1": 0.36170398880335897,
    "2": 0.37487577022460744,
    "3": 0.3425209043047383,
    "4": 0,
    "5": 0.1871302315389672,
    "6": 0.3138433789267999,
    "7": 0.37486067049644173,
    "8": 0.36131756756756755,
    "9": 0.25310262529832933,
    "10": 0.3410983346550357,
    "11": 0.11938938254727728,
    "12": 0.3261993382961125,
    "13": 0.30767733142968395,
    "14": 0.2151914020045888,
    "15": 0.3537059538274605,
    "16": 0,
    "17": 0.1113895501816815,
    "18": 0,
    "19": 0.2934487021013597,
    "20": 0.3077263181165027,
    "21": 0.2656930867977859,
    "22": 0.040209374256483466,
    "23": 0.21940505548705302,
    "24": 0,
    "25": 0,
    "26": 0.016939252336448597,
    "27": 0.3028931487397941,
    "28": 0.2998736043817148,
    "29": 0.35478260869565215,
    "30": 0.3826869689576849,
    "31": 0,
    "32": 0.07288096870002285,
    "33": 0,
    "34": 0.16263464594737773,
    "35": 0,
    "36": 0.006778019849915275,
    "37": 0.29327569644572526,
    "38": 0.3637732062217762,
    "39": 0.3211065074335852,
    "40": 0.15192495126705652,
    "41": 0.27855563743551953,
    "42": 0.1762016412661196,
    "43": 0,
    "44": 0.2944033557787835,
    "45": 0.31365503080082136,
    "46": 0.368707020969522,
    "47": 0.35527063215126187,
    "48": 0.010926421015924677,
    "50": 0.285096975178374,
    "51": 0.16312948697793847,
    "52": 0.12985898221949724,
    "53": 0.5097611391823611,
    "54": 0,
    "55": 0.32221163012392756,
    "56": 0.4719252841228761,
    "57": 0.3453532380151388,
    "58": 0.3744838976052849,
    "59": 0,
    "60": 0.3654970760233918,
    "61": 0.391882373657334,
    "62": 0.2873269435569755,
    "63": 0.36386477843764276,
    "64": 0.2552587646076795,
    "65": 0.07139698231009366,
    "66": 0.00028445881710046636,
    "67": 0.14504001940334707,
    "68": 0.12435415688116487,
    "69": 0.012774370152582754,
    "70": 0.25442078671959584,
    "71": 0,
    "72": 0.06715950111320061,
    "73": 0,
    "74": 0.2122985319782363,
    "75": 0.20186461289014998,
    "76": 0.3746946339819729,
    "77": 0.3945465323058684,
    "78": 0.30997086435739724,
    "79": 0.24052016173095836,
    "80": 0.35410254485398995,
    "81": 0.055079704972638595,
    "82": 0.3579598145285935,
    "83": 0.30056868867082964,
    "84": 0.2458140363377271,
    "85": 0,
    "86": 0.08854227747156092,
    "87": 0.3302983764809127,
    "88": 0.25824547828610117,
    "89": 0.19788501276285403,
    "90": 0.1984942928843196,
    "91": 0,
    "92": 0.36717861205915814,
    "93": 0.0008358021835332044,
    "94": 0.2896496995805464,
    "95": 0.2518049398353388,
    "96": 0.29168184578020645,
    "97": 0,
    "98": 0.002891712959439921,
    "99": 0.23095849379546426,
    "100": 0.019725255371609723,
    "101": 0.3352217546131434,
    "102": 0.001944602542212104,
    "103": 0.3644093531733981,
    "104": 0.19789241514520278,
    "105": 0,
    "106": 0.18064163324826832,
    "107": 0.19691681210005818,
    "108": 0.2693731490621915,
    "109": 0.5789087350134573,
    "110": 0.330106183635228,
    "111": 6.367514758989566e-05,
    "112": 0.25151549811277596,
    "113": 0.33101499673983914,
    "114": 0.33703822165360625,
    "115": 0.4016383420956107,
    "116": 0.35369147659063627,
    "117": 0.28730055052719977,
    "118": 0.3458223605458463,
    "119": 0.09505013868145935,
    "120": 0.4033032027675483,
    "121": 0.07810666756059133,
    "122": 0.3459514024082486,
    "123": 0.20045950603101664,
    "124": 0.08808917969223312,
    "125": 0.32341458267384193,
    "126": 0.07446384702211009,
    "127": 0.35840930299332424,
    "128": 0.27745540511497957,
    "129": 0.28475595651168173,
    "130": 0.32603158430973,
    "131": 0.33623655913978495,
    "132": 0.3267539924636641,
    "133": 0.39853342428376537,
    "134": 0.1236381442036969,
    "135": 0.002023281596452328,
    "136": 0.005297905289754666,
    "137": 0,
    "138": 0.2806732443412652,
    "139": 0.233313713949382,
    "140": 0.2975782254607801,
    "141": 0.29782812012885795,
    "142": 0.07386908258866455,
    "143": 0.04253296899132707,
    "144": 0,
    "145": 0.14991041210432013,
    "146": 0.0033372418147379814,
    "147": 0.030532544378698224,
    "148": 0.0005257886830245368,
    "149": 0.12756410256410255,
    "150": 0.37277115555117724,
    "151": 0.11874214433087485,
    "152": 0.1780240509313841,
    "153": 0.23841792283225002,
    "154": 0,
    "155": 0.2383740381398461,
    "156": 0.35250977835723596,
    "157": 0.0015105740181268882,
    "158": 0.1844096610345185,
    "159": 0,
    "160": 0.21127482383087764,
    "161": 0.017180513061896916,
    "162": 0.16038736127800948,
    "163": 0.24369538077403247,
    "164": 0.24249544733595724,
    "165": 0.34860298895386616,
    "166": 0.31745158450704225,
    "167": 0,
    "168": 0.3103261605088645,
    "169": 0.07390220252112481,
    "170": 0.2824631860776439,
    "171": 0.28148507643775783,
    "172": 0.2561352021454233,
    "173": 0.35158076024111207,
    "174": 0,
    "175": 0.3771583107967547,
    "176": 0.3441760601180891,
    "177": 0.24494894633934391,
    "178": 0.3338096939383113,
    "179": 0.1465697746027836,
    "180": 0.35899251466720616,
    "181": 0.0600023301875801,
    "182": 0.08018068887634106,
    "183": 0,
    "184": 0.016939252336448597,
    "185": 0.22906989917299195,
    "186": 0.3772879354457784,
    "187": 0,
    "188": 0.18264489974800044,
    "189": 0.1634122256554009,
    "190": 0.3040648549897237,
    "191": 0.33738822202529606,
    "192": 0.3919740575597892,
    "193": 0.23752886836027715,
    "194": 0.343913612565445,
    "195": 0.07328408007626311,
    "196": 0.28617810760667906
}