{
    "0": 0.003886645149297869,
    "1": 0.22110246871829556,
    "2": 0.21248054546802045,
    "3": 0.19239080104954467,
    "4": 0,
    "6": 0.21167838581473555,
    "7": 0.22071718361471013,
    "8": 0.23015188698016847,
    "9": 0.12409078958899308,
    "10": 0.21180794854123594,
    "11": 0.09687589567211236,
    "12": 0.18510158013544017,
    "13": 0.1883373143628622,
    "14": 0.13844111511473545,
    "15": 0.17122055674518202,
    "16": 0,
    "17": 0.0686588047171697,
    "18": 0,
    "19": 0.1429079590929302,
    "20": 0.19886363636363635,
    "21": 0.22721768886549093,
    "22": 0.034561981819998006,
    "23": 0.162534435261708,
    "24": 0,
    "25": 0,
    "26": 0.013133392139566795,
    "27": 0.19738238415281217,
    "28": 0.21582488714760242,
    "29": 0.18271316535958618,
    "30": 0.2090076527411868,
    "31": 0,
    "32": 0.04993863872368545,
    "33": 0,
    "34": 0.10825835710628337,
    "35": 0,
    "36": 0.004338549075391181,
    "37": 0.1936816339019353,
    "38": 0.1951579568940065,
    "39": 0.16209104464520657,
    "40": 0.09826196718127973,
    "41": 0.12860536138445877,
    "42": 0.1354196851154255,
    "43": 0,
    "44": 0.1979602510460251,
    "45": 0.1810244016527637,
    "46": 0.19874715261958997,
    "47": 0.19005350194552528,
    "48": 0.007209664848012471,
    "49": 0.1871302315389672,
    "50": 0.20784764406501396,
    "51": 0.1742613920881322,
    "52": 0.09517614091273019,
    "53": 0.17086971707998602,
    "54": 0,
    "55": 0.20432139336181399,
    "56": 0.18543238537434706,
    "57": 0.2666955391944565,
    "58": 0.20639444823099323,
    "59": 0,
    "60": 0.1506458514937792,
    "61": 0.19459081963049965,
    "62": 0.1587569260419176,
    "63": 0.20249979028604984,
    "64": 1.313224204524554,
    "65": 0.07044588098789989,
    "66": 0.0002514495325996923,
    "67": 0.10514364695428967,
    "68": 0.11490215755143,
    "69": 0.010036411166090935,
    "70": 0.17738719444649584,
    "71": 0,
    "72": 0.07419122017491721,
    "73": 0,
    "74": 0.2310377358490566,
    "75": 0.12255572543654945,
    "76": 0.16789976133651552,
    "77": 0.2600509368746589,
    "78": 0.19990942614996443,
    "79": 0.1924972617743702,
    "80": 0.19693504117108876,
    "81": 0.0424962852897474,
    "82": 0.19142144059434674,
    "83": 0.18575109624338865,
    "84": 0.12343942324599964,
    "85": 0,
    "86": 0.0741725768321513,
    "87": 0.20010025900242293,
    "88": 0.1967939423231835,
    "89": 0.09802847754654984,
    "90": 0.21066104502333985,
    "91": 0,
    "92": 0.19163714662776968,
    "93": 0.0007150544768307607,
    "94": 0.18246445497630331,
    "95": 0.11171563293434893,
    "96": 0.17958464676432412,
    "97": 0,
    "98": 0.0023699891657638136,
    "99": 0.21830655013626538,
    "100": 0.014743463731079222,
    "101": 0.2110777486743755,
    "102": 0.0014965447422861922,
    "103": 0.20544741210200695,
    "104": 0.12485593545908567,
    "105": 0,
    "106": 0.11784461526979625,
    "107": 0.1675550703230364,
    "108": 0.11538125600489126,
    "109": 0.1822174991144173,
    "110": 0.17041898801801114,
    "111": 6.274987898237624e-05,
    "112": 0.1635203164329378,
    "113": 0.185317235232153,
    "114": 0.2337518704053087,
    "115": 0.1687091503267974,
    "116": 0.197322501287259,
    "117": 0.2600262984878369,
    "118": 0.16172393514240108,
    "119": 0.06340947173472088,
    "120": 0.18956171596716742,
    "121": 0.06769163050996667,
    "122": 0.19908594359603166,
    "123": 0.17290083771673484,
    "124": 0.06993358824713222,
    "125": 0.20502537240137503,
    "126": 0.06355971751236661,
    "127": 0.19517639372822299,
    "128": 0.19292050641632935,
    "129": 0.16691544472736852,
    "130": 0.2251585623678647,
    "131": 0.2726045883940621,
    "132": 0.23744023538065465,
    "133": 0.17894107089440622,
    "134": 0.07620999219359875,
    "135": 0.001776575716596399,
    "136": 0.0035919540229885057,
    "137": 0,
    "138": 0.1718972895863053,
    "139": 0.11873791527509228,
    "140": 0.20790805386396774,
    "141": 0.21375714766229398,
    "142": 0.06426240969470985,
    "143": 0.03856169871794872,
    "144": 0,
    "145": 0.1010564245352551,
    "146": 0.0024371069182389936,
    "147": 0.025618111408996128,
    "148": 0.00040895859895595277,
    "149": 0.08415625273092721,
    "150": 0.19568345323741007,
    "151": 0.11804438726278546,
    "152": 0.14933201385452746,
    "153": 0.15314649536694902,
    "154": 0,
    "155": 0.22980237752706897,
    "156": 0.18755718206770358,
    "157": 0.0011731352038322417,
    "158": 0.13118666966899348,
    "159": 0,
    "160": 0.10360531309297913,
    "161": 0.01310990635781173,
    "162": 0.11000961307378034,
    "163": 0.11674109177070992,
    "164": 0.1571233144420559,
    "165": 0.20462879960883384,
    "166": 0.19408642911296436,
    "167": 0,
    "168": 0.1372328458942632,
    "169": 0.06423864706073296,
    "170": 0.16962634110247873,
    "171": 0.16926626672819567,
    "172": 0.1948046220340478,
    "173": 0.16127928852402942,
    "174": 0,
    "175": 0.20588010691103475,
    "176": 0.17755038275269489,
    "177": 0.1873263422066864,
    "178": 0.16643917420235455,
    "179": 0.09916946806406961,
    "180": 0.20650110123794335,
    "181": 0.04832096837172979,
    "182": 0.05599177416339503,
    "183": 0,
    "184": 0.013233996666993432,
    "185": 0.1712988697424495,
    "186": 0.21222995239838888,
    "187": 0,
    "188": 0.23681456676433654,
    "189": 0.19110131595758273,
    "190": 0.1979379610701271,
    "191": 0.23979928694044633,
    "192": 0.1855787746951002,
    "193": 0.1628142554563035,
    "194": 0.21689172188207667,
    "195": 0.0584086619648356,
    "196": 0.16741405082212257
}