{
    "0": 0.004829448906219257,
    "1": 0.3132119472598439,
    "2": 0.34236789578737264,
    "3": 0.31766792285524276,
    "4": 0,
    "5": 0.20784764406501396,
    "6": 0.34005185247135566,
    "7": 0.3009353741496599,
    "8": 0.2959330345818889,
    "9": 0.22044062051883717,
    "10": 0.2967408173823073,
    "11": 0.1741776554122591,
    "12": 0.2604199641236678,
    "13": 0.25407397827211586,
    "14": 0.19923788786064237,
    "15": 0.24757455982752424,
    "16": 0,
    "17": 0.11155913978494623,
    "18": 0,
    "19": 0.2276895260235051,
    "20": 0.26078843013762537,
    "21": 0.25679777020749456,
    "22": 0.05413777843339725,
    "23": 0.1818978992717984,
    "24": 0,
    "25": 0,
    "26": 0.02449214810546031,
    "27": 0.31156075041744424,
    "28": 0.35729573209114945,
    "29": 0.27780401416765055,
    "30": 0.27305303392259916,
    "31": 0,
    "32": 0.09964564138908576,
    "33": 0,
    "34": 0.1995420006245446,
    "35": 0,
    "36": 0.010875627440044618,
    "37": 0.31615157802773836,
    "38": 0.26217848791894,
    "39": 0.27752383439989553,
    "40": 0.19116088996518843,
    "41": 0.18847086288946754,
    "42": 0.14461259862889664,
    "43": 0,
    "44": 0.31494661921708184,
    "45": 0.29542163306227026,
    "46": 0.3115444081772891,
    "47": 0.2711462450592885,
    "48": 0.014240956992309883,
    "49": 0.285096975178374,
    "51": 0.164911494510419,
    "52": 0.11468926553672316,
    "53": 0.24118463674224896,
    "54": 0,
    "55": 0.2609596510359869,
    "56": 0.26869616288175413,
    "57": 0.37269993986770894,
    "58": 0.2842517795729025,
    "59": 0,
    "60": 0.20746444230563577,
    "61": 0.2812003678007189,
    "62": 0.30132169273675274,
    "63": 0.39451114922813035,
    "64": 0.2550022841480128,
    "65": 0.07600496642324073,
    "66": 0.0003029981668610905,
    "67": 0.1994447015270708,
    "68": 0.1678208339472521,
    "69": 0.015638815207780724,
    "70": 0.351500168558265,
    "71": 0,
    "72": 0.06524249422632794,
    "73": 0,
    "74": 0.20251141552511415,
    "75": 0.24523722849168791,
    "76": 0.2209704070902809,
    "77": 0.395733969263381,
    "78": 0.3063204825596643,
    "79": 0.3139092637870144,
    "80": 0.25480974775545107,
    "81": 0.0737620103473762,
    "82": 0.272210163909887,
    "83": 0.2393921237540171,
    "84": 0.21099611901681758,
    "85": 0,
    "86": 0.143660687138948,
    "87": 0.26808558813540134,
    "88": 0.3173076923076923,
    "89": 0.16199252136752137,
    "90": 0.22441817510158849,
    "91": 0,
    "92": 0.29227854097584083,
    "93": 0.0009213527270530307,
    "94": 0.2747555778390574,
    "95": 0.17973079968329375,
    "96": 0.2656875834445928,
    "97": 0,
    "98": 0.003457814661134163,
    "99": 0.2749519538757207,
    "100": 0.026909722222222224,
    "101": 0.28243209977845246,
    "102": 0.002152411213037462,
    "103": 0.2731804586241276,
    "104": 0.20157142857142857,
    "105": 0,
    "106": 0.24969153112731352,
    "107": 0.252415562206071,
    "108": 0.17531904348903482,
    "109": 0.2599073110753807,
    "110": 0.269506582468158,
    "111": 0.00022154527831625589,
    "112": 0.21929388363998012,
    "113": 0.24053091615409516,
    "114": 0.3483136224266316,
    "115": 0.25365965233302834,
    "116": 0.25554525354824903,
    "117": 0.36985678563309843,
    "118": 0.26482405941799586,
    "119": 0.12439755112674222,
    "120": 0.26145833333333335,
    "121": 0.09421702404158544,
    "122": 0.25316455696202533,
    "123": 0.33827705900915117,
    "124": 0.0804564907275321,
    "125": 0.2500534302201325,
    "126": 0.08911950358403765,
    "127": 0.2622100954979536,
    "128": 0.24546400092453485,
    "129": 0.23167906352883794,
    "130": 0.26954602774274905,
    "131": 0.43196054911368786,
    "132": 0.2927127409496944,
    "133": 0.25696546371750095,
    "134": 0.12645348837209303,
    "135": 0.0024355591637913536,
    "136": 0.009311512415349887,
    "137": 0,
    "138": 0.26896194667356976,
    "139": 0.18181818181818182,
    "140": 0.26578493387004026,
    "141": 0.3190351711026616,
    "142": 0.08783649712282558,
    "143": 0.05781710914454277,
    "144": 0,
    "145": 0.20441446965052115,
    "146": 0.003993274485077764,
    "147": 0.040321402483564646,
    "148": 0.0012003862112157824,
    "149": 0.16905481793085317,
    "150": 0.2745060425858431,
    "151": 0.11190637392397718,
    "152": 0.2919789507255621,
    "153": 0.24066172617710907,
    "154": 0,
    "155": 0.40488243896951287,
    "156": 0.25896008156223044,
    "157": 0.002275636467074385,
    "158": 0.1926058105169241,
    "159": 0,
    "160": 0.1792533485323454,
    "161": 0.021522461360681786,
    "162": 0.19430472172643193,
    "163": 0.2059505936945544,
    "164": 0.2334199455580302,
    "165": 0.3828721672718167,
    "166": 0.27198791681189727,
    "167": 0,
    "168": 0.20159115426105717,
    "169": 0.0894157177524734,
    "170": 0.27244116037219485,
    "171": 0.2722184300341297,
    "172": 0.20880056067280736,
    "173": 0.2505502567865004,
    "174": 0,
    "175": 0.2877742300957874,
    "176": 0.25889794168096053,
    "177": 0.3003030702332323,
    "178": 0.2587258969978033,
    "179": 0.12587608634707037,
    "180": 0.2819316221974231,
    "181": 0.10372260582407686,
    "182": 0.10391231964483907,
    "183": 0,
    "184": 0.02449214810546031,
    "185": 0.16155467103722781,
    "186": 0.3894541078656602,
    "187": 0,
    "188": 0.20929929669184683,
    "189": 0.14668301497160557,
    "190": 0.34939595493416586,
    "191": 0.31662134602311354,
    "192": 0.25629657579473636,
    "193": 0.20516047828823158,
    "194": 0.30777274311606834,
    "195": 0.1099833358582033,
    "196": 0.2454308093994778
}