{
    "0": 0.005318254756628715,
    "1": 0.18249178075469846,
    "2": 0.17195255760489053,
    "3": 0.15927484622855292,
    "4": 0,
    "5": 0.1742613920881322,
    "6": 0.19139844874831638,
    "7": 0.1983839373163565,
    "8": 0.1889044604455613,
    "9": 0.08968890405505317,
    "10": 0.16107099562536237,
    "11": 0.06243705941591138,
    "12": 0.15130547597167415,
    "13": 0.19241419820424605,
    "14": 0.09803451581975071,
    "15": 0.1345394171866949,
    "16": 0,
    "17": 0.05454206999255398,
    "18": 0,
    "19": 0.10561304121625527,
    "20": 0.14267134132549197,
    "21": 0.22348500911750985,
    "22": 0.02115279713922056,
    "23": 0.1725903347045071,
    "24": 0,
    "25": 0,
    "26": 0.00796454877537577,
    "27": 0.1571636327165137,
    "28": 0.1563855557433384,
    "29": 0.14906303236797275,
    "30": 0.18690397507317533,
    "31": 0,
    "32": 0.03364507970119405,
    "33": 0,
    "34": 0.09067688378033206,
    "35": 0,
    "36": 0.028095627298733144,
    "37": 0.1556726827450354,
    "38": 0.15867484917828167,
    "39": 0.11812195820211853,
    "40": 0.06928057118654324,
    "41": 0.12121964542881264,
    "42": 0.09236148791222042,
    "43": 0,
    "44": 0.1759159159159159,
    "45": 0.15496037168625307,
    "46": 0.17885985748218527,
    "47": 0.17647604041153026,
    "48": 0.007017754318618042,
    "49": 0.16312948697793847,
    "50": 0.164911494510419,
    "52": 0.0648808060948636,
    "53": 0.1466961904282623,
    "54": 0,
    "55": 0.15798263193052772,
    "56": 0.16563548657718122,
    "57": 0.19169858784517751,
    "58": 0.17790530846484937,
    "59": 0,
    "60": 0.12448901727802911,
    "61": 0.1716612223642475,
    "62": 0.12739027998465838,
    "63": 0.1546217540697347,
    "64": 0.23605728727885425,
    "65": 0.11047643279689587,
    "66": 0.00023992661068379084,
    "67": 0.07240095232281302,
    "68": 0.07728308393373977,
    "69": 0.01232648930017351,
    "70": 0.15211341559464425,
    "71": 0,
    "72": 0.3560126582278481,
    "73": 0,
    "74": 0.16145332050048122,
    "75": 0.10279348005049119,
    "76": 0.16297860618859608,
    "77": 0.22229830677290838,
    "78": 0.17347378501316735,
    "79": 0.12624277456647398,
    "80": 0.1794770206022187,
    "81": 0.027131548734062483,
    "82": 0.17727739802528705,
    "83": 0.17511638989699035,
    "84": 0.09874898644735318,
    "85": 0,
    "86": 0.050661327508797475,
    "87": 0.15181925211638728,
    "88": 0.15476059438635112,
    "89": 0.07715867593356109,
    "90": 0.5949421715863974,
    "91": 0,
    "92": 0.1591374232516348,
    "93": 0.0007317038850662051,
    "94": 0.13820055581287632,
    "95": 0.08520730850316233,
    "96": 0.13832226916113458,
    "97": 0,
    "98": 0.0016933207902163688,
    "99": 0.2547647099591101,
    "100": 0.010039677768426115,
    "101": 0.19574159206387612,
    "102": 0.0011981787682722263,
    "103": 0.16884358075820324,
    "104": 0.09491277296571916,
    "105": 0,
    "106": 0.0909603650720402,
    "107": 0.16735971821339465,
    "108": 0.09026782129953546,
    "109": 0.15813953488372093,
    "110": 0.13628430905917818,
    "111": 0.004486719310839914,
    "112": 0.12451521917969209,
    "113": 0.14335183861924916,
    "114": 0.2083191105476179,
    "115": 0.1411665731912507,
    "116": 0.17869234489733105,
    "117": 0.19718781386006026,
    "118": 0.13349279571729597,
    "119": 0.0441633252386062,
    "120": 0.1573623282484042,
    "121": 0.11187385110294118,
    "122": 0.18402356610639403,
    "123": 0.11717515497751306,
    "124": 0.04762782694198624,
    "125": 0.15515908086610694,
    "126": 0.10550185662858924,
    "127": 0.18497134547942862,
    "128": 0.14180164819551008,
    "129": 0.13056120965396917,
    "130": 0.16562705187130664,
    "131": 0.23401352105687528,
    "132": 0.1894447041712119,
    "133": 0.16473106526392495,
    "134": 0.05392809587217044,
    "135": 0.0015155970773859343,
    "136": 0.02691873009349635,
    "137": 0,
    "138": 0.12582704585026117,
    "139": 0.0933894785417628,
    "140": 0.1543669985775249,
    "141": 0.15786523152819823,
    "142": 0.11425855513307985,
    "143": 0.023682292931746417,
    "144": 0,
    "145": 0.07202680067001675,
    "146": 0.0016656256506350198,
    "147": 0.01626065405307381,
    "148": 0.005698664704026917,
    "149": 0.06075320422336401,
    "150": 0.16288617468952069,
    "151": 0.13891832323146697,
    "152": 0.0974599500517756,
    "153": 0.13565975067937713,
    "154": 0,
    "155": 0.1577926387258155,
    "156": 0.17516856544989537,
    "157": 0.0007774654625919503,
    "158": 0.11755446642578614,
    "159": 0,
    "160": 0.07663226116178588,
    "161": 0.008727053866987662,
    "162": 0.09832112877299518,
    "163": 0.08261097213334109,
    "164": 0.1531961505359518,
    "165": 0.15902920152934005,
    "166": 0.14687165624824014,
    "167": 0,
    "168": 0.10982272948033026,
    "169": 0.10641112319586114,
    "170": 0.12519375223560272,
    "171": 0.12554370493952213,
    "172": 0.1858576378862258,
    "173": 0.13096195839558672,
    "174": 0,
    "175": 0.16790545960109085,
    "176": 0.1551439876896021,
    "177": 0.1237785016286645,
    "178": 0.12213096309630964,
    "179": 0.06833170493404983,
    "180": 0.1650855901213631,
    "181": 0.03391157691844356,
    "182": 0.03677758318739054,
    "183": 0,
    "184": 0.008025393783314369,
    "185": 0.1228778345007717,
    "186": 0.17169782012116191,
    "187": 0,
    "188": 0.1385302879841112,
    "189": 0.2123146504837694,
    "190": 0.1622218244734801,
    "191": 0.2071834018398904,
    "192": 0.16085102009352997,
    "193": 0.12033022509948328,
    "194": 0.16205444849845635,
    "195": 0.03693164618272083,
    "196": 0.12195121951219512
}