{
    "0": 0.0026957360146396174,
    "1": 0.10914116862072253,
    "2": 0.1237594862813777,
    "3": 0.1249667641584685,
    "4": 0,
    "5": 0.09517614091273019,
    "6": 0.09056664262242527,
    "7": 0.10573122529644269,
    "8": 0.1049654305468259,
    "9": 0.15785829679206093,
    "10": 0.1308223477715003,
    "11": 0.13006056742110297,
    "12": 0.1407155989251874,
    "13": 0.07714542651593011,
    "14": 0.1919617762788083,
    "15": 0.17669386980451698,
    "16": 0,
    "17": 0.24605678233438485,
    "18": 0,
    "19": 0.20390197477991912,
    "20": 0.15850736049298186,
    "21": 0.07253854922901543,
    "22": 0.11079706048615037,
    "23": 0.04795186799726195,
    "24": 0,
    "25": 0,
    "26": 0.043993231810490696,
    "27": 0.102838027409086,
    "28": 0.14334630350194552,
    "29": 0.1563758389261745,
    "30": 0.09826442062276672,
    "31": 0,
    "32": 0.11515631183221212,
    "33": 0,
    "34": 0.09208022251500513,
    "35": 0,
    "36": 0.00646551724137931,
    "37": 0.12087485440662611,
    "38": 0.13075980392156863,
    "39": 0.16956077630234934,
    "40": 0.17253646389185343,
    "41": 0.11043169866699279,
    "42": 0.24220006432936636,
    "43": 0,
    "44": 0.14996520528879612,
    "45": 0.13805916821494926,
    "46": 0.09445224719101124,
    "47": 0.09487394957983193,
    "48": 0.028846153846153848,
    "49": 0.12985898221949724,
    "50": 0.11468926553672316,
    "51": 0.0648808060948636,
    "53": 0.11998604813393791,
    "54": 0,
    "55": 0.14459094995504945,
    "56": 0.12842923039572712,
    "57": 0.14414287723245675,
    "58": 0.09646113946289635,
    "59": 0,
    "60": 0.15713094245204337,
    "61": 0.10177749706758098,
    "62": 0.12990549415345187,
    "63": 0.13887591468161295,
    "64": 0.11692613448161643,
    "65": 0.016832479789530147,
    "66": 0.00019732895526157926,
    "67": 0.18503501658680427,
    "68": 0.20189035916824197,
    "69": 0.012474973047897736,
    "70": 0.10222386042511365,
    "71": 0,
    "72": 0.024331292297776346,
    "73": 0,
    "74": 0.1732481610530391,
    "75": 0.12027921961696796,
    "76": 0.0984612724757953,
    "77": 0.17387000989772353,
    "78": 0.09669188006926091,
    "79": 0.14816262705238467,
    "80": 0.08792514480914897,
    "81": 0.1128622267412303,
    "82": 0.08758169934640522,
    "83": 0.063026295397014,
    "84": 0.18513119533527697,
    "85": 0,
    "86": 0.13076923076923078,
    "87": 0.1555768310196266,
    "88": 0.11641328828828829,
    "89": 0.19373479318734793,
    "90": 0.10757112626381378,
    "91": 0,
    "92": 0.11178052716514254,
    "93": 0.0005504616013714357,
    "94": 0.162821482602118,
    "95": 0.19718309859154928,
    "96": 0.21073420074349442,
    "97": 0,
    "98": 0.004163997437540038,
    "99": 0.1762582715059154,
    "100": 0.04638009049773756,
    "101": 0.10176331257127819,
    "102": 0.0017611835153222965,
    "103": 0.12812268117734354,
    "104": 0.19626168224299065,
    "105": 0,
    "106": 0.08942491542873952,
    "107": 0.07698106096296994,
    "108": 0.19414560920690518,
    "109": 0.12387938060309699,
    "110": 0.1276595744680851,
    "111": 5.824451045488963e-05,
    "112": 0.20746132848043677,
    "113": 0.15159533073929962,
    "114": 0.09481368304897717,
    "115": 0.16181941156577612,
    "116": 0.08809329272821807,
    "117": 0.11902985074626865,
    "118": 0.17354754343358864,
    "119": 0.09530503233061569,
    "120": 0.14666480602846776,
    "121": 0.02694954128440367,
    "122": 0.0853382394565525,
    "123": 0.14918759231905465,
    "124": 0.2628696604600219,
    "125": 0.14859617682198328,
    "126": 0.025868945868945867,
    "127": 0.08229409346306701,
    "128": 0.15792225902039395,
    "129": 0.17612365263371974,
    "130": 0.14362880886426593,
    "131": 0.15312452715993344,
    "132": 0.11683996141065495,
    "133": 0.09690478198532512,
    "134": 0.18887015177065766,
    "135": 0.0016776800082172081,
    "136": 0.005164146071560309,
    "137": 0,
    "138": 0.1862126944094157,
    "139": 0.176025390625,
    "140": 0.15404828379044178,
    "141": 0.14539332721150902,
    "142": 0.02478103711942166,
    "143": 0.11581291759465479,
    "144": 0,
    "145": 0.10344149459193706,
    "146": 0.0057251908396946565,
    "147": 0.09001731102135026,
    "148": 0.0004844227799812286,
    "149": 0.12348230431413072,
    "150": 0.12086016559337627,
    "151": 0.029530138524897043,
    "152": 0.16642420715740472,
    "153": 0.07605139254648471,
    "154": 0,
    "155": 0.08539644454138946,
    "156": 0.09714285714285714,
    "157": 0.005316007088009451,
    "158": 0.05641523439730486,
    "159": 0,
    "160": 0.21954576737783896,
    "161": 0.05991611743559017,
    "162": 0.06590340581104483,
    "163": 0.1723673579315917,
    "164": 0.06913442460317461,
    "165": 0.1294777729823047,
    "166": 0.1545439551377206,
    "167": 0,
    "168": 0.23502036067481094,
    "169": 0.026207007264116868,
    "170": 0.2045562411010916,
    "171": 0.20344583431673355,
    "172": 0.0630577620868883,
    "173": 0.16730917501927525,
    "174": 0,
    "175": 0.13546325878594248,
    "176": 0.1446559297218155,
    "177": 0.14043355325164938,
    "178": 0.16410352588147037,
    "179": 0.2599830076465591,
    "180": 0.12823074041703084,
    "181": 0.09242957746478873,
    "182": 0.11609110947832477,
    "183": 0,
    "184": 0.043993231810490696,
    "185": 0.21206318812829106,
    "186": 0.11019129656561137,
    "187": 0,
    "188": 0.17396593673965938,
    "189": 0.041367915705467925,
    "190": 0.15921222160868764,
    "191": 0.0991014342491792,
    "192": 0.12524874165983846,
    "193": 0.20979869027407227,
    "194": 0.14824920418371987,
    "195": 0.12263715998155832,
    "196": 0.18036482885837263
}