{
    "0": 0.004195297123718104,
    "1": 0.3180263800683928,
    "2": 0.32589941262848754,
    "3": 0.2916548261816804,
    "4": 0,
    "5": 0.17086971707998602,
    "6": 0.2792620865139949,
    "7": 0.32791975161213277,
    "8": 0.32387444514901714,
    "9": 0.22574169083203213,
    "10": 0.3048396068978305,
    "11": 0.11214953271028037,
    "12": 0.2878175519630485,
    "13": 0.2744593518348343,
    "14": 0.1934716082964978,
    "15": 0.3186352301065518,
    "16": 0,
    "17": 0.10372308790293802,
    "18": 0,
    "19": 0.2747716092761771,
    "20": 0.27475477542591636,
    "21": 0.2400201838977349,
    "22": 0.03829545454545454,
    "23": 0.19853376777251186,
    "24": 0,
    "25": 0,
    "26": 0.015966949531040643,
    "27": 0.26730865017433175,
    "28": 0.26976284584980237,
    "29": 0.31513193322563277,
    "30": 0.33510430502383,
    "31": 0,
    "32": 0.06555242023008466,
    "33": 0,
    "34": 0.14703411191396404,
    "35": 0,
    "36": 0.0055421122472874874,
    "37": 0.2675685491193027,
    "38": 0.33075398697744646,
    "39": 0.2791011235955056,
    "40": 0.13293016887266088,
    "41": 0.25252349460494256,
    "42": 0.17056442545536316,
    "43": 0,
    "44": 0.25595664178341343,
    "45": 0.282520716901137,
    "46": 0.3240616357171079,
    "47": 0.31065468549422337,
    "48": 0.010450250138966092,
    "49": 0.5097611391823611,
    "50": 0.24118463674224896,
    "51": 0.1466961904282623,
    "52": 0.11998604813393791,
    "54": 0,
    "55": 0.28139420716740304,
    "56": 0.4044230572335415,
    "57": 0.30993117010816124,
    "58": 0.3274010432648052,
    "59": 0,
    "60": 0.32386117136659437,
    "61": 0.3540942928039702,
    "62": 0.25407392686804453,
    "63": 0.30766028309741883,
    "64": 0.2304045512010114,
    "65": 0.0669262000205571,
    "66": 0.0002910947401419647,
    "67": 0.1285616594483702,
    "68": 0.11337338673787271,
    "69": 0.012219959266802444,
    "70": 0.2263622474961806,
    "71": 0,
    "72": 0.06180264807769961,
    "73": 0,
    "74": 0.19939221644936772,
    "75": 0.17958015267175573,
    "76": 0.33414807222266024,
    "77": 0.3446808510638298,
    "78": 0.2858903265557609,
    "79": 0.2159359277133176,
    "80": 0.3095054906623767,
    "81": 0.04813979706877114,
    "82": 0.31468128064609174,
    "83": 0.26977998730696,
    "84": 0.2166648223968131,
    "85": 0,
    "86": 0.0803561491374513,
    "87": 0.28752535496957404,
    "88": 0.22476774600883917,
    "89": 0.17802900536713487,
    "90": 0.179696526226604,
    "91": 0,
    "92": 0.32302677942212826,
    "93": 0.0007513930529620509,
    "94": 0.26487236996689095,
    "95": 0.22109843584617195,
    "96": 0.26547361221930926,
    "97": 0,
    "98": 0.0028079509347520874,
    "99": 0.2079975825946817,
    "100": 0.016538160688345068,
    "101": 0.2971497877501516,
    "102": 0.0019091078413112311,
    "103": 0.3237152286657237,
    "104": 0.18259761325454757,
    "105": 0,
    "106": 0.1589853826311264,
    "107": 0.1730901582931865,
    "108": 0.23648648648648649,
    "109": 0.46893809114359414,
    "110": 0.2935120435120435,
    "111": 8.158011620634331e-05,
    "112": 0.242999890194356,
    "113": 0.2972148810733889,
    "114": 0.2936885977969634,
    "115": 0.35109612141652613,
    "116": 0.31107217939733706,
    "117": 0.25619689936060264,
    "118": 0.2976713532513181,
    "119": 0.0877442996742671,
    "120": 0.3512680973405894,
    "121": 0.07160882246911153,
    "122": 0.3055987033159992,
    "123": 0.1781058075638401,
    "124": 0.08423001272706236,
    "125": 0.28619164619164617,
    "126": 0.06825561761267697,
    "127": 0.31677978630468384,
    "128": 0.24728479485116653,
    "129": 0.2604575163398693,
    "130": 0.2964988009592326,
    "131": 0.29333333333333333,
    "132": 0.3025754733071806,
    "133": 0.34786729857819904,
    "134": 0.1163928696260049,
    "135": 0.0020290649849191117,
    "136": 0.004337197381909944,
    "137": 0,
    "138": 0.2596860937328504,
    "139": 0.20679793202067978,
    "140": 0.2639,
    "141": 0.27456960157402854,
    "142": 0.0674714834649481,
    "143": 0.03978238694321659,
    "144": 0,
    "145": 0.13121832175708653,
    "146": 0.002872812744841995,
    "147": 0.02786552346570397,
    "148": 0.0005454996280684354,
    "149": 0.11499493414387031,
    "150": 0.3299422601044817,
    "151": 0.10979655276405224,
    "152": 0.15510024234412867,
    "153": 0.2118078282497709,
    "154": 0,
    "155": 0.20843146490814884,
    "156": 0.3144581996026288,
    "157": 0.0013333333333333333,
    "158": 0.16665008456869962,
    "159": 0,
    "160": 0.19692009215472292,
    "161": 0.015379434216434666,
    "162": 0.144014583755317,
    "163": 0.21613128491620112,
    "164": 0.22381999661647775,
    "165": 0.3185894822666123,
    "166": 0.28624458651268303,
    "167": 0,
    "168": 0.2667079975201488,
    "169": 0.06802168021680217,
    "170": 0.2487286699062041,
    "171": 0.2484212900315742,
    "172": 0.23268644436916228,
    "173": 0.3013621524259822,
    "174": 0,
    "175": 0.334364726358538,
    "176": 0.30603060306030605,
    "177": 0.2208256693235234,
    "178": 0.28928610593266807,
    "179": 0.13697508480524037,
    "180": 0.31931346661637117,
    "181": 0.0539253681762817,
    "182": 0.07073301230604602,
    "183": 0,
    "184": 0.015966949531040643,
    "185": 0.21591277124041888,
    "186": 0.3216991341991342,
    "187": 0,
    "188": 0.1676883116883117,
    "189": 0.14958440194048758,
    "190": 0.25822333961868843,
    "191": 0.2892167821745287,
    "192": 0.3365563406470807,
    "193": 0.21554347826086956,
    "194": 0.3065270435136234,
    "195": 0.06563488477180299,
    "196": 0.2610735326205542
}