{
    "0": 0.0041876196782333255,
    "1": 0.30887234233426036,
    "2": 0.33204552573874907,
    "3": 0.3498028299698446,
    "4": 0,
    "5": 0.20432139336181399,
    "6": 0.2963110509122779,
    "7": 0.35095367847411446,
    "8": 0.3241792095766218,
    "9": 0.2222075695634973,
    "10": 0.39177060263433966,
    "11": 0.14906219151036526,
    "12": 0.3679805942995755,
    "13": 0.2740666666666667,
    "14": 0.2264420331239292,
    "15": 0.33364750235626767,
    "16": 0,
    "17": 0.12461395923409511,
    "18": 0,
    "19": 0.2701696317749276,
    "20": 0.4946220036877689,
    "21": 0.26942775845716094,
    "22": 0.05017069912423928,
    "23": 0.194826444349215,
    "24": 0,
    "25": 0,
    "26": 0.018633540372670808,
    "27": 0.3167578319244157,
    "28": 0.32604179396309424,
    "29": 0.3530793319415449,
    "30": 0.32872833361935816,
    "31": 0,
    "32": 0.07877613180119064,
    "33": 0,
    "34": 0.15454813070356196,
    "35": 0,
    "36": 0.00603976955956142,
    "37": 0.2699927393423919,
    "38": 0.372586439155815,
    "39": 0.29744698095366745,
    "40": 0.17040225619712038,
    "41": 0.21038888370791756,
    "42": 0.20008514261387825,
    "43": 0,
    "44": 0.31815843621399176,
    "45": 0.308771529599635,
    "46": 0.30808254514187444,
    "47": 0.30472636815920395,
    "48": 0.011932144910868315,
    "49": 0.32221163012392756,
    "50": 0.2609596510359869,
    "51": 0.15798263193052772,
    "52": 0.14459094995504945,
    "53": 0.28139420716740304,
    "54": 0,
    "56": 0.3554045165533874,
    "57": 0.38782801527658,
    "58": 0.3168383153311563,
    "59": 0,
    "60": 0.2894072381868462,
    "61": 0.31848199348419476,
    "62": 0.2952588820177034,
    "63": 0.32117144600366077,
    "64": 0.29013949013949014,
    "65": 0.06633987357575598,
    "66": 0.00026530426609259875,
    "67": 0.16289726533628973,
    "68": 0.15181038243420095,
    "69": 0.013613724405091312,
    "70": 0.2815906967085453,
    "71": 0,
    "72": 0.06278245458573327,
    "73": 0,
    "74": 0.2586378324633358,
    "75": 0.2023521272915946,
    "76": 0.28644374897051555,
    "77": 0.4243801652892562,
    "78": 0.29006976143312374,
    "79": 0.27369791666666665,
    "80": 0.29883315653886955,
    "81": 0.06637102734663711,
    "82": 0.2892612806518564,
    "83": 0.23299550159882934,
    "84": 0.24787146388354847,
    "85": 0,
    "86": 0.1051489730980619,
    "87": 0.5842859442923845,
    "88": 0.30461750516884906,
    "89": 0.18860510805500982,
    "90": 0.20597826086956522,
    "91": 0,
    "92": 0.35090592691165934,
    "93": 0.0007857952398942199,
    "94": 0.4716323296354992,
    "95": 0.2168353007307476,
    "96": 0.29711160964666294,
    "97": 0,
    "98": 0.0030493117267816694,
    "99": 0.24840923268870868,
    "100": 0.02346254736228505,
    "101": 0.3223233636757694,
    "102": 0.0019049580394377799,
    "103": 0.6208903113180099,
    "104": 0.21972164643174416,
    "105": 0,
    "106": 0.18591665804983973,
    "107": 0.22148923888843078,
    "108": 0.2093786943386313,
    "109": 0.3072490142553837,
    "110": 0.31584961718660726,
    "111": 6.465676494494938e-05,
    "112": 0.2551342812006319,
    "113": 0.39040648281270424,
    "114": 0.33414148411117844,
    "115": 0.3150548354935194,
    "116": 0.29929497384580395,
    "117": 0.30882978723404253,
    "118": 0.30729369089260267,
    "119": 0.095692578174055,
    "120": 0.3749096167751265,
    "121": 0.07570336069599383,
    "122": 0.29454651501895596,
    "123": 0.22115648122773363,
    "124": 0.10218759364698832,
    "125": 0.6012958280657396,
    "126": 0.07179807658924417,
    "127": 0.28161888701517707,
    "128": 0.4752399817156788,
    "129": 0.3703378674857394,
    "130": 0.5304618872201757,
    "131": 0.367053827900587,
    "132": 0.3341295909226635,
    "133": 0.30320337720387386,
    "134": 0.12831858407079647,
    "135": 0.0020630539009152985,
    "136": 0.00451382358472823,
    "137": 0,
    "138": 0.3145741150442478,
    "139": 0.21381317808944164,
    "140": 0.49660684662946764,
    "141": 0.3052482937161685,
    "142": 0.07155294724622727,
    "143": 0.05751419181356439,
    "144": 0,
    "145": 0.15027977617905675,
    "146": 0.0036078098471986416,
    "147": 0.03804748562158974,
    "148": 0.00047025628967787447,
    "149": 0.13718548489063093,
    "150": 0.3472339527027027,
    "151": 0.11022518604426404,
    "152": 0.2197335675596545,
    "153": 0.22658498782197947,
    "154": 0,
    "155": 0.2728415353379097,
    "156": 0.31901318587834965,
    "157": 0.0012958963282937365,
    "158": 0.1741784293421985,
    "159": 0,
    "160": 0.2019345238095238,
    "161": 0.0204648443210057,
    "162": 0.14827796403535506,
    "163": 0.21453480262240202,
    "164": 0.24273310683276708,
    "165": 0.3186016602361744,
    "166": 0.5295862607338018,
    "167": 0,
    "168": 0.28551829268292683,
    "169": 0.07216869660061807,
    "170": 0.31464764123471173,
    "171": 0.3119478638667632,
    "172": 0.2358402002712006,
    "173": 0.33995584988962474,
    "174": 0,
    "175": 0.5613912557619779,
    "176": 0.3442229161662263,
    "177": 0.2723426080266701,
    "178": 0.3189907038512616,
    "179": 0.1398550724637681,
    "180": 0.5765499789118516,
    "181": 0.06645750142612664,
    "182": 0.08848468271334792,
    "183": 0,
    "184": 0.018783412801618264,
    "185": 0.26495493034689976,
    "186": 0.3123554840655474,
    "187": 0,
    "188": 0.21413446267866595,
    "189": 0.14394769052373896,
    "190": 0.3251362488369002,
    "191": 0.3079783637592968,
    "192": 0.3354304288560344,
    "193": 0.2520655560070432,
    "194": 0.525479126429951,
    "195": 0.09271128335072291,
    "196": 0.33539412673879443
}