{
    "0": 0.004515692029803568,
    "1": 0.3510281338724942,
    "2": 0.38038825286212047,
    "3": 0.3611927761444771,
    "4": 0,
    "5": 0.18543238537434706,
    "6": 0.31793212431334184,
    "7": 0.3920236851271334,
    "8": 0.3578550481776288,
    "9": 0.24626953354482434,
    "10": 0.3558879630559181,
    "11": 0.12693144099805426,
    "12": 0.344265741616735,
    "13": 0.3189689098780008,
    "14": 0.20136438485062338,
    "15": 0.3678005649023701,
    "16": 0,
    "17": 0.11042183622828784,
    "18": 0,
    "19": 0.31549046837520517,
    "20": 0.3329177057356609,
    "21": 0.27616780720023804,
    "22": 0.04110074406519428,
    "23": 0.23085035740791376,
    "24": 0,
    "25": 0,
    "26": 0.01690010417872439,
    "27": 0.32024550952252007,
    "28": 0.3011858537097282,
    "29": 0.3743807501769285,
    "30": 0.3906646372399797,
    "31": 0,
    "32": 0.07520764592103767,
    "33": 0,
    "34": 0.1665047257309425,
    "35": 0,
    "36": 0.006652773324783584,
    "37": 0.28103529411764705,
    "38": 0.3804724088780289,
    "39": 0.3055258467023173,
    "40": 0.1521712834159913,
    "41": 0.29051475379316766,
    "42": 0.1813489736070381,
    "43": 0,
    "44": 0.304826512455516,
    "45": 0.32535488550409286,
    "46": 0.3799897207469591,
    "47": 0.35974321469202014,
    "48": 0.010589318600368325,
    "49": 0.4719252841228761,
    "50": 0.26869616288175413,
    "51": 0.16563548657718122,
    "52": 0.12842923039572712,
    "53": 0.4044230572335415,
    "54": 0,
    "55": 0.3554045165533874,
    "57": 0.34173523591292576,
    "58": 0.38139457756404943,
    "59": 0,
    "60": 0.3705393705393705,
    "61": 0.4115801738818679,
    "62": 0.29990315291079306,
    "63": 0.34862180560205336,
    "64": 0.25844947008261704,
    "65": 0.07278056405914153,
    "66": 0.0002917720287881735,
    "67": 0.14502346852810205,
    "68": 0.13666072489601902,
    "69": 0.013188479029813037,
    "70": 0.26199328919923826,
    "71": 0,
    "72": 0.06797354543096741,
    "73": 0,
    "74": 0.21054774994909387,
    "75": 0.20318966387402845,
    "76": 0.39553264604810995,
    "77": 0.4065487571701721,
    "78": 0.3170176437108708,
    "79": 0.24340239912758996,
    "80": 0.36657559198542805,
    "81": 0.05468473777253978,
    "82": 0.3561275451402228,
    "83": 0.29762366365700993,
    "84": 0.25214183722037126,
    "85": 0,
    "86": 0.08811904208323645,
    "87": 0.3616804438908391,
    "88": 0.26356589147286824,
    "89": 0.20495001219214826,
    "90": 0.19787473836741265,
    "91": 0,
    "92": 0.3978305482263266,
    "93": 0.000872652415830064,
    "94": 0.31370499419279907,
    "95": 0.2471867966991748,
    "96": 0.30708661417322836,
    "97": 0,
    "98": 0.00287399788231735,
    "99": 0.22897444055573232,
    "100": 0.01857441374506617,
    "101": 0.3454100367197062,
    "102": 0.001889734019936694,
    "103": 0.3909657320872274,
    "104": 0.2099009900990099,
    "105": 0,
    "106": 0.18765454711969962,
    "107": 0.20287738260425034,
    "108": 0.2624225489004981,
    "109": 0.4517133956386293,
    "110": 0.343010413379615,
    "111": 6.362826549348265e-05,
    "112": 0.2644542090656799,
    "113": 0.34766787958981143,
    "114": 0.3395382280099065,
    "115": 0.4125030765444253,
    "116": 0.3679969593310528,
    "117": 0.29041581204549693,
    "118": 0.33655091230135376,
    "119": 0.09714103517908386,
    "120": 0.524043303121853,
    "121": 0.08202020202020202,
    "122": 0.3541062100986651,
    "123": 0.19718309859154928,
    "124": 0.08793849111004325,
    "125": 0.3492854049372022,
    "126": 0.07747627767604462,
    "127": 0.3628649503811304,
    "128": 0.3081195157169832,
    "129": 0.3122694275853862,
    "130": 0.36625558154369553,
    "131": 0.3399591705168153,
    "132": 0.32557309785032557,
    "133": 0.4172374924130755,
    "134": 0.12515217920623325,
    "135": 0.001907711023251956,
    "136": 0.005263157894736842,
    "137": 0,
    "138": 0.29656227925594536,
    "139": 0.24678418294425916,
    "140": 0.32317676823231767,
    "141": 0.3012873754152824,
    "142": 0.077066269545793,
    "143": 0.04327830188679245,
    "144": 0,
    "145": 0.1506388036050312,
    "146": 0.002952755905511811,
    "147": 0.0306158357771261,
    "148": 0.0005497388740348335,
    "149": 0.1383702104695089,
    "150": 0.3843402225755167,
    "151": 0.11769572617246596,
    "152": 0.1848173111032281,
    "153": 0.23973500793596025,
    "154": 0,
    "155": 0.23922647328498792,
    "156": 0.38159993284647026,
    "157": 0.0010350776308223116,
    "158": 0.19279251006851822,
    "159": 0,
    "160": 0.21000507872016252,
    "161": 0.016536625131011996,
    "162": 0.1631095406360424,
    "163": 0.23077860363104666,
    "164": 0.2577387355085455,
    "165": 0.35105348460291735,
    "166": 0.3464022662889518,
    "167": 0,
    "168": 0.3185768604019555,
    "169": 0.07812771880981381,
    "170": 0.29699433357969945,
    "171": 0.2969383991147178,
    "172": 0.25937563348874926,
    "173": 0.3721192384769539,
    "174": 0,
    "175": 0.4090762793691664,
    "176": 0.36137750653879686,
    "177": 0.24959252417689884,
    "178": 0.32730263157894735,
    "179": 0.1424581005586592,
    "180": 0.3907506002714271,
    "181": 0.059441366574330565,
    "182": 0.08062345817447858,
    "183": 0,
    "184": 0.01690010417872439,
    "185": 0.23142082674497402,
    "186": 0.36652152878567973,
    "187": 0,
    "188": 0.18281794425087108,
    "189": 0.16791498623647655,
    "190": 0.3080433542498574,
    "191": 0.3522541653054557,
    "192": 0.39255072171192085,
    "193": 0.24177726485862666,
    "194": 0.365802070577758,
    "195": 0.07502666824700722,
    "196": 0.3080203767326146
}