{
    "0": 0.004575441583315599,
    "1": 0.3918633659566302,
    "2": 0.39505100933362275,
    "3": 0.3900526623756583,
    "4": 0,
    "5": 0.2666955391944565,
    "6": 0.36211816045652906,
    "7": 0.42702027481502836,
    "8": 0.41099773242630383,
    "9": 0.2520909566126503,
    "10": 0.38296213808463253,
    "11": 0.17529053680132817,
    "12": 0.3551874856222682,
    "13": 0.31251281350372445,
    "14": 0.2340309123238955,
    "15": 0.32085765034255265,
    "16": 0,
    "17": 0.1250542142547347,
    "18": 0,
    "19": 0.2732788182537589,
    "20": 0.36193029490616624,
    "21": 0.34010529157667385,
    "22": 0.05163344407530454,
    "23": 0.23205625606207567,
    "24": 0,
    "25": 0,
    "26": 0.019747447608812467,
    "27": 0.3726618705035971,
    "28": 0.5008532423208191,
    "29": 0.3616483377575528,
    "30": 0.3795697972913163,
    "31": 0,
    "32": 0.08934707903780069,
    "33": 0,
    "34": 0.1759727626459144,
    "35": 0,
    "36": 0.00925184592118139,
    "37": 0.38184108083352414,
    "38": 0.3868267430333737,
    "39": 0.3351796811672521,
    "40": 0.1909221902017291,
    "41": 0.1977730646871686,
    "42": 0.1906970580439968,
    "43": 0,
    "44": 0.36611451676014084,
    "45": 0.3371960917973188,
    "46": 0.3975512475651609,
    "47": 0.34727997963167273,
    "48": 0.014747285158868481,
    "49": 0.3453532380151388,
    "50": 0.37269993986770894,
    "51": 0.19169858784517751,
    "52": 0.14414287723245675,
    "53": 0.30993117010816124,
    "54": 0,
    "55": 0.38782801527658,
    "56": 0.34173523591292576,
    "58": 0.35207201086956524,
    "59": 0,
    "60": 0.2698537682789651,
    "61": 0.36501626310083124,
    "62": 0.3094956192280369,
    "63": 0.4682232660956065,
    "64": 0.3866151597410733,
    "65": 0.08013214916269862,
    "66": 0.0003170600979866684,
    "67": 0.1876985272884782,
    "68": 0.18385521401896007,
    "69": 0.014421783350373998,
    "70": 0.3160150533138198,
    "71": 0,
    "72": 0.0750542979333199,
    "73": 0,
    "74": 0.2863126770974498,
    "75": 0.228,
    "76": 0.29375656247475973,
    "77": 0.5178389398572885,
    "78": 0.34498480243161095,
    "79": 0.35693621710979473,
    "80": 0.3429929111163044,
    "81": 0.06689655172413793,
    "82": 0.3454385121051788,
    "83": 0.29574541681079214,
    "84": 0.23231418702827172,
    "85": 0,
    "86": 0.11867461527797032,
    "87": 0.3883962503166962,
    "88": 0.3450516301195034,
    "89": 0.16763229045963693,
    "90": 0.26263580538497877,
    "91": 0,
    "92": 0.383302488176023,
    "93": 0.0008578717256014508,
    "94": 0.35654149405318725,
    "95": 0.20587849363600577,
    "96": 0.32631287238464735,
    "97": 0,
    "98": 0.003159032338515255,
    "99": 0.30494998717619903,
    "100": 0.023677445541875255,
    "101": 0.33610207227264943,
    "102": 0.0022037463688270057,
    "103": 0.3957141254347582,
    "104": 0.22234715390021081,
    "105": 0,
    "106": 0.21360726822217635,
    "107": 0.260701044826424,
    "108": 0.2021513353115727,
    "109": 0.3417889160554197,
    "110": 0.32349023090586143,
    "111": 0.00014705476871042158,
    "112": 0.26297095014588356,
    "113": 0.33384289746001883,
    "114": 0.4289597000937207,
    "115": 0.3060645466367183,
    "116": 0.3449406620861961,
    "117": 0.4240825419158166,
    "118": 0.31845612270555695,
    "119": 0.10784313725490197,
    "120": 0.3328913932162192,
    "121": 0.0865225795115094,
    "122": 0.3430640416383797,
    "123": 0.2986021040495749,
    "124": 0.10062893081761007,
    "125": 0.3707797669109696,
    "126": 0.08168935815504307,
    "127": 0.339715737535901,
    "128": 0.34437420986093553,
    "129": 0.30208601596703577,
    "130": 0.4114665057332529,
    "131": 0.526001705029838,
    "132": 0.4395616319444444,
    "133": 0.3192711753118844,
    "134": 0.14003666619658722,
    "135": 0.0019440791354565726,
    "136": 0.007372111840330846,
    "137": 0,
    "138": 0.32468921267210266,
    "139": 0.1931582162492364,
    "140": 0.36672539642587465,
    "141": 0.37391090931402626,
    "142": 0.08156475110637336,
    "143": 0.05570181515865318,
    "144": 0,
    "145": 0.17112359550561798,
    "146": 0.0035073654674817115,
    "147": 0.03986802309595821,
    "148": 0.001082864951271077,
    "149": 0.1446060606060606,
    "150": 0.3594865955905186,
    "151": 0.1278306409972708,
    "152": 0.2878374279648165,
    "153": 0.2436820452541875,
    "154": 0,
    "155": 0.4187027987561084,
    "156": 0.3193548387096774,
    "157": 0.0011996800853105837,
    "158": 0.19203413940256045,
    "159": 0,
    "160": 0.20210822206605764,
    "161": 0.020754205100379817,
    "162": 0.17108378522874818,
    "163": 0.2447600661886376,
    "164": 0.2493643410852713,
    "165": 0.47118463180362863,
    "166": 0.38982392542723976,
    "167": 0,
    "168": 0.2480374604049029,
    "169": 0.08201904208154663,
    "170": 0.3511085349949283,
    "171": 0.3501878069921988,
    "172": 0.2717373813227485,
    "173": 0.31905313263862084,
    "174": 0,
    "175": 0.40270456108182445,
    "176": 0.32393730973052204,
    "177": 0.3511615343057807,
    "178": 0.3435414212799372,
    "179": 0.138137321549966,
    "180": 0.3967231638418079,
    "181": 0.07806337549299605,
    "182": 0.09292092662093956,
    "183": 0,
    "184": 0.019887127116366567,
    "185": 0.2481231708868813,
    "186": 0.4621316758747698,
    "187": 0,
    "188": 0.2609628536945152,
    "189": 0.17733150666622113,
    "190": 0.40460251046025103,
    "191": 0.3869106643829442,
    "192": 0.3368175360259793,
    "193": 0.2403504316912138,
    "194": 0.4234825102880658,
    "195": 0.0994646379261764,
    "196": 0.3292033040234479
}