{
    "0": 0.0046721364849905585,
    "1": 0.3836168307967771,
    "2": 0.40570469798657716,
    "3": 0.33185876955845006,
    "4": 0,
    "5": 0.20639444823099323,
    "6": 0.38196450680974,
    "7": 0.40944001193050483,
    "8": 0.4021015243451236,
    "9": 0.20841153386794062,
    "10": 0.3616776315789474,
    "11": 0.11172402437016302,
    "12": 0.3147543659213318,
    "13": 0.36722926301879993,
    "14": 0.1699534490055015,
    "15": 0.27897737087579894,
    "16": 0,
    "17": 0.07679395719681074,
    "18": 0,
    "19": 0.2358292512246326,
    "20": 0.2857142857142857,
    "21": 0.32504401408450706,
    "22": 0.030012978585334197,
    "23": 0.2927793124616329,
    "24": 0,
    "25": 0,
    "26": 0.013768812039705411,
    "27": 0.32721414656076725,
    "28": 0.3005177020708083,
    "29": 0.30452710248260456,
    "30": 0.3973981168691152,
    "31": 0,
    "32": 0.06090923643348808,
    "33": 0,
    "34": 0.15602983837546622,
    "35": 0,
    "36": 0.00636513862537487,
    "37": 0.2965034965034965,
    "38": 0.3505576506459119,
    "39": 0.2714260470047712,
    "40": 0.12163534789233113,
    "41": 0.21462780514504654,
    "42": 0.1439595087952207,
    "43": 0,
    "44": 0.259776767259198,
    "45": 0.30844473426801433,
    "46": 0.3782055886789742,
    "47": 0.3751134697297675,
    "48": 0.009003266671978328,
    "49": 0.3744838976052849,
    "50": 0.2842517795729025,
    "51": 0.17790530846484937,
    "52": 0.09646113946289635,
    "53": 0.3274010432648052,
    "54": 0,
    "55": 0.3168383153311563,
    "56": 0.38139457756404943,
    "57": 0.35207201086956524,
    "59": 0,
    "60": 0.26527619357992505,
    "61": 0.40578302450687387,
    "62": 0.27238314680710995,
    "63": 0.32730263157894735,
    "64": 0.2799519638315908,
    "65": 0.1060230152027027,
    "66": 0.00029076318065843324,
    "67": 0.11882193635748138,
    "68": 0.1103874415497662,
    "69": 0.012659299716330074,
    "70": 0.28901249619018593,
    "71": 0,
    "72": 0.07928593413357957,
    "73": 0,
    "74": 0.1896378658018686,
    "75": 0.18334354888139748,
    "76": 0.34279877425944844,
    "77": 0.35462772153032884,
    "78": 0.3346779802476005,
    "79": 0.23600503566932438,
    "80": 0.380391123987621,
    "81": 0.04439175931981688,
    "82": 0.3865944482058226,
    "83": 0.37546846557447267,
    "84": 0.20538835365333788,
    "85": 0,
    "86": 0.07278817090107018,
    "87": 0.30610352385769685,
    "88": 0.25955967555040554,
    "89": 0.13590397105977145,
    "90": 0.19626352015732546,
    "91": 0,
    "92": 0.36410176853862863,
    "93": 0.0008842566083685466,
    "94": 0.271419960389219,
    "95": 0.16935415787252006,
    "96": 0.25231992929739283,
    "97": 0,
    "98": 0.0021014535053411943,
    "99": 0.20857418111753373,
    "100": 0.01483679525222552,
    "101": 0.37388218594748046,
    "102": 0.001675442795595979,
    "103": 0.36070932418076324,
    "104": 0.15008032468081509,
    "105": 0,
    "106": 0.18597737819025523,
    "107": 0.23402231803195536,
    "108": 0.17134464751958225,
    "109": 0.36690186016677356,
    "110": 0.30443906376109764,
    "111": 7.02265684665151e-05,
    "112": 0.21380345086271568,
    "113": 0.3128161888701518,
    "114": 0.37667088785704234,
    "115": 0.3011203284016078,
    "116": 0.3814106789716546,
    "117": 0.3208467773668057,
    "118": 0.28175698998964444,
    "119": 0.08310227972889711,
    "120": 0.3509067903838043,
    "121": 0.09871471695764479,
    "122": 0.3880944678097703,
    "123": 0.18119053633072324,
    "124": 0.0641015077861086,
    "125": 0.3098288831941804,
    "126": 0.09306042166082734,
    "127": 0.3838454228698131,
    "128": 0.26454018227009113,
    "129": 0.24668254508336168,
    "130": 0.3302918207973695,
    "131": 0.3276855303287021,
    "132": 0.359245630174793,
    "133": 0.398537214972035,
    "134": 0.0898876404494382,
    "135": 0.0019723373445848106,
    "136": 0.0051174548369196625,
    "137": 0,
    "138": 0.26727096717416177,
    "139": 0.1693121693121693,
    "140": 0.2917435811377748,
    "141": 0.314906884638072,
    "142": 0.09340262740002887,
    "143": 0.03403077424082065,
    "144": 0,
    "145": 0.13854338378540387,
    "146": 0.002321416727465676,
    "147": 0.023693999676532428,
    "148": 0.0008657614143807527,
    "149": 0.11740700047088369,
    "150": 0.37910085054678005,
    "151": 0.17023460060619078,
    "152": 0.16131511528608028,
    "153": 0.26781386330586526,
    "154": 0,
    "155": 0.2880133993591611,
    "156": 0.36854951185495116,
    "157": 0.0012712537740346417,
    "158": 0.2224070729156764,
    "159": 0,
    "160": 0.15156749287503238,
    "161": 0.01226944667201283,
    "162": 0.16919534801346006,
    "163": 0.18581780538302278,
    "164": 0.3006839945280438,
    "165": 0.33296610169491525,
    "166": 0.3020088525706503,
    "167": 0,
    "168": 0.2059265811587793,
    "169": 0.09279008876684335,
    "170": 0.24187439443318948,
    "171": 0.24203765616751716,
    "172": 0.31374621630711574,
    "173": 0.2677172134676655,
    "174": 0,
    "175": 0.36494109839057576,
    "176": 0.2913689281413087,
    "177": 0.23513289036544852,
    "178": 0.2749203067114672,
    "179": 0.10449878975043819,
    "180": 0.35787923416789397,
    "181": 0.04839099927413501,
    "182": 0.06470262136691217,
    "183": 0,
    "184": 0.013851080864691754,
    "185": 0.1861922982984613,
    "186": 0.37445887445887444,
    "187": 0,
    "188": 0.16366717779033169,
    "189": 0.20000613515752017,
    "190": 0.2739420935412027,
    "191": 0.36948129430757354,
    "192": 0.343359375,
    "193": 0.19682354897721605,
    "194": 0.3383594692400482,
    "195": 0.06092333058532564,
    "196": 0.26101665510062455
}