{
    "0": 0.006042051381734539,
    "1": 0.3902888299440024,
    "2": 0.38934558349451964,
    "3": 0.31485691885535083,
    "4": 0,
    "5": 0.21167838581473555,
    "7": 0.3691899070385126,
    "8": 0.3778248587570621,
    "9": 0.17823118450301684,
    "10": 0.34786392405063293,
    "11": 0.12984559789750327,
    "12": 0.2865056162486536,
    "13": 0.3599929688873264,
    "14": 0.16496778928484057,
    "15": 0.23476190476190475,
    "16": 0,
    "17": 0.0708838404110139,
    "18": 0,
    "19": 0.19721147646679563,
    "20": 0.268385018123238,
    "21": 0.3263723150357995,
    "22": 0.03129902729839975,
    "23": 0.28490424333458503,
    "24": 0,
    "25": 0,
    "26": 0.01461038961038961,
    "27": 0.33610081541882875,
    "28": 0.30752794214332674,
    "29": 0.264750378214826,
    "30": 0.3432964411160448,
    "31": 0,
    "32": 0.07134973194575843,
    "33": 0,
    "34": 0.18551112362714728,
    "35": 0,
    "36": 0.010801080108010801,
    "37": 0.3208137715179969,
    "38": 0.30334247387534274,
    "39": 0.2338023560209424,
    "40": 0.18094468390804597,
    "41": 0.20624008461131677,
    "42": 0.13734862970044615,
    "43": 0,
    "44": 0.27187883749488334,
    "45": 0.32362958157638666,
    "46": 0.3500647889245039,
    "47": 0.3273304398523029,
    "48": 0.009063676165604117,
    "49": 0.3138433789267999,
    "50": 0.34005185247135566,
    "51": 0.19139844874831638,
    "52": 0.09056664262242527,
    "53": 0.2792620865139949,
    "54": 0,
    "55": 0.2963110509122779,
    "56": 0.31793212431334184,
    "57": 0.36211816045652906,
    "58": 0.38196450680974,
    "59": 0,
    "60": 0.2112686456948752,
    "61": 0.34439890710382515,
    "62": 0.2946664464993395,
    "63": 0.3111957601854919,
    "64": 0.2845319237724301,
    "65": 0.12686384747005622,
    "66": 0.00034774796965898963,
    "67": 0.13241206030150754,
    "68": 0.12019388761091028,
    "69": 0.014757993913369741,
    "70": 0.40935622317596565,
    "71": 0,
    "72": 0.08491011813045711,
    "73": 0,
    "74": 0.20266646234005056,
    "75": 0.21168790798880946,
    "76": 0.2817748032471959,
    "77": 0.3572994300745287,
    "78": 0.3749106504646176,
    "79": 0.2616893548659846,
    "80": 0.33622119815668206,
    "81": 0.04859233338635279,
    "82": 0.3379839115133233,
    "83": 0.3472576856296599,
    "84": 0.18643657769534716,
    "85": 0,
    "86": 0.0883713381481782,
    "87": 0.2898936170212766,
    "88": 0.30707588749098486,
    "89": 0.12709398348407394,
    "90": 0.2117438888524805,
    "91": 0,
    "92": 0.33619929453262787,
    "93": 0.0009680472175866727,
    "94": 0.27192614351657574,
    "95": 0.13594954449894883,
    "96": 0.23326351068286552,
    "97": 0,
    "98": 0.002500994713806628,
    "99": 0.21716772151898733,
    "100": 0.016202806419102257,
    "101": 0.3649393605292172,
    "102": 0.00199780633030398,
    "103": 0.3271135683022345,
    "104": 0.1439363171147754,
    "105": 0,
    "106": 0.2306417595661344,
    "107": 0.2757352941176471,
    "108": 0.1413422208756249,
    "109": 0.3044111224341243,
    "110": 0.2845940959409594,
    "111": 0.0002536006925922363,
    "112": 0.22027657311185664,
    "113": 0.2760408483896308,
    "114": 0.46285064442759666,
    "115": 0.2581485281351117,
    "116": 0.33826065533382604,
    "117": 0.3632980014564285,
    "118": 0.25165723524656425,
    "119": 0.0937357457807511,
    "120": 0.3033061065733178,
    "121": 0.13044181906457356,
    "122": 0.34230050063333134,
    "123": 0.21725652286230948,
    "124": 0.061138829492357646,
    "125": 0.2915056392459973,
    "126": 0.12435282837967401,
    "127": 0.37245619428220106,
    "128": 0.254703443877551,
    "129": 0.23297024874004227,
    "130": 0.3116414161237146,
    "131": 0.3456404190604934,
    "132": 0.34642117716651877,
    "133": 0.33902759526938236,
    "134": 0.08569829722599728,
    "135": 0.0021720886607098783,
    "136": 0.008994868699064292,
    "137": 0,
    "138": 0.25584338874356594,
    "139": 0.15904665472388815,
    "140": 0.27923646907216493,
    "141": 0.33504676834920366,
    "142": 0.12476336428378257,
    "143": 0.036201593185582456,
    "144": 0,
    "145": 0.16542609752392526,
    "146": 0.0026378434021746126,
    "147": 0.024527417591001407,
    "148": 0.0017158080101142368,
    "149": 0.12827468609517903,
    "150": 0.309775863327736,
    "151": 0.18642301446886891,
    "152": 0.1830082135523614,
    "153": 0.31416319838567286,
    "154": 0,
    "155": 0.38324548794122343,
    "156": 0.3581665765278529,
    "157": 0.0009946442234123947,
    "158": 0.2573096546310832,
    "159": 0,
    "160": 0.1339903885314002,
    "161": 0.012370496366166692,
    "162": 0.20408783989293752,
    "163": 0.16050975963865138,
    "164": 0.34062517664349107,
    "165": 0.3095850755870055,
    "166": 0.2908480681074001,
    "167": 0,
    "168": 0.171143953621295,
    "169": 0.1240541616885703,
    "170": 0.22354022220365885,
    "171": 0.22407747537151446,
    "172": 0.316054544590678,
    "173": 0.23547842853699685,
    "174": 0,
    "175": 0.34108832807570977,
    "176": 0.26244241371497623,
    "177": 0.25273269294468365,
    "178": 0.23556122042539632,
    "179": 0.09952720570558539,
    "180": 0.32926074853077636,
    "181": 0.060613301473516526,
    "182": 0.07212172967937272,
    "183": 0,
    "184": 0.014689964434822947,
    "185": 0.1692533395104625,
    "186": 0.35208683687509557,
    "187": 0,
    "188": 0.16807452435462225,
    "189": 0.20798919217660966,
    "190": 0.31350877192982457,
    "191": 0.40195728266304737,
    "192": 0.2995652173913044,
    "193": 0.1965411346371424,
    "194": 0.3395654370894391,
    "195": 0.06743474057363841,
    "196": 0.23555337904015672
}