{
    "0": 0.0037129609505180032,
    "1": 0.25699790062981104,
    "2": 0.2775506031486404,
    "3": 0.27981189116560296,
    "4": 0,
    "5": 0.1506458514937792,
    "6": 0.2112686456948752,
    "7": 0.2818821078218595,
    "8": 0.2659121851599728,
    "9": 0.24897480960749854,
    "10": 0.2749893662271374,
    "11": 0.11574208539064769,
    "12": 0.29,
    "13": 0.21206558207254542,
    "14": 0.21371394049237274,
    "15": 0.355193661971831,
    "16": 0,
    "17": 0.13744157867405227,
    "18": 0,
    "19": 0.32184450739691534,
    "20": 0.29243937232524964,
    "21": 0.18895891690009337,
    "22": 0.04604833442194644,
    "23": 0.1501823323658555,
    "24": 0,
    "25": 0,
    "26": 0.0184709283649213,
    "27": 0.23653593544755114,
    "28": 0.24818713450292398,
    "29": 0.334865486007841,
    "30": 0.28198872718095397,
    "31": 0,
    "32": 0.06934088875633761,
    "33": 0,
    "34": 0.1370430216117956,
    "35": 0,
    "36": 0.004866421690336677,
    "37": 0.22450235994254053,
    "38": 0.30400347184550286,
    "39": 0.28931623931623934,
    "40": 0.1490625,
    "41": 0.2603227834835464,
    "42": 0.18592436974789917,
    "43": 0,
    "44": 0.26455970434560977,
    "45": 0.25936794582392775,
    "46": 0.27979632346595323,
    "47": 0.2610997963340122,
    "48": 0.01414563574987944,
    "49": 0.3654970760233918,
    "50": 0.20746444230563577,
    "51": 0.12448901727802911,
    "52": 0.15713094245204337,
    "53": 0.32386117136659437,
    "54": 0,
    "55": 0.2894072381868462,
    "56": 0.3705393705393705,
    "57": 0.2698537682789651,
    "58": 0.26527619357992505,
    "59": 0,
    "61": 0.3120909090909091,
    "62": 0.2318686510748878,
    "63": 0.2903426017874876,
    "64": 0.198611852642819,
    "65": 0.04539885130823229,
    "66": 0.0002515186390555094,
    "67": 0.14547447541497024,
    "68": 0.13287250384024576,
    "69": 0.012763755533835451,
    "70": 0.18134271586154432,
    "71": 0,
    "72": 0.0497705767415311,
    "73": 0,
    "74": 0.18818170921730792,
    "75": 0.17210229938995777,
    "76": 0.3166503689216819,
    "77": 0.331064275428721,
    "78": 0.22423146473779385,
    "79": 0.20457128425306226,
    "80": 0.2537202931813134,
    "81": 0.05610772683552421,
    "82": 0.25587606837606836,
    "83": 0.20385026737967915,
    "84": 0.2437454279444038,
    "85": 0,
    "86": 0.08747117601844735,
    "87": 0.2947118982289848,
    "88": 0.1998735644294595,
    "89": 0.22192216044479746,
    "90": 0.163349102918861,
    "91": 0,
    "92": 0.30205811138014527,
    "93": 0.0007596879202023809,
    "94": 0.2855781015933542,
    "95": 0.30164100828962953,
    "96": 0.2884017182639609,
    "97": 0,
    "98": 0.002880773162345507,
    "99": 0.2139599695971624,
    "100": 0.0206351765274867,
    "101": 0.24656301145662848,
    "102": 0.0018177929854576562,
    "103": 0.30237132553819257,
    "104": 0.21325511336610115,
    "105": 0,
    "106": 0.13833469055374592,
    "107": 0.1449553983389726,
    "108": 0.31626701231367466,
    "109": 0.35295434198746645,
    "110": 0.2813004380908462,
    "111": 5.579267442184841e-05,
    "112": 0.24746139936013353,
    "113": 0.30989452536413864,
    "114": 0.23381351907551054,
    "115": 0.3689689126459418,
    "116": 0.2543716656787196,
    "117": 0.2168102168102168,
    "118": 0.3738832638475283,
    "119": 0.08836959441310771,
    "120": 0.3516483516483517,
    "121": 0.054831460674157305,
    "122": 0.24672195052803175,
    "123": 0.17176148046607265,
    "124": 0.10588235294117647,
    "125": 0.2981756675123837,
    "126": 0.052176894069249226,
    "127": 0.2564138609685809,
    "128": 0.26045340050377835,
    "129": 0.2763267574326202,
    "130": 0.2812888637648389,
    "131": 0.27266322217003286,
    "132": 0.24864612511671336,
    "133": 0.2997431506849315,
    "134": 0.13945857260049221,
    "135": 0.0018691034237227793,
    "136": 0.00382717292778729,
    "137": 0,
    "138": 0.2803105151729005,
    "139": 0.2546108861898336,
    "140": 0.26713338246131174,
    "141": 0.24685951365679382,
    "142": 0.05148810469142077,
    "143": 0.051563267310525455,
    "144": 0,
    "145": 0.1290703161868806,
    "146": 0.0035611717403790924,
    "147": 0.03465668727627726,
    "148": 0.0004526814720136337,
    "149": 0.12643986070184837,
    "150": 0.31316990342778306,
    "151": 0.0744432906426676,
    "152": 0.16990291262135923,
    "153": 0.1664323868428451,
    "154": 0,
    "155": 0.16183868169991328,
    "156": 0.265196564255038,
    "157": 0.0016082341588935349,
    "158": 0.12968012585212377,
    "159": 0,
    "160": 0.2749599572877736,
    "161": 0.02,
    "162": 0.12288751242639749,
    "163": 0.25007878978884335,
    "164": 0.16864372114766552,
    "165": 0.29776496034607064,
    "166": 0.28587641866330393,
    "167": 0,
    "168": 0.36206586287565234,
    "169": 0.052977988778593006,
    "170": 0.2714138286893705,
    "171": 0.27004405286343613,
    "172": 0.1786049266920077,
    "173": 0.35162873717090587,
    "174": 0,
    "175": 0.3146813780680027,
    "176": 0.3229230959140847,
    "177": 0.2101103863522328,
    "178": 0.31535327995504986,
    "179": 0.1762055731686968,
    "180": 0.3005926251097454,
    "181": 0.05779632205223304,
    "182": 0.08128042484142203,
    "183": 0,
    "184": 0.0184709283649213,
    "185": 0.23419761737911704,
    "186": 0.2885165508786269,
    "187": 0,
    "188": 0.17122282971062808,
    "189": 0.11290473662846973,
    "190": 0.25458301058610894,
    "191": 0.24203307785397338,
    "192": 0.3175661148140185,
    "193": 0.23512747875354106,
    "194": 0.29484686436558094,
    "195": 0.07401524777636595,
    "196": 0.28922815945716707
}