{
    "0": 0.004526381868041101,
    "1": 0.3603385731559855,
    "2": 0.3813096862210095,
    "3": 0.35032014735549516,
    "4": 0,
    "5": 0.19459081963049965,
    "6": 0.34439890710382515,
    "7": 0.4135595858955398,
    "8": 0.38979065533980584,
    "9": 0.2303538175046555,
    "10": 0.36600968188105115,
    "11": 0.11431341441917857,
    "12": 0.36221256563461884,
    "13": 0.34406134895235796,
    "14": 0.1762358276643991,
    "15": 0.32077100115074797,
    "16": 0,
    "17": 0.0851355050643307,
    "18": 0,
    "19": 0.26432141484044597,
    "20": 0.2942233402210044,
    "21": 0.3152551878855861,
    "22": 0.03112976565232599,
    "23": 0.2828192808431494,
    "24": 0,
    "25": 0,
    "26": 0.013975155279503106,
    "27": 0.3430278884462151,
    "28": 0.30329167400105617,
    "29": 0.32911274555441766,
    "30": 0.4214236456976477,
    "31": 0,
    "32": 0.061578044596912525,
    "33": 0,
    "34": 0.15077764976958524,
    "35": 0,
    "36": 0.0054991266093032285,
    "37": 0.3067732366512854,
    "38": 0.3732024455351761,
    "39": 0.283387005114605,
    "40": 0.12775852635418566,
    "41": 0.24426058437686346,
    "42": 0.14201547660921562,
    "43": 0,
    "44": 0.2670239873473333,
    "45": 0.28398541114058357,
    "46": 0.41269102474594677,
    "47": 0.3868361125394843,
    "48": 0.00901519704644973,
    "49": 0.391882373657334,
    "50": 0.2812003678007189,
    "51": 0.1716612223642475,
    "52": 0.10177749706758098,
    "53": 0.3540942928039702,
    "54": 0,
    "55": 0.31848199348419476,
    "56": 0.4115801738818679,
    "57": 0.36501626310083124,
    "58": 0.40578302450687387,
    "59": 0,
    "60": 0.3120909090909091,
    "62": 0.2608250937606546,
    "63": 0.34702048417132214,
    "64": 0.2670726402783819,
    "65": 0.0962542297300842,
    "66": 0.000300043176944975,
    "67": 0.12200435729847495,
    "68": 0.1094306049822064,
    "69": 0.011864481258513864,
    "70": 0.268961765620143,
    "71": 0,
    "72": 0.07451540164256604,
    "73": 0,
    "74": 0.18645166518110365,
    "75": 0.1927927927927928,
    "76": 0.4011948876956818,
    "77": 0.37486749542256914,
    "78": 0.3369108049311095,
    "79": 0.23934513746774624,
    "80": 0.3917938799475029,
    "81": 0.043867345148271626,
    "82": 0.4062544828575527,
    "83": 0.3649178186567976,
    "84": 0.2069121505473627,
    "85": 0,
    "86": 0.07313445892747791,
    "87": 0.32222222222222224,
    "88": 0.2636682147804123,
    "89": 0.1510784927951311,
    "90": 0.19281379968637077,
    "91": 0,
    "92": 0.40508474576271186,
    "93": 0.0008390302269759162,
    "94": 0.28175880783736545,
    "95": 0.20278535805024936,
    "96": 0.26002831524303915,
    "97": 0,
    "98": 0.0022826824603615274,
    "99": 0.20622995103832517,
    "100": 0.014681751446584334,
    "101": 0.3494338540920166,
    "102": 0.0017808332643087883,
    "103": 0.3636285689788219,
    "104": 0.16689731525048437,
    "105": 0,
    "106": 0.17768408372233097,
    "107": 0.21954692556634303,
    "108": 0.21292217327459617,
    "109": 0.38448393711551604,
    "110": 0.3091063829787234,
    "111": 7.079833977893219e-05,
    "112": 0.2217867640509486,
    "113": 0.3216970998925886,
    "114": 0.3612745801636285,
    "115": 0.3303812808800224,
    "116": 0.39622379564070526,
    "117": 0.30739331119928737,
    "118": 0.289623507805326,
    "119": 0.07954360228198859,
    "120": 0.3486117232260908,
    "121": 0.09453854677853411,
    "122": 0.39807731365513505,
    "123": 0.18269660910798963,
    "124": 0.07007051682585022,
    "125": 0.31591365900550555,
    "126": 0.0892454954954955,
    "127": 0.38416672127924506,
    "128": 0.27592920353982303,
    "129": 0.2597734746072342,
    "130": 0.34233289646133686,
    "131": 0.33512737710800145,
    "132": 0.34843700663088095,
    "133": 0.42173182651191204,
    "134": 0.10026265736799203,
    "135": 0.002018704962436756,
    "136": 0.004238669709814151,
    "137": 0,
    "138": 0.28094562647754134,
    "139": 0.18859221147875455,
    "140": 0.290558393517703,
    "141": 0.32243950352710066,
    "142": 0.09003612016562418,
    "143": 0.034996930093851415,
    "144": 0,
    "145": 0.13390470199716936,
    "146": 0.0026142867236628275,
    "147": 0.023859282479972134,
    "148": 0.0005115803181099433,
    "149": 0.11214876033057851,
    "150": 0.41042487954445905,
    "151": 0.14461064569575058,
    "152": 0.16593527153044432,
    "153": 0.24755142017629775,
    "154": 0,
    "155": 0.2693050193050193,
    "156": 0.37033812218836165,
    "157": 0.001113776559287183,
    "158": 0.2121871073741181,
    "159": 0,
    "160": 0.16552372005636448,
    "161": 0.012802768166089966,
    "162": 0.16156700529229273,
    "163": 0.20170507775904065,
    "164": 0.2733969986357435,
    "165": 0.36001468698366074,
    "166": 0.3072419383894794,
    "167": 0,
    "168": 0.23349263630157027,
    "169": 0.08889539422326308,
    "170": 0.25524044389642414,
    "171": 0.25539977264115193,
    "172": 0.31587026491705866,
    "173": 0.2920843091334895,
    "174": 0,
    "175": 0.3806998939554613,
    "176": 0.3294200723806161,
    "177": 0.24480738505236996,
    "178": 0.30173790511977455,
    "179": 0.11912368781378366,
    "180": 0.3681156910287496,
    "181": 0.04825737265415549,
    "182": 0.06697832554186145,
    "183": 0,
    "184": 0.014063848144952545,
    "185": 0.19917522154953057,
    "186": 0.3939082819986311,
    "187": 0,
    "188": 0.16315025198599128,
    "189": 0.19584228052158217,
    "190": 0.2774252039891206,
    "191": 0.37272261652154826,
    "192": 0.3518793273986152,
    "193": 0.203125,
    "194": 0.3363406712378203,
    "195": 0.06032503091326621,
    "196": 0.288859366103625
}