{
    "0": 0.0053435114503816794,
    "1": 0.27704888569374553,
    "2": 0.3247232472324723,
    "3": 0.2733133266644437,
    "4": 0,
    "5": 0.1587569260419176,
    "6": 0.2946664464993395,
    "7": 0.26144343853117863,
    "8": 0.252761968530298,
    "9": 0.22398639070031187,
    "10": 0.3155241935483871,
    "11": 0.16850915982312065,
    "12": 0.25985221674876846,
    "13": 0.22746392286287453,
    "14": 0.18913392726741637,
    "15": 0.2746141564662054,
    "16": 0,
    "17": 0.11659117597718503,
    "18": 0,
    "19": 0.24820659971305595,
    "20": 0.28887165568049633,
    "21": 0.20032051282051283,
    "22": 0.05358327803583278,
    "23": 0.1541573033707865,
    "24": 0,
    "25": 0,
    "26": 0.027859718125204852,
    "27": 0.2768423137876387,
    "28": 0.2920178482895389,
    "29": 0.28210980093825283,
    "30": 0.24937474788221056,
    "31": 0,
    "32": 0.12475409836065574,
    "33": 0,
    "34": 0.24603362538479753,
    "35": 0,
    "36": 0.012933212084470042,
    "37": 0.2791031588248288,
    "38": 0.2611288166957952,
    "39": 0.28252262443438914,
    "40": 0.18795620437956204,
    "41": 0.1781437125748503,
    "42": 0.165112212183037,
    "43": 0,
    "44": 0.2813926196375016,
    "45": 0.3029868578255675,
    "46": 0.2623490669593853,
    "47": 0.24108914820989125,
    "48": 0.020551296688957756,
    "49": 0.2873269435569755,
    "50": 0.30132169273675274,
    "51": 0.12739027998465838,
    "52": 0.12990549415345187,
    "53": 0.25407392686804453,
    "54": 0,
    "55": 0.2952588820177034,
    "56": 0.29990315291079306,
    "57": 0.3094956192280369,
    "58": 0.27238314680710995,
    "59": 0,
    "60": 0.2318686510748878,
    "61": 0.2608250937606546,
    "63": 0.3077216154432309,
    "64": 0.21765782250686186,
    "65": 0.06196401325827327,
    "66": 0.00032019272552622147,
    "67": 0.18355481727574752,
    "68": 0.1672615184944841,
    "69": 0.01783950258585624,
    "70": 0.35072498217256953,
    "71": 0,
    "72": 0.05182180880375603,
    "73": 0,
    "74": 0.19215449607724805,
    "75": 0.26395193591455274,
    "76": 0.22342186145480336,
    "77": 0.3378253402034615,
    "78": 0.26958041958041956,
    "79": 0.2939165123236928,
    "80": 0.23195913375062954,
    "81": 0.07470119521912351,
    "82": 0.23965027649080856,
    "83": 0.20227418321588725,
    "84": 0.26603289572959105,
    "85": 0,
    "86": 0.13227250124316262,
    "87": 0.2914697836359115,
    "88": 0.29476584022038566,
    "89": 0.17552478785171952,
    "90": 0.17735608064957578,
    "91": 0,
    "92": 0.2901910067648229,
    "93": 0.0009424569243982337,
    "94": 0.2908716540837337,
    "95": 0.20002959017606156,
    "96": 0.2702506883060426,
    "97": 0,
    "98": 0.004010071808262613,
    "99": 0.23658728081654018,
    "100": 0.028538625553550925,
    "101": 0.25802428072509564,
    "102": 0.0023029134532990573,
    "103": 0.29794408789296206,
    "104": 0.20081135902636918,
    "105": 0,
    "106": 0.2913087417887822,
    "107": 0.22303710094909404,
    "108": 0.18936694984927377,
    "109": 0.2702812057454987,
    "110": 0.2861124013005109,
    "111": 0.00022327450670288677,
    "112": 0.22334546434829491,
    "113": 0.28381995133819954,
    "114": 0.27927321668909827,
    "115": 0.2647168174494981,
    "116": 0.232047776658512,
    "117": 0.29132480035007113,
    "118": 0.2943089430894309,
    "119": 0.16052552099063727,
    "120": 0.2970503181029497,
    "121": 0.08727805235218744,
    "122": 0.22896905075122898,
    "123": 0.24425855513307984,
    "124": 0.08815471394037067,
    "125": 0.29178164367126574,
    "126": 0.08367169373549883,
    "127": 0.22533216429486747,
    "128": 0.2745954276907269,
    "129": 0.2556187381532629,
    "130": 0.2912320916905444,
    "131": 0.3051200391964723,
    "132": 0.25646836638338055,
    "133": 0.24839640795381654,
    "134": 0.1341483292583537,
    "135": 0.0024365602900101027,
    "136": 0.010526315789473684,
    "137": 0,
    "138": 0.3028937036498473,
    "139": 0.19117040297070553,
    "140": 0.28715619480191773,
    "141": 0.30807639495693423,
    "142": 0.08187212927884131,
    "143": 0.05939111628680752,
    "144": 0,
    "145": 0.25446302068574667,
    "146": 0.0037987797858869575,
    "147": 0.04252150893448048,
    "148": 0.0019772350772190458,
    "149": 0.22291021671826625,
    "150": 0.26931966636518945,
    "151": 0.09983369085781774,
    "152": 0.24007161458333334,
    "153": 0.2938170241286863,
    "154": 0,
    "155": 0.29218620116375726,
    "156": 0.2553851174934726,
    "157": 0.002097450790577606,
    "158": 0.22086737145603075,
    "159": 0,
    "160": 0.2010965973230124,
    "161": 0.02380170715692712,
    "162": 0.21926646045072912,
    "163": 0.22036980903304032,
    "164": 0.2967323904410228,
    "165": 0.29769064229011305,
    "166": 0.30823162814853283,
    "167": 0,
    "168": 0.23086325439266617,
    "169": 0.08349153314602475,
    "170": 0.2726600621026172,
    "171": 0.2706003531489111,
    "172": 0.17913103652810045,
    "173": 0.2764426340801086,
    "174": 0,
    "175": 0.3009084865942832,
    "176": 0.24767037161782868,
    "177": 0.2811550151975684,
    "178": 0.2793386207823632,
    "179": 0.12556053811659193,
    "180": 0.2971997374753883,
    "181": 0.09359037732740155,
    "182": 0.13928165122704372,
    "183": 0,
    "184": 0.027859718125204852,
    "185": 0.16976059403405455,
    "186": 0.2844354018311292,
    "187": 0,
    "188": 0.18026796589524968,
    "189": 0.1144897128362509,
    "190": 0.2968877968877969,
    "191": 0.2510419220397156,
    "192": 0.25242622301445833,
    "193": 0.21746954595791806,
    "194": 0.3207286432160804,
    "195": 0.10949645150388645,
    "196": 0.25925925925925924
}