{
    "0": 0.004727023418612203,
    "1": 0.3375759878419453,
    "2": 0.3935142594296228,
    "3": 0.36710862425495683,
    "4": 0,
    "5": 0.20249979028604984,
    "6": 0.3111957601854919,
    "7": 0.38237275089002215,
    "8": 0.3631569033716331,
    "9": 0.30432794879609876,
    "10": 0.3203434610303831,
    "11": 0.17072799268961317,
    "12": 0.30737990252958924,
    "13": 0.2600732600732601,
    "14": 0.2307577342699148,
    "15": 0.3238933186692329,
    "16": 0,
    "17": 0.13254398947541524,
    "18": 0,
    "19": 0.2908957415565345,
    "20": 0.3126538013210724,
    "21": 0.2828646173969915,
    "22": 0.05453683212140373,
    "23": 0.18889149285212092,
    "24": 0,
    "25": 0,
    "26": 0.02394192153228298,
    "27": 0.33219106957424716,
    "28": 0.44538904899135445,
    "29": 0.3791429760088753,
    "30": 0.3544395266913558,
    "31": 0,
    "32": 0.09308906761989871,
    "33": 0,
    "34": 0.17954640907181857,
    "35": 0,
    "36": 0.007642449453419754,
    "37": 0.3408985102420857,
    "38": 0.3559724262628546,
    "39": 0.3696646341463415,
    "40": 0.19690122659780504,
    "41": 0.20900229357798164,
    "42": 0.16149762503492596,
    "43": 0,
    "44": 0.3437371663244353,
    "45": 0.32008567348881484,
    "46": 0.4023540951446788,
    "47": 0.33750330367368514,
    "48": 0.012654368043909132,
    "49": 0.36386477843764276,
    "50": 0.39451114922813035,
    "51": 0.1546217540697347,
    "52": 0.13887591468161295,
    "53": 0.30766028309741883,
    "54": 0,
    "55": 0.32117144600366077,
    "56": 0.34862180560205336,
    "57": 0.4682232660956065,
    "58": 0.32730263157894735,
    "59": 0,
    "60": 0.2903426017874876,
    "61": 0.34702048417132214,
    "62": 0.3077216154432309,
    "64": 0.28393974960876367,
    "65": 0.0656416477662324,
    "66": 0.0002965351013921943,
    "67": 0.19736413927757893,
    "68": 0.18478260869565216,
    "69": 0.014501784399252251,
    "70": 0.29404117009750813,
    "71": 0,
    "72": 0.0607078504215514,
    "73": 0,
    "74": 0.22844455408905884,
    "75": 0.22591771372259178,
    "76": 0.2817490176406655,
    "77": 0.4621066627271384,
    "78": 0.30783078307830786,
    "79": 0.34104554107482793,
    "80": 0.32197059992054033,
    "81": 0.07302839116719242,
    "82": 0.32451686865378315,
    "83": 0.28379014233619576,
    "84": 0.2510376413339058,
    "85": 0,
    "86": 0.1301185770750988,
    "87": 0.33176380758462715,
    "88": 0.3241312507567502,
    "89": 0.19110523998238663,
    "90": 0.21675946022459186,
    "91": 0,
    "92": 0.36966773847802786,
    "93": 0.000856482358737257,
    "94": 0.3154639175257732,
    "95": 0.2431408215855692,
    "96": 0.3231807951987997,
    "97": 0,
    "98": 0.003249390739236393,
    "99": 0.27998924152770305,
    "100": 0.028335668690643002,
    "101": 0.3001895571256247,
    "102": 0.002103049421661409,
    "103": 0.33862138308568873,
    "104": 0.224328103153643,
    "105": 0,
    "106": 0.2233588129496403,
    "107": 0.2337394885876094,
    "108": 0.2382912290661368,
    "109": 0.3359458879106721,
    "110": 0.319674067076051,
    "111": 0.00010198499893379319,
    "112": 0.23981295925183702,
    "113": 0.2980212355212355,
    "114": 0.35975943138326955,
    "115": 0.32282340729207215,
    "116": 0.32351536379557394,
    "117": 0.38012599548318077,
    "118": 0.31725819561094554,
    "119": 0.11452136289886425,
    "120": 0.31948473946849254,
    "121": 0.07751220033484131,
    "122": 0.31594600777854037,
    "123": 0.31122857600512577,
    "124": 0.0935218269380146,
    "125": 0.30668414154652685,
    "126": 0.07308396731473654,
    "127": 0.30768093442744143,
    "128": 0.30608266181440086,
    "129": 0.2657082002129925,
    "130": 0.32907535450603537,
    "131": 0.4453322119428091,
    "132": 0.36035751840168245,
    "133": 0.301433389544688,
    "134": 0.14890557597060233,
    "135": 0.0021166509877704608,
    "136": 0.0060730727789205605,
    "137": 0,
    "138": 0.3114754098360656,
    "139": 0.21000136630687252,
    "140": 0.31242078580481625,
    "141": 0.3358913070826519,
    "142": 0.07173381177621921,
    "143": 0.05936362197245528,
    "144": 0,
    "145": 0.1801980198019802,
    "146": 0.003654889799534832,
    "147": 0.0417713567839196,
    "148": 0.0006602228912480853,
    "149": 0.16133879781420765,
    "150": 0.3337594545648237,
    "151": 0.10439229117923732,
    "152": 0.28502495840266223,
    "153": 0.22537223642653031,
    "154": 0,
    "155": 0.3847900113507378,
    "156": 0.2815815649867374,
    "157": 0.0016809290953545232,
    "158": 0.17472283813747227,
    "159": 0,
    "160": 0.23221520012963864,
    "161": 0.02269900497512438,
    "162": 0.17234404077999838,
    "163": 0.28733610489286854,
    "164": 0.21915856000991388,
    "165": 0.5947859671709044,
    "166": 0.3380503144654088,
    "167": 0,
    "168": 0.2766891362282489,
    "169": 0.07339483394833948,
    "170": 0.34018371477502723,
    "171": 0.3389699038163202,
    "172": 0.2163345177403574,
    "173": 0.32590099565278363,
    "174": 0,
    "175": 0.3443633044272022,
    "176": 0.3175344105326152,
    "177": 0.34249349146658953,
    "178": 0.36865085140445353,
    "179": 0.1409028727770178,
    "180": 0.348964261324835,
    "181": 0.0902549663694666,
    "182": 0.105651468201269,
    "183": 0,
    "184": 0.02394192153228298,
    "185": 0.19935275080906148,
    "186": 0.6466395112016293,
    "187": 0,
    "188": 0.22580645161290322,
    "189": 0.14450848230275798,
    "190": 0.3785087719298246,
    "191": 0.31411427080615706,
    "192": 0.31538623005877414,
    "193": 0.225670913526701,
    "194": 0.3630278063851699,
    "195": 0.10856958762886598,
    "196": 0.3080708661417323
}