{
    "0": 0.004262238959260528,
    "1": 0.29564411492122333,
    "2": 0.2912106703146375,
    "3": 0.26575975815773095,
    "4": 0,
    "5": 1.313224204524554,
    "6": 0.2845319237724301,
    "7": 0.3120189009983995,
    "8": 0.3185242121445042,
    "9": 0.1633313713949382,
    "10": 0.2870354060243086,
    "11": 0.12109704641350211,
    "12": 0.25808189655172414,
    "13": 0.2523773408785952,
    "14": 0.18013018888058904,
    "15": 0.2330392156862745,
    "16": 0,
    "17": 0.08855029259136579,
    "18": 0,
    "19": 0.1874124474684811,
    "20": 0.2723743155798905,
    "21": 0.31797178988326846,
    "22": 0.0411968777103209,
    "23": 0.21646432853717026,
    "24": 0,
    "25": 0,
    "26": 0.01619733220410756,
    "27": 0.26819799417664186,
    "28": 0.3040175894463322,
    "29": 0.2530561170468765,
    "30": 0.29134427652035577,
    "31": 0,
    "32": 0.06027060270602706,
    "33": 0,
    "34": 0.13263358778625955,
    "35": 0,
    "36": 0.005329930185421515,
    "37": 0.25664639443961773,
    "38": 0.2739000427167877,
    "39": 0.21803835397522972,
    "40": 0.12833008447043534,
    "41": 0.1635117007005515,
    "42": 0.16741790083708952,
    "43": 0,
    "44": 0.27349044199453826,
    "45": 0.2425531914893617,
    "46": 0.27715137848257804,
    "47": 0.26434383475902357,
    "48": 0.008285264813843734,
    "49": 0.2552587646076795,
    "50": 0.2550022841480128,
    "51": 0.23605728727885425,
    "52": 0.11692613448161643,
    "53": 0.2304045512010114,
    "54": 0,
    "55": 0.29013949013949014,
    "56": 0.25844947008261704,
    "57": 0.3866151597410733,
    "58": 0.2799519638315908,
    "59": 0,
    "60": 0.198611852642819,
    "61": 0.2670726402783819,
    "62": 0.21765782250686186,
    "63": 0.28393974960876367,
    "65": 0.08641649048625792,
    "66": 0.0002602327224060374,
    "67": 0.13170571491132035,
    "68": 0.1408888888888889,
    "69": 0.011471997676557433,
    "70": 0.23674970740678816,
    "71": 0,
    "72": 0.09303410732140874,
    "73": 0,
    "74": 0.3117653520817313,
    "75": 0.15960300429184548,
    "76": 0.22836974789915968,
    "77": 0.37479488021004265,
    "78": 0.2672388497652582,
    "79": 0.25514575279490126,
    "80": 0.2707369518472666,
    "81": 0.051044583243592505,
    "82": 0.26287638668779717,
    "83": 0.25078576498022914,
    "84": 0.16536522684590294,
    "85": 0,
    "86": 0.08843464228079613,
    "87": 0.27985219758848695,
    "88": 0.26530047078371644,
    "89": 0.12267471091000502,
    "90": 0.290002610284521,
    "91": 0,
    "92": 0.2625933576990307,
    "93": 0.0007930919467813068,
    "94": 0.25210424906196127,
    "95": 0.14464520036337944,
    "96": 0.24130596618100605,
    "97": 0,
    "98": 0.0025628248024489216,
    "99": 0.2837314396384764,
    "100": 0.018496864037418945,
    "101": 0.2868936294564582,
    "102": 0.0015910537321574688,
    "103": 0.28926345360372224,
    "104": 0.1595664770898165,
    "105": 0,
    "106": 0.1526289764298665,
    "107": 0.2208016089642293,
    "108": 0.14811942613416051,
    "109": 0.2474600870827286,
    "110": 0.22566752799310938,
    "111": 7.218066821253598e-05,
    "112": 0.20917079082920917,
    "113": 0.25344250093040566,
    "114": 0.32270946353224833,
    "115": 0.2268041237113402,
    "116": 0.2718256557484014,
    "117": 0.3535964659560165,
    "118": 0.21823046053888784,
    "119": 0.07826587377709572,
    "120": 0.2559044670499779,
    "121": 0.08168162245669394,
    "122": 0.27527839643652563,
    "123": 0.223031909020647,
    "124": 0.08503363846917393,
    "125": 0.28726752503576536,
    "126": 0.07646103896103897,
    "127": 0.2660658065312674,
    "128": 0.26783216783216784,
    "129": 0.22796780684104628,
    "130": 0.318916850062195,
    "131": 0.3916341569137408,
    "132": 0.33760831889081455,
    "133": 0.24029911075181892,
    "134": 0.09751104406852709,
    "135": 0.001946787800129786,
    "136": 0.004169509514062618,
    "137": 0,
    "138": 0.22570532915360503,
    "139": 0.15004378709740196,
    "140": 0.28641163578402073,
    "141": 0.2801612438813706,
    "142": 0.0770374867202914,
    "143": 0.044610875936177144,
    "144": 0,
    "145": 0.125,
    "146": 0.00283451438099208,
    "147": 0.030651753065175306,
    "148": 0.00046516182735151544,
    "149": 0.10399159663865547,
    "150": 0.2645971914264597,
    "151": 0.14378926431707376,
    "152": 0.1923420406340701,
    "153": 0.19920844327176782,
    "154": 0,
    "155": 0.31266421439831843,
    "156": 0.2528283664459161,
    "157": 0.0014727540500736377,
    "158": 0.1643315820198482,
    "159": 0,
    "160": 0.13257456001686163,
    "161": 0.015312632922160783,
    "162": 0.13474625704841534,
    "163": 0.15228013029315962,
    "164": 0.20763284501864965,
    "165": 0.28728861865855976,
    "166": 0.27209484616892027,
    "167": 0,
    "168": 0.18400084988845214,
    "169": 0.07685530328702135,
    "170": 0.2311125278928913,
    "171": 0.23023945751218478,
    "172": 0.26251919362028825,
    "173": 0.2242412336705628,
    "174": 0,
    "175": 0.28870738636363635,
    "176": 0.24229979466119098,
    "177": 0.25025662081708067,
    "178": 0.22757004783754758,
    "179": 0.1175387281984617,
    "180": 0.28695881731784584,
    "181": 0.058061776881435094,
    "182": 0.06822572445348246,
    "183": 0,
    "184": 0.016306649724692927,
    "185": 0.22726792691942127,
    "186": 0.2969707283866576,
    "187": 0,
    "188": 0.3207222699914015,
    "189": 0.23373219766198836,
    "190": 0.26615541922290387,
    "191": 0.3272061627640912,
    "192": 0.25769734687192924,
    "193": 0.2021975765044157,
    "194": 0.3014878621769773,
    "195": 0.0704683434518647,
    "196": 0.2292254941508673
}