{
    "0": 0.004208266068993621,
    "1": 0.09827599904663542,
    "2": 0.08624674565644759,
    "3": 0.07579067212094735,
    "4": 0,
    "5": 0.07044588098789989,
    "6": 0.12686384747005622,
    "7": 0.0996641864752749,
    "8": 0.10078644568774411,
    "9": 0.035463546354635465,
    "10": 0.08293643402602241,
    "11": 0.026214569673189116,
    "12": 0.07068524909766315,
    "13": 0.12811411292973116,
    "14": 0.033410480857501194,
    "15": 0.048054031673739776,
    "16": 0,
    "17": 0.012672913877733154,
    "18": 0,
    "19": 0.03958591811414392,
    "20": 0.05919922361673945,
    "21": 0.127792497921862,
    "22": 0.005694500811688312,
    "23": 0.18771331058020477,
    "24": 0,
    "25": 0,
    "26": 0.002845795810988566,
    "27": 0.09255748124015276,
    "28": 0.06548544328810434,
    "29": 0.054567885202259594,
    "30": 0.1009376434332175,
    "31": 0,
    "32": 0.014354554957803217,
    "33": 0,
    "34": 0.05081651022245082,
    "35": 0,
    "36": 0.008542412651080938,
    "37": 0.0831438127090301,
    "38": 0.07155586196131483,
    "39": 0.04612249136744814,
    "40": 0.02418440447353502,
    "41": 0.04889178617992177,
    "42": 0.027572396796056685,
    "43": 0,
    "44": 0.059784397088439314,
    "45": 0.06478652565609087,
    "46": 0.09351187297286735,
    "47": 0.09735515880767277,
    "48": 0.002148770776717437,
    "49": 0.07139698231009366,
    "50": 0.07600496642324073,
    "51": 0.11047643279689587,
    "52": 0.016832479789530147,
    "53": 0.0669262000205571,
    "54": 0,
    "55": 0.06633987357575598,
    "56": 0.07278056405914153,
    "57": 0.08013214916269862,
    "58": 0.1060230152027027,
    "59": 0,
    "60": 0.04539885130823229,
    "61": 0.0962542297300842,
    "62": 0.06196401325827327,
    "63": 0.0656416477662324,
    "64": 0.08641649048625792,
    "66": 0.00025952277189907015,
    "67": 0.02361018084393838,
    "68": 0.023692347333161556,
    "69": 0.005573292692423214,
    "70": 0.08929679281417743,
    "71": 0,
    "72": 0.06387889111739979,
    "73": 0,
    "74": 0.04750987630334823,
    "75": 0.05269559758298674,
    "76": 0.08373874736640491,
    "77": 0.07357367400173902,
    "78": 0.10166140290347409,
    "79": 0.05472341883044171,
    "80": 0.10906103714907878,
    "81": 0.008608631520052899,
    "82": 0.1044519656339495,
    "83": 0.1437491903096256,
    "84": 0.03663773648169403,
    "85": 0,
    "86": 0.0169363413915472,
    "87": 0.06262130829355296,
    "88": 0.07684290696276105,
    "89": 0.022756487762660524,
    "90": 0.07893801114140098,
    "91": 0,
    "92": 0.08375987610573012,
    "93": 0.0007527507173127777,
    "94": 0.05507801734885369,
    "95": 0.026324180239009273,
    "96": 0.04635709716583335,
    "97": 0,
    "98": 0.0006206954175967151,
    "99": 0.05296910244977181,
    "100": 0.0030747428224367655,
    "101": 0.0983067285261199,
    "102": 0.0005996511120802443,
    "103": 0.07679362616847005,
    "104": 0.028357651543444384,
    "105": 0,
    "106": 0.058294852730166186,
    "107": 0.09998397050573055,
    "108": 0.02786173265943667,
    "109": 0.07117907319723667,
    "110": 0.061642414338702566,
    "111": 0.003366721849690362,
    "112": 0.043419056141306464,
    "113": 0.05803838063829235,
    "114": 0.11293862583977946,
    "115": 0.05506960059267731,
    "116": 0.10987074030552292,
    "117": 0.08952791433766584,
    "118": 0.049510083467261136,
    "119": 0.021638232218906994,
    "120": 0.06476532324138738,
    "121": 0.12137327896944985,
    "122": 0.11489267190133393,
    "123": 0.04210774243356058,
    "124": 0.011272408045903891,
    "125": 0.06499273055915752,
    "126": 0.11400275295709586,
    "127": 0.10758932586435059,
    "128": 0.055777516647081866,
    "129": 0.04792756225119038,
    "130": 0.07333007773832935,
    "131": 0.0777447196311783,
    "132": 0.08991710146462907,
    "133": 0.09762357662141387,
    "134": 0.015900766963157693,
    "135": 0.0010312177744445487,
    "136": 0.007701429042944635,
    "137": 0,
    "138": 0.05117620077321276,
    "139": 0.03057459818977953,
    "140": 0.06173504228607449,
    "141": 0.07575534464063399,
    "142": 0.1256632031113949,
    "143": 0.006448255289981087,
    "144": 0,
    "145": 0.03877934514003295,
    "146": 0.0006485639814486227,
    "147": 0.004395966352488092,
    "148": 0.005297480956469321,
    "149": 0.028417542959733266,
    "150": 0.08118416034299092,
    "151": 0.20705413774447168,
    "152": 0.03554854520805089,
    "153": 0.0988208652194284,
    "154": 0,
    "155": 0.10375707527822592,
    "156": 0.09509824306060921,
    "157": 0.0003028467595396729,
    "158": 0.11166700272204859,
    "159": 0,
    "160": 0.023322197048244436,
    "161": 0.0022757731307052366,
    "162": 0.07152634743561861,
    "163": 0.03067965657292684,
    "164": 0.12726702145743166,
    "165": 0.06695560809035986,
    "166": 0.059742911746995836,
    "167": 0,
    "168": 0.031187730597657705,
    "169": 0.11132573259210403,
    "170": 0.04329556246503701,
    "171": 0.04329674331495162,
    "172": 0.14939485139306888,
    "173": 0.0450997845633861,
    "174": 0,
    "175": 0.07679635194264325,
    "176": 0.06002774500525081,
    "177": 0.05345664436573527,
    "178": 0.04743246563473898,
    "179": 0.019922360447388314,
    "180": 0.07554108005883589,
    "181": 0.0118596732851295,
    "182": 0.01556787056500414,
    "183": 0,
    "184": 0.002858516101287597,
    "185": 0.03763821488794779,
    "186": 0.08603745596143149,
    "187": 0,
    "188": 0.038716283651540485,
    "189": 0.15598827226109405,
    "190": 0.05811074232126864,
    "191": 0.11656756064344755,
    "192": 0.0686491779621708,
    "193": 0.039898022569624186,
    "194": 0.07251289413516245,
    "195": 0.012394056979475135,
    "196": 0.05008098646742254
}