{
    "0": 0.00014905436471309902,
    "1": 0.0002939209793447032,
    "2": 0.0003209218667204024,
    "3": 0.0002863256879351397,
    "4": 0,
    "5": 0.0002514495325996923,
    "6": 0.00034774796965898963,
    "7": 0.0002997207479860228,
    "8": 0.0002924297254815952,
    "9": 0.00027127366862758775,
    "10": 0.0002999422611147354,
    "11": 0.00021997533133784282,
    "12": 0.0002719464567642904,
    "13": 0.00029729041026076614,
    "14": 0.00020271007780948373,
    "15": 0.00027596991927879863,
    "16": 0,
    "17": 0.0001743485703417232,
    "18": 0,
    "19": 0.0002553369286836221,
    "20": 0.00029005862237420615,
    "21": 0.0002949624625151871,
    "22": 0.00016731867834179223,
    "23": 0.00029274195122268553,
    "24": 0,
    "25": 0,
    "26": 0.00013569062537414694,
    "27": 0.0003197572819143794,
    "28": 0.0002887954947902813,
    "29": 0.0002974011713030747,
    "30": 0.00029117591392839983,
    "31": 0,
    "32": 0.0002610078065062128,
    "33": 0,
    "34": 0.00034249442495186053,
    "35": 0,
    "36": 7.751337105650724e-05,
    "37": 0.0003235539770803392,
    "38": 0.0002844141069397042,
    "39": 0.0002848980911827891,
    "40": 0.00023601419232009818,
    "41": 0.00024754889090595393,
    "42": 0.0002579354223497135,
    "43": 0,
    "44": 0.0002676004648602361,
    "45": 0.0003024826261541603,
    "46": 0.0002922822862320429,
    "47": 0.00027641992551210426,
    "48": 7.186087734146693e-05,
    "49": 0.00028445881710046636,
    "50": 0.0003029981668610905,
    "51": 0.00023992661068379084,
    "52": 0.00019732895526157926,
    "53": 0.0002910947401419647,
    "54": 0,
    "55": 0.00026530426609259875,
    "56": 0.0002917720287881735,
    "57": 0.0003170600979866684,
    "58": 0.00029076318065843324,
    "59": 0,
    "60": 0.0002515186390555094,
    "61": 0.000300043176944975,
    "62": 0.00032019272552622147,
    "63": 0.0002965351013921943,
    "64": 0.0002602327224060374,
    "65": 0.00025952277189907015,
    "67": 0.0002203839403074356,
    "68": 0.00023614051935171555,
    "69": 0.00016098817468680483,
    "70": 0.0003305660944367229,
    "71": 0,
    "72": 0.00020132876988121604,
    "73": 0,
    "74": 0.0002763406358905077,
    "75": 0.00030712294899455623,
    "76": 0.00026975401350228195,
    "77": 0.00028900854856864715,
    "78": 0.0003299241174529858,
    "79": 0.000284729276325915,
    "80": 0.00030185424752048295,
    "81": 0.0001510778209807336,
    "82": 0.0003102744124629294,
    "83": 0.000323930168926137,
    "84": 0.0002791606569580794,
    "85": 0,
    "86": 0.00024516782132801875,
    "87": 0.00026608482784311636,
    "88": 0.0003028742768876639,
    "89": 0.00023457292090201106,
    "90": 0.0002543805832797139,
    "91": 0,
    "92": 0.00033414270120959657,
    "93": 7.979062938848461e-05,
    "94": 0.0002685490677510934,
    "95": 0.00022606445175472786,
    "96": 0.0002626699629171817,
    "97": 0,
    "98": 6.169507210611552e-05,
    "99": 0.00025371149159292375,
    "100": 0.0001277037273525421,
    "101": 0.0002919090119609718,
    "102": 0.0004435944237999316,
    "103": 0.0002847039079357468,
    "104": 0.00022691350683087902,
    "105": 0,
    "106": 0.00037317127038162475,
    "107": 0.0003319881664662442,
    "108": 0.00024830261881668284,
    "109": 0.00029098180244573936,
    "110": 0.00030225862759470143,
    "111": 1.7667220239567508e-05,
    "112": 0.00023929354370580788,
    "113": 0.0002657696308839498,
    "114": 0.0003350010559815895,
    "115": 0.0002592451391536409,
    "116": 0.0003018520781078187,
    "117": 0.0002776318751406918,
    "118": 0.00024514122432720226,
    "119": 0.00032930587026916837,
    "120": 0.00028661507595299513,
    "121": 0.00027837429412232563,
    "122": 0.0003074766889766032,
    "123": 0.00024105379387567846,
    "124": 0.00018235154205977958,
    "125": 0.0002727190085148935,
    "126": 0.00028478518587200563,
    "127": 0.0002850911578977378,
    "128": 0.0002597978161701217,
    "129": 0.00024620119253702634,
    "130": 0.00028655888030888033,
    "131": 0.00026524595878835643,
    "132": 0.00029669408614512794,
    "133": 0.0003055412080517383,
    "134": 0.0001895584866914146,
    "135": 0.28176037517535146,
    "136": 6.208673516903114e-05,
    "137": 0,
    "138": 0.00026183655238271264,
    "139": 0.00024832381425378696,
    "140": 0.00029708174318425923,
    "141": 0.0002808349146110057,
    "142": 0.00028664495114006516,
    "143": 0.0001752178276175154,
    "144": 0,
    "145": 0.00035539073666319,
    "146": 5.485205616850552e-05,
    "147": 0.00015949599266318435,
    "148": 6.39259481816264e-05,
    "149": 0.0002887399233668636,
    "150": 0.0002758846951101302,
    "151": 0.00029071147183065167,
    "152": 0.0002580039873343497,
    "153": 0.0003703031403158468,
    "154": 0,
    "155": 0.0003506651446307198,
    "156": 0.00030587943980365454,
    "157": 3.1976209699983215e-05,
    "158": 0.0003712186477835445,
    "159": 0,
    "160": 0.00021958028796386335,
    "161": 0.0001357556398482731,
    "162": 0.00035540286395474536,
    "163": 0.0002493785020145107,
    "164": 0.00036005252530957457,
    "165": 0.00028016082745878986,
    "166": 0.0002895216036449246,
    "167": 0,
    "168": 0.00024926000934725036,
    "169": 0.00028088196938386536,
    "170": 0.0002939993191594714,
    "171": 0.0003016871272423476,
    "172": 0.00030765864931016096,
    "173": 0.00025336281555187026,
    "174": 0,
    "175": 0.0003001763536077446,
    "176": 0.000272471314825467,
    "177": 0.00028437257418665603,
    "178": 0.00026072819852151775,
    "179": 0.00020485990734028805,
    "180": 0.0003224185893062002,
    "181": 0.0002221763763033025,
    "182": 0.0002762997931698691,
    "183": 0,
    "184": 0.00013569062537414694,
    "185": 0.0002397933136341837,
    "186": 0.00026074842247204405,
    "187": 0,
    "188": 0.00023279273686660975,
    "189": 0.00028475245519894704,
    "190": 0.00028357053625487625,
    "191": 0.00029888610252522306,
    "192": 0.0002611881823541264,
    "193": 0.00024771828238335955,
    "194": 0.00030334513851497385,
    "195": 0.00020628535611993113,
    "196": 0.0002385220863757723
}