{
    "0": 0.0036999334403508086,
    "1": 0.13605573833946197,
    "2": 0.1550865544225753,
    "3": 0.16796607851183148,
    "4": 0,
    "5": 0.10514364695428967,
    "6": 0.13241206030150754,
    "7": 0.1245378302822617,
    "8": 0.13000728332119446,
    "9": 0.19309872029250458,
    "10": 0.1489282153539382,
    "11": 0.22840755735492577,
    "12": 0.1482806052269601,
    "13": 0.09695904147945562,
    "14": 0.19427671304804411,
    "15": 0.17120343839541546,
    "16": 0,
    "17": 0.20333772507685552,
    "18": 0,
    "19": 0.18610747051114024,
    "20": 0.17643108947456773,
    "21": 0.09371184371184371,
    "22": 0.12648809523809523,
    "23": 0.06306701785191689,
    "24": 0,
    "25": 0,
    "26": 0.05038387715930902,
    "27": 0.14995493465525012,
    "28": 0.1918884257774928,
    "29": 0.17644143399966958,
    "30": 0.121029525695102,
    "31": 0,
    "32": 0.15895295902883155,
    "33": 0,
    "34": 0.13108390564347566,
    "35": 0,
    "36": 0.00846740050804403,
    "37": 0.167023841414412,
    "38": 0.14576517629952745,
    "39": 0.20068853786958282,
    "40": 0.2666420118343195,
    "41": 0.11492750178274305,
    "42": 0.16791845493562232,
    "43": 0,
    "44": 0.1899982391266068,
    "45": 0.16499713795077275,
    "46": 0.12749255616710278,
    "47": 0.11763204899208982,
    "48": 0.019525801952580194,
    "49": 0.14504001940334707,
    "50": 0.1994447015270708,
    "51": 0.07240095232281302,
    "52": 0.18503501658680427,
    "53": 0.1285616594483702,
    "54": 0,
    "55": 0.16289726533628973,
    "56": 0.14502346852810205,
    "57": 0.1876985272884782,
    "58": 0.11882193635748138,
    "59": 0,
    "60": 0.14547447541497024,
    "61": 0.12200435729847495,
    "62": 0.18355481727574752,
    "63": 0.19736413927757893,
    "64": 0.13170571491132035,
    "65": 0.02361018084393838,
    "66": 0.0002203839403074356,
    "68": 0.2425345957756737,
    "69": 0.014213732420846807,
    "70": 0.1785904965296316,
    "71": 0,
    "72": 0.027209478542398566,
    "73": 0,
    "74": 0.16736554238833182,
    "75": 0.16764275256222547,
    "76": 0.10272287725846128,
    "77": 0.2075940971646493,
    "78": 0.13442684766214177,
    "79": 0.2262819182063525,
    "80": 0.10857314599143436,
    "81": 0.16095238095238096,
    "82": 0.1113455227379278,
    "83": 0.08729065083739665,
    "84": 0.1791449898213074,
    "85": 0,
    "86": 0.2177319587628866,
    "87": 0.16692570718060304,
    "88": 0.17869364677875316,
    "89": 0.18411552346570398,
    "90": 0.12469352014010508,
    "91": 0,
    "92": 0.13974275125354263,
    "93": 0.0006509548645151171,
    "94": 0.19248826291079812,
    "95": 0.1829863788229247,
    "96": 0.20238353196099676,
    "97": 0,
    "98": 0.004544765944553855,
    "99": 0.19379391100702575,
    "100": 0.05997074597757192,
    "101": 0.1275173765817145,
    "102": 0.0019238697265356603,
    "103": 0.1474098683401009,
    "104": 0.217998217998218,
    "105": 0,
    "106": 0.15366614664586584,
    "107": 0.11847783444488034,
    "108": 0.16122540250447226,
    "109": 0.13704299839043457,
    "110": 0.1659103800340329,
    "111": 5.803886669439635e-05,
    "112": 0.17262512768130744,
    "113": 0.1554155415541554,
    "114": 0.13797692990239574,
    "115": 0.1659892700373923,
    "116": 0.10838215412347904,
    "117": 0.17879226417576635,
    "118": 0.17594575303354745,
    "119": 0.1403118040089087,
    "120": 0.15096634680362211,
    "121": 0.040977574654324334,
    "122": 0.10393599542824487,
    "123": 0.2739500411748559,
    "124": 0.14808720691073632,
    "125": 0.15748946680226644,
    "126": 0.03962757771622038,
    "127": 0.10630718725990082,
    "128": 0.17158859470468432,
    "129": 0.1772885283893395,
    "130": 0.16021872863978126,
    "131": 0.19708707778122095,
    "132": 0.14518582916757228,
    "133": 0.11276164753544902,
    "134": 0.1836657884832518,
    "135": 0.0018606224627875508,
    "136": 0.007292932800833478,
    "137": 0,
    "138": 0.20746973117176276,
    "139": 0.17064303567371053,
    "140": 0.17329453604914322,
    "141": 0.19447513812154696,
    "142": 0.03794839300172493,
    "143": 0.13192741539970573,
    "144": 0,
    "145": 0.16591560835723065,
    "146": 0.006155198944823038,
    "147": 0.10491967871485944,
    "148": 0.0004791279870635443,
    "149": 0.16803911477097272,
    "150": 0.14118322802986788,
    "151": 0.03860229016645024,
    "152": 0.29517684887459805,
    "153": 0.10983849703361899,
    "154": 0,
    "155": 0.177490234375,
    "156": 0.12091616248919619,
    "157": 0.0033947623666343357,
    "158": 0.07950963222416813,
    "159": 0,
    "160": 0.21247257912879974,
    "161": 0.05627490039840637,
    "162": 0.10265328430885422,
    "163": 0.20204402515723272,
    "164": 0.09253750237356795,
    "165": 0.1843843843843844,
    "166": 0.17342634652822841,
    "167": 0,
    "168": 0.20762601201358058,
    "169": 0.040714227609208495,
    "170": 0.21478793377183034,
    "171": 0.21367328519855597,
    "172": 0.07770019313623533,
    "173": 0.19273902299942977,
    "174": 0,
    "175": 0.15154196157735086,
    "176": 0.1483104764597766,
    "177": 0.21945337620578778,
    "178": 0.18333639199853183,
    "179": 0.1726373251450017,
    "180": 0.15158710322419394,
    "181": 0.17186813186813188,
    "182": 0.15314365999297505,
    "183": 0,
    "184": 0.05038387715930902,
    "185": 0.1367211131276467,
    "186": 0.16193048379520902,
    "187": 0,
    "188": 0.18583042973286876,
    "189": 0.050126963227687386,
    "190": 0.2291747384734599,
    "191": 0.20051186140368146,
    "192": 0.1359659221736127,
    "193": 0.16917778734395178,
    "194": 0.18201284796573874,
    "195": 0.23349282296650717,
    "196": 0.18132295719844357
}