{
    "0": 0.0036805011746280343,
    "1": 0.12580952380952382,
    "2": 0.1438563767778037,
    "3": 0.15251971661542574,
    "4": 0,
    "5": 0.11490215755143,
    "6": 0.12019388761091028,
    "7": 0.11888799499418969,
    "8": 0.12067109276870626,
    "9": 0.16179039301310044,
    "10": 0.14085200689485347,
    "11": 0.20953947368421053,
    "12": 0.1414760348583878,
    "13": 0.09620763676575815,
    "14": 0.17948058626896374,
    "15": 0.16631092138029172,
    "16": 0,
    "17": 0.19152615650670127,
    "18": 0,
    "19": 0.1673044217687075,
    "20": 0.17091454272863568,
    "21": 0.09782341367437285,
    "22": 0.12363996043521266,
    "23": 0.061351035891450245,
    "24": 0,
    "25": 0,
    "26": 0.04732313575525813,
    "27": 0.13373626373626374,
    "28": 0.17154420921544208,
    "29": 0.16903710969429458,
    "30": 0.1133599795901012,
    "31": 0,
    "32": 0.1295355587808418,
    "33": 0,
    "34": 0.1338133813381338,
    "35": 0,
    "36": 0.019567099567099566,
    "37": 0.1635563849640096,
    "38": 0.13264457902861893,
    "39": 0.1780392156862745,
    "40": 0.2236198462613557,
    "41": 0.09888837424733674,
    "42": 0.18089764641488779,
    "43": 0,
    "44": 0.18916065458384657,
    "45": 0.1512899607403253,
    "46": 0.11772545535317637,
    "47": 0.10835498198273695,
    "48": 0.0407174018419777,
    "49": 0.12435415688116487,
    "50": 0.1678208339472521,
    "51": 0.07728308393373977,
    "52": 0.20189035916824197,
    "53": 0.11337338673787271,
    "54": 0,
    "55": 0.15181038243420095,
    "56": 0.13666072489601902,
    "57": 0.18385521401896007,
    "58": 0.1103874415497662,
    "59": 0,
    "60": 0.13287250384024576,
    "61": 0.1094306049822064,
    "62": 0.1672615184944841,
    "63": 0.18478260869565216,
    "64": 0.1408888888888889,
    "65": 0.023692347333161556,
    "66": 0.00023614051935171555,
    "67": 0.2425345957756737,
    "69": 0.01584786053882726,
    "70": 0.15237483953786907,
    "71": 0,
    "72": 0.028936758437967974,
    "73": 0,
    "74": 0.17091509260957272,
    "75": 0.15317090648513076,
    "76": 0.09748507023298848,
    "77": 0.1945937143787657,
    "78": 0.12667660208643816,
    "79": 0.21781974953808253,
    "80": 0.10235810458974931,
    "81": 0.13519706691109074,
    "82": 0.10132226322263223,
    "83": 0.08078213461941706,
    "84": 0.1581487168238649,
    "85": 0,
    "86": 0.18688265507704466,
    "87": 0.15661359461114513,
    "88": 0.199631732392205,
    "89": 0.1544801914384472,
    "90": 0.1369536739311659,
    "91": 0,
    "92": 0.1323561112308687,
    "93": 0.000666682353310274,
    "94": 0.18111254851228978,
    "95": 0.16670851117248306,
    "96": 0.1989212513484358,
    "97": 0,
    "98": 0.0042417815482502655,
    "99": 0.2111689351481185,
    "100": 0.0541324311261479,
    "101": 0.11356109464877114,
    "102": 0.0019934011547979103,
    "103": 0.14069923254964065,
    "104": 0.20402215097639173,
    "105": 0,
    "106": 0.14174072939013177,
    "107": 0.129267318826113,
    "108": 0.15059445178335534,
    "109": 0.12221972590429117,
    "110": 0.15085967831392125,
    "111": 0.00028065693077451633,
    "112": 0.1746975599753947,
    "113": 0.14600591715976333,
    "114": 0.12711568661664632,
    "115": 0.14531126871552402,
    "116": 0.1022608954335862,
    "117": 0.18647677359243978,
    "118": 0.16491043203371972,
    "119": 0.1251360174102285,
    "120": 0.13980066445182723,
    "121": 0.040900112320384215,
    "122": 0.09866137828458106,
    "123": 0.22559876384238992,
    "124": 0.15974842767295597,
    "125": 0.15245925284869466,
    "126": 0.03934312745173448,
    "127": 0.0953556973314125,
    "128": 0.16807432432432431,
    "129": 0.1696599159342759,
    "130": 0.15582121994294254,
    "131": 0.19057125307125308,
    "132": 0.14092872570194384,
    "133": 0.10033085194375517,
    "134": 0.17933358292774243,
    "135": 0.0017250710323366257,
    "136": 0.018837746578994136,
    "137": 0,
    "138": 0.1859446545888911,
    "139": 0.15067284359144054,
    "140": 0.17384266752994496,
    "141": 0.18550272798129383,
    "142": 0.03731054611949221,
    "143": 0.11643507426928605,
    "144": 0,
    "145": 0.15267175572519084,
    "146": 0.005715541877335678,
    "147": 0.09672619047619048,
    "148": 0.002949497381568651,
    "149": 0.16376663254861823,
    "150": 0.12881776174912657,
    "151": 0.03896226637998251,
    "152": 0.2669149596523898,
    "153": 0.10174040338321405,
    "154": 0,
    "155": 0.15486307837582625,
    "156": 0.10740866035182679,
    "157": 0.004381694255111977,
    "158": 0.07703488372093023,
    "159": 0,
    "160": 0.18895966029723993,
    "161": 0.05917753259779338,
    "162": 0.09923890481367995,
    "163": 0.17840851495184998,
    "164": 0.08801909907645913,
    "165": 0.17496296296296296,
    "166": 0.16876208897485492,
    "167": 0,
    "168": 0.1852695520121488,
    "169": 0.040500975927130776,
    "170": 0.19756367663344407,
    "171": 0.1962555066079295,
    "172": 0.07509491642423943,
    "173": 0.17341467923830653,
    "174": 0,
    "175": 0.1429997504367357,
    "176": 0.13988552282563171,
    "177": 0.20711462450592885,
    "178": 0.16993699369936993,
    "179": 0.18078119599032147,
    "180": 0.13654127992183684,
    "181": 0.14327855035819637,
    "182": 0.1584544487770294,
    "183": 0,
    "184": 0.04732313575525813,
    "185": 0.16056102156164956,
    "186": 0.14458933882406771,
    "187": 0,
    "188": 0.20300214438884917,
    "189": 0.05290688514258705,
    "190": 0.2037037037037037,
    "191": 0.1239147592738753,
    "192": 0.12494341330918968,
    "193": 0.17455492835432046,
    "194": 0.1759175007582651,
    "195": 0.18044444444444444,
    "196": 0.1754148977228869
}