{
    "0": 0.008342908527751412,
    "1": 0.013922162455363197,
    "2": 0.013942140118508192,
    "3": 0.01451047092590624,
    "4": 0,
    "5": 0.010036411166090935,
    "6": 0.014757993913369741,
    "7": 0.011877729257641922,
    "8": 0.01228630142975821,
    "9": 0.014185328692454193,
    "10": 0.014080888020967162,
    "11": 0.01533674149811069,
    "12": 0.013777081419849803,
    "13": 0.013457861450213267,
    "14": 0.013101641152944422,
    "15": 0.013893065495880194,
    "16": 0,
    "17": 0.01184,
    "18": 0,
    "19": 0.014853732892261788,
    "20": 0.014095992544268406,
    "21": 0.011230417180073931,
    "22": 0.008560637851447755,
    "23": 0.009231933409004918,
    "24": 0,
    "25": 0,
    "26": 0.0058728402417227,
    "27": 0.015566290928609769,
    "28": 0.014162387857586188,
    "29": 0.014406387410321684,
    "30": 0.01189055574497102,
    "31": 0,
    "32": 0.015707632804483385,
    "33": 0,
    "34": 0.020897073255209838,
    "35": 0,
    "36": 0.006625958165519034,
    "37": 0.015502240970208279,
    "38": 0.012605042016806723,
    "39": 0.015033372840122263,
    "40": 0.014068697148843822,
    "41": 0.012174449067652951,
    "42": 0.01252022226911444,
    "43": 0,
    "44": 0.014766686355581808,
    "45": 0.016122861671312237,
    "46": 0.012204690088048122,
    "47": 0.011625933469110658,
    "48": 0.0045214127282033785,
    "49": 0.012774370152582754,
    "50": 0.015638815207780724,
    "51": 0.01232648930017351,
    "52": 0.012474973047897736,
    "53": 0.012219959266802444,
    "54": 0,
    "55": 0.013613724405091312,
    "56": 0.013188479029813037,
    "57": 0.014421783350373998,
    "58": 0.012659299716330074,
    "59": 0,
    "60": 0.012763755533835451,
    "61": 0.011864481258513864,
    "62": 0.01783950258585624,
    "63": 0.014501784399252251,
    "64": 0.011471997676557433,
    "65": 0.005573292692423214,
    "66": 0.00016098817468680483,
    "67": 0.014213732420846807,
    "68": 0.01584786053882726,
    "70": 0.020382366882603888,
    "71": 0,
    "72": 0.004801222129269269,
    "73": 0,
    "74": 0.01217296511627907,
    "75": 0.02401489295687248,
    "76": 0.01103477887505367,
    "77": 0.01412365286443562,
    "78": 0.014277428278231384,
    "79": 0.016564952048823016,
    "80": 0.011664815108712904,
    "81": 0.008551928295370447,
    "82": 0.011386198792495644,
    "83": 0.009596559360657316,
    "84": 0.015534108937070332,
    "85": 0,
    "86": 0.014238514789175582,
    "87": 0.013563153433173212,
    "88": 0.018276473194505982,
    "89": 0.013219284603421462,
    "90": 0.015180747359870024,
    "91": 0,
    "92": 0.01377715689580423,
    "93": 0.0004739889451193723,
    "94": 0.014930808448652586,
    "95": 0.014210816777041942,
    "96": 0.014662568830836215,
    "97": 0,
    "98": 0.001728608470181504,
    "99": 0.018243872168786843,
    "100": 0.00466893039049236,
    "101": 0.013311364523262368,
    "102": 0.0009106337182830415,
    "103": 0.012692425323682333,
    "104": 0.015432980851671906,
    "105": 0,
    "106": 0.020624529285672905,
    "107": 0.01728556119834133,
    "108": 0.014055559238878208,
    "109": 0.012239234923938358,
    "110": 0.01474974242177756,
    "111": 0.0010376940133037694,
    "112": 0.015288571792585044,
    "113": 0.012353960534406619,
    "114": 0.012703708456306943,
    "115": 0.01368992606284658,
    "116": 0.011786181991348864,
    "117": 0.014043783560512184,
    "118": 0.014565725588922855,
    "119": 0.01772816808929744,
    "120": 0.013350421873331197,
    "121": 0.01374438725221772,
    "122": 0.010911474398519432,
    "123": 0.015081834167455701,
    "124": 0.010413329061198334,
    "125": 0.013722032403835556,
    "126": 0.013420255857723466,
    "127": 0.010995677561234549,
    "128": 0.013492110048688919,
    "129": 0.014053117068036898,
    "130": 0.01404464381074442,
    "131": 0.01381902603504505,
    "132": 0.012608051960456564,
    "133": 0.011757714673797699,
    "134": 0.012476751394916306,
    "135": 0.0011743381583314188,
    "136": 0.006164742917103882,
    "137": 0,
    "138": 0.01544329123421283,
    "139": 0.014065817409766455,
    "140": 0.014053806000114724,
    "141": 0.01403018446059251,
    "142": 0.013005263426848587,
    "143": 0.009716870497570782,
    "144": 0,
    "145": 0.020637898686679174,
    "146": 0.001696113074204947,
    "147": 0.007354805985290388,
    "148": 0.00289916064623226,
    "149": 0.019756732053715812,
    "150": 0.012595080509730317,
    "151": 0.007164113303207318,
    "152": 0.013854527461652647,
    "153": 0.016821321130460573,
    "154": 0,
    "155": 0.015186974057660708,
    "156": 0.012578616352201259,
    "157": 0.0011165507171691145,
    "158": 0.01529415882126483,
    "159": 0,
    "160": 0.013658820110433014,
    "161": 0.005816439996578565,
    "162": 0.01906901166125024,
    "163": 0.014027367118201196,
    "164": 0.015061117578579744,
    "165": 0.015030556626108022,
    "166": 0.014312812553888601,
    "167": 0,
    "168": 0.014109589041095891,
    "169": 0.01368657182610671,
    "170": 0.014233954451345756,
    "171": 0.014212804444731572,
    "172": 0.00994362183260021,
    "173": 0.013380367351903661,
    "174": 0,
    "175": 0.013254938367115375,
    "176": 0.01380065717415115,
    "177": 0.016207555309052813,
    "178": 0.013438592262263469,
    "179": 0.012727272727272728,
    "180": 0.013280008203866073,
    "181": 0.010492332526230832,
    "182": 0.01564920979237682,
    "183": 0,
    "184": 0.0058728402417227,
    "185": 0.01203810995236256,
    "186": 0.012727898176814585,
    "187": 0,
    "188": 0.012771307570142932,
    "189": 0.007840909090909091,
    "190": 0.015351273252663897,
    "191": 0.012387096774193548,
    "192": 0.01276891737467084,
    "193": 0.01411198543278923,
    "194": 0.015024205664681987,
    "195": 0.01097925244207637,
    "196": 0.014444237802988036
}