{
    "0": 0.004548675775005356,
    "1": 0.3787100237748294,
    "2": 0.3829841377555348,
    "3": 0.36934852260590956,
    "4": 0,
    "5": 0.22071718361471013,
    "6": 0.3691899070385126,
    "8": 0.43412202263195376,
    "9": 0.21593272447780087,
    "10": 0.35124420075917334,
    "11": 0.1168228391277695,
    "12": 0.34971226206285966,
    "13": 0.35422492401215805,
    "14": 0.18197463768115943,
    "15": 0.31600340296814444,
    "16": 0,
    "17": 0.0875,
    "18": 0,
    "19": 0.2455178820250813,
    "20": 0.30147455493616254,
    "21": 0.38003734714776216,
    "22": 0.0334056399132321,
    "23": 0.31012026049782254,
    "24": 0,
    "25": 0,
    "26": 0.013100808166737558,
    "27": 0.3466581896209171,
    "28": 0.35355784395584006,
    "29": 0.35677480916030535,
    "30": 0.4338530410620562,
    "31": 0,
    "32": 0.05844648730707599,
    "33": 0,
    "34": 0.14351295995479907,
    "35": 0,
    "36": 0.005317785750896976,
    "37": 0.30192667262824163,
    "38": 0.4140862717021657,
    "39": 0.28197919595164467,
    "40": 0.13267254705828863,
    "41": 0.23457240926020595,
    "42": 0.15013664815304592,
    "43": 0,
    "44": 0.2965074194715889,
    "45": 0.3033291192583228,
    "46": 0.4437978316326531,
    "47": 0.41392024078254325,
    "48": 0.008557871547195391,
    "49": 0.37486067049644173,
    "50": 0.3009353741496599,
    "51": 0.1983839373163565,
    "52": 0.10573122529644269,
    "53": 0.32791975161213277,
    "54": 0,
    "55": 0.35095367847411446,
    "56": 0.3920236851271334,
    "57": 0.42702027481502836,
    "58": 0.40944001193050483,
    "59": 0,
    "60": 0.2818821078218595,
    "61": 0.4135595858955398,
    "62": 0.26144343853117863,
    "63": 0.38237275089002215,
    "64": 0.3120189009983995,
    "65": 0.0996641864752749,
    "66": 0.0002997207479860228,
    "67": 0.1245378302822617,
    "68": 0.11888799499418969,
    "69": 0.011877729257641922,
    "70": 0.273651532790066,
    "71": 0,
    "72": 0.08453690486186917,
    "73": 0,
    "74": 0.22243828204261076,
    "75": 0.18495624949827405,
    "76": 0.3678343949044586,
    "77": 0.42276668683202256,
    "78": 0.3370810810810811,
    "79": 0.2640357273058695,
    "80": 0.420198440822112,
    "81": 0.046242271183488635,
    "82": 0.4017597388774569,
    "83": 0.37852858636438674,
    "84": 0.1980881571959639,
    "85": 0,
    "86": 0.07910839160839161,
    "87": 0.3412487393417072,
    "88": 0.290592567793773,
    "89": 0.14626209322779243,
    "90": 0.224345364472753,
    "91": 0,
    "92": 0.40800472853162206,
    "93": 0.0008965406650436608,
    "94": 0.29813780260707634,
    "95": 0.18688524590163935,
    "96": 0.2923166926677067,
    "97": 0,
    "98": 0.0022007580388800586,
    "99": 0.23598151216534402,
    "100": 0.01670092497430627,
    "101": 0.38233335799363766,
    "102": 0.001770057218128679,
    "103": 0.3831824512534819,
    "104": 0.1692942254812099,
    "105": 0,
    "106": 0.17573907215727158,
    "107": 0.23645936163211584,
    "108": 0.1983257636476979,
    "109": 0.36139800049574483,
    "110": 0.29578868676800396,
    "111": 6.186696834178849e-05,
    "112": 0.21955297430482223,
    "113": 0.327017606577889,
    "114": 0.4177244052595577,
    "115": 0.3090990990990991,
    "116": 0.4229156301087497,
    "117": 0.3441754916792738,
    "118": 0.2787106042919996,
    "119": 0.0767439993577908,
    "120": 0.35081564637782847,
    "121": 0.08941970985492746,
    "122": 0.40951861448247645,
    "123": 0.20151156437807322,
    "124": 0.06996647256043761,
    "125": 0.3281992606935399,
    "126": 0.08446917014371813,
    "127": 0.41643021213349546,
    "128": 0.29559974804283273,
    "129": 0.2626556393710806,
    "130": 0.3693395382137104,
    "131": 0.39002181542255526,
    "132": 0.405489080411681,
    "133": 0.37439700482396143,
    "134": 0.10023289143676102,
    "135": 0.002036711728913669,
    "136": 0.0038729666924864447,
    "137": 0,
    "138": 0.26849289798930087,
    "139": 0.17423851316468766,
    "140": 0.3146097758574129,
    "141": 0.3043666608906602,
    "142": 0.08581222402974668,
    "143": 0.037343314763231196,
    "144": 0,
    "145": 0.13227636589725655,
    "146": 0.002798376941374003,
    "147": 0.025002155358220535,
    "148": 0.0005330366868293588,
    "149": 0.1096080189063646,
    "150": 0.3940714163676747,
    "151": 0.16077392881000097,
    "152": 0.1771744132535665,
    "153": 0.24516285558318676,
    "154": 0,
    "155": 0.3174304739522131,
    "156": 0.3711831372265935,
    "157": 0.00101514254293207,
    "158": 0.20588095124624697,
    "159": 0,
    "160": 0.15850965961361546,
    "161": 0.013168020521590423,
    "162": 0.15296994274809161,
    "163": 0.19857762999907638,
    "164": 0.2714718942922127,
    "165": 0.3795994410805775,
    "166": 0.32978234915970245,
    "167": 0,
    "168": 0.23033275629928832,
    "169": 0.08404819277108434,
    "170": 0.2833885747709105,
    "171": 0.2824501701507049,
    "172": 0.3292414069546047,
    "173": 0.2984459838981464,
    "174": 0,
    "175": 0.38445951898511144,
    "176": 0.34132906894100923,
    "177": 0.2685916643966222,
    "178": 0.29896046036755153,
    "179": 0.10715550832447751,
    "180": 0.39327731092436974,
    "181": 0.052083333333333336,
    "182": 0.06729475100942127,
    "183": 0,
    "184": 0.013188122181570663,
    "185": 0.20432650201436328,
    "186": 0.4235056613710173,
    "187": 0,
    "188": 0.17958723551855707,
    "189": 0.22401884843790343,
    "190": 0.3059360730593607,
    "191": 0.38009680258140216,
    "192": 0.3585746102449889,
    "193": 0.20520511689457432,
    "194": 0.36266272735666144,
    "195": 0.06646659016682849,
    "196": 0.28021211275467484
}