{
    "0": 0.007352941176470588,
    "1": 0.29986691066378307,
    "2": 0.31136363636363634,
    "3": 0.291462805791313,
    "4": 0,
    "5": 0.17738719444649584,
    "6": 0.40935622317596565,
    "7": 0.273651532790066,
    "8": 0.27388535031847133,
    "9": 0.18935783980031767,
    "10": 0.3044071762870515,
    "11": 0.18555614127569847,
    "12": 0.26263520157325465,
    "13": 0.2535950132691477,
    "14": 0.16731197934999414,
    "15": 0.21877646062658765,
    "16": 0,
    "17": 0.09112892961690212,
    "18": 0,
    "19": 0.20192962542565268,
    "20": 0.27185419622394413,
    "21": 0.23548387096774193,
    "22": 0.0456158134820071,
    "23": 0.19138163816381637,
    "24": 0,
    "25": 0,
    "26": 0.02388097024256064,
    "27": 0.3018198362147407,
    "28": 0.2852112676056338,
    "29": 0.24248413606574432,
    "30": 0.25852251719293057,
    "31": 0,
    "32": 0.10845213849287169,
    "33": 0,
    "34": 0.24579400902749282,
    "35": 0,
    "36": 0.014204303819001446,
    "37": 0.31105944197331176,
    "38": 0.2527195900386586,
    "39": 0.23680036256514841,
    "40": 0.18140649973361747,
    "41": 0.16341030195381884,
    "42": 0.14054179208150036,
    "43": 0,
    "44": 0.27358595399488833,
    "45": 0.2815040650406504,
    "46": 0.2706390195020427,
    "47": 0.24958172692223757,
    "48": 0.012313754463735994,
    "49": 0.25442078671959584,
    "50": 0.351500168558265,
    "51": 0.15211341559464425,
    "52": 0.10222386042511365,
    "53": 0.2263622474961806,
    "54": 0,
    "55": 0.2815906967085453,
    "56": 0.26199328919923826,
    "57": 0.3160150533138198,
    "58": 0.28901249619018593,
    "59": 0,
    "60": 0.18134271586154432,
    "61": 0.268961765620143,
    "62": 0.35072498217256953,
    "63": 0.29404117009750813,
    "64": 0.23674970740678816,
    "65": 0.08929679281417743,
    "66": 0.0003305660944367229,
    "67": 0.1785904965296316,
    "68": 0.15237483953786907,
    "69": 0.020382366882603888,
    "71": 0,
    "72": 0.06161853955638107,
    "73": 0,
    "74": 0.189447701326751,
    "75": 0.2789289871944121,
    "76": 0.20815016398018282,
    "77": 0.32371830985915495,
    "78": 0.3156401268569521,
    "79": 0.2870893995909036,
    "80": 0.2439740936102023,
    "81": 0.07485729112610275,
    "82": 0.2525623268698061,
    "83": 0.23762272822226865,
    "84": 0.20092753623188406,
    "85": 0,
    "86": 0.13585005981656254,
    "87": 0.272,
    "88": 0.32612710483432916,
    "89": 0.1343163230042622,
    "90": 0.19684516396845164,
    "91": 0,
    "92": 0.2840929086749956,
    "93": 0.0009512894841314427,
    "94": 0.2814350400557297,
    "95": 0.14405151960230483,
    "96": 0.21765444787027521,
    "97": 0,
    "98": 0.003157811636535881,
    "99": 0.21748586341887777,
    "100": 0.025053238131028437,
    "101": 0.2763664357197845,
    "102": 0.00223257619879635,
    "103": 0.29370161521552135,
    "104": 0.18026660022424318,
    "105": 0,
    "106": 0.3117845117845118,
    "107": 0.29837745516652436,
    "108": 0.13761955366631243,
    "109": 0.23885350318471338,
    "110": 0.28488843813387427,
    "111": 0.00029246981620099986,
    "112": 0.201683464392513,
    "113": 0.24778046811945117,
    "114": 0.3455627169062965,
    "115": 0.22948809645448043,
    "116": 0.24535117056856187,
    "117": 0.33164351617155025,
    "118": 0.22562141491395793,
    "119": 0.13728530534351144,
    "120": 0.2527535676659324,
    "121": 0.1419783371702457,
    "122": 0.24790216613543226,
    "123": 0.26384364820846906,
    "124": 0.0706783640182874,
    "125": 0.2664303797468354,
    "126": 0.13533834586466165,
    "127": 0.24534299701188886,
    "128": 0.2583965330444204,
    "129": 0.2282632866355348,
    "130": 0.2859139462913048,
    "131": 0.30853344768439106,
    "132": 0.28114126652748783,
    "133": 0.2619434994823251,
    "134": 0.10314012659798932,
    "135": 0.002614562833848749,
    "136": 0.011930306411466828,
    "137": 0,
    "138": 0.2615276311158043,
    "139": 0.16113378184625565,
    "140": 0.2723960565795114,
    "141": 0.34525837592277114,
    "142": 0.13194468393282063,
    "143": 0.05567671584348942,
    "144": 0,
    "145": 0.22931633835457707,
    "146": 0.0033901497316131462,
    "147": 0.034877864517753716,
    "148": 0.0016250253910217347,
    "149": 0.18219211226711832,
    "150": 0.2626226898930056,
    "151": 0.12454407111282881,
    "152": 0.2278965426233835,
    "153": 0.3274441451434004,
    "154": 0,
    "155": 0.3738051657514745,
    "156": 0.2907066646049173,
    "157": 0.0019680196801968018,
    "158": 0.24454649827784156,
    "159": 0,
    "160": 0.14544130144470074,
    "161": 0.020260130065032515,
    "162": 0.24438087454025337,
    "163": 0.1736519896397457,
    "164": 0.3189410444312405,
    "165": 0.27815315315315314,
    "166": 0.27488151658767773,
    "167": 0,
    "168": 0.17446359479423146,
    "169": 0.13410184753920198,
    "170": 0.2266275659824047,
    "171": 0.22567820392890553,
    "172": 0.20860432625138509,
    "173": 0.22619176892170703,
    "174": 0,
    "175": 0.2900925212027756,
    "176": 0.23076923076923078,
    "177": 0.2755269320843091,
    "178": 0.2300140252454418,
    "179": 0.11011071906557976,
    "180": 0.29302727621974645,
    "181": 0.09316206046451278,
    "182": 0.11014312383322962,
    "183": 0,
    "184": 0.0240120060030015,
    "185": 0.15385426552778655,
    "186": 0.2925493060628196,
    "187": 0,
    "188": 0.17631133671742807,
    "189": 0.13387717408034477,
    "190": 0.32110977080820263,
    "191": 0.3035671913311714,
    "192": 0.23777127109886326,
    "193": 0.18523056359991089,
    "194": 0.3262114537444934,
    "195": 0.10163029187483566,
    "196": 0.23671769473210266
}