{
    "0": 0.0027156635594590226,
    "1": 0.07838764647718427,
    "2": 0.07168644745660116,
    "3": 0.06419731490794595,
    "4": 0,
    "5": 0.07419122017491721,
    "6": 0.08491011813045711,
    "7": 0.08453690486186917,
    "8": 0.08113975576662144,
    "9": 0.035095949779952194,
    "10": 0.06655101376992302,
    "11": 0.024094470307709778,
    "12": 0.06126694256497843,
    "13": 0.08503150035000388,
    "14": 0.037205909173809955,
    "15": 0.05257498711946417,
    "16": 0,
    "17": 0.020115473441108544,
    "18": 0,
    "19": 0.04098931984260821,
    "20": 0.056102888730385166,
    "21": 0.10313133499970478,
    "22": 0.008062114930945238,
    "23": 0.09399486348988238,
    "24": 0,
    "25": 0,
    "26": 0.003169535970812906,
    "27": 0.0660459394684935,
    "28": 0.061800129121307244,
    "29": 0.05837314165810974,
    "30": 0.08144917951473567,
    "31": 0,
    "32": 0.01292703357406443,
    "33": 0,
    "34": 0.03383929519159325,
    "35": 0,
    "36": 0.0027320107599193007,
    "37": 0.06341229959320412,
    "38": 0.06522394487510766,
    "39": 0.046221405686375554,
    "40": 0.026228457647678116,
    "41": 0.051484730001056744,
    "42": 0.03518438078690474,
    "43": 0,
    "44": 0.06632769392129144,
    "45": 0.06193814976811658,
    "46": 0.07753190784021216,
    "47": 0.07750317635968687,
    "48": 0.002875268130162932,
    "49": 0.06715950111320061,
    "50": 0.06524249422632794,
    "51": 0.3560126582278481,
    "52": 0.024331292297776346,
    "53": 0.06180264807769961,
    "54": 0,
    "55": 0.06278245458573327,
    "56": 0.06797354543096741,
    "57": 0.0750542979333199,
    "58": 0.07928593413357957,
    "59": 0,
    "60": 0.0497705767415311,
    "61": 0.07451540164256604,
    "62": 0.05182180880375603,
    "63": 0.0607078504215514,
    "64": 0.09303410732140874,
    "65": 0.06387889111739979,
    "66": 0.00020132876988121604,
    "67": 0.027209478542398566,
    "68": 0.028936758437967974,
    "69": 0.004801222129269269,
    "70": 0.06161853955638107,
    "71": 0,
    "73": 0,
    "74": 0.06090548126511798,
    "75": 0.03938788504182493,
    "76": 0.07184541299379693,
    "77": 0.08311339537898782,
    "78": 0.07458282246836101,
    "79": 0.04975684438040346,
    "80": 0.08107729275130156,
    "81": 0.010270604112816524,
    "82": 0.07977489561691914,
    "83": 0.0871759114846144,
    "84": 0.03875951533714698,
    "85": 0,
    "86": 0.019319796488976484,
    "87": 0.059872526593972776,
    "88": 0.059554657648557247,
    "89": 0.029530322931292177,
    "90": 0.1198386107309707,
    "91": 0,
    "92": 0.06715643723667775,
    "93": 0.0006261148979905256,
    "94": 0.05376271491583401,
    "95": 0.0328617276137956,
    "96": 0.0528073948656935,
    "97": 0,
    "98": 0.0007847348422269949,
    "99": 0.07615527672496998,
    "100": 0.0038816330258471094,
    "101": 0.08490743646062128,
    "102": 0.0006385582773116696,
    "103": 0.06880594420787346,
    "104": 0.03554709014136222,
    "105": 0,
    "106": 0.036768635498834946,
    "107": 0.06487955681888914,
    "108": 0.03526352366220548,
    "109": 0.06598789330709504,
    "110": 0.0559039909720263,
    "111": 0.0001584196605686577,
    "112": 0.04837832940750136,
    "113": 0.057469744064546,
    "114": 0.08911243843655035,
    "115": 0.05573821477762474,
    "116": 0.0808663103745071,
    "117": 0.07909579428875961,
    "118": 0.05275285800577194,
    "119": 0.01733395717755052,
    "120": 0.06416326888508922,
    "121": 0.03926175534052617,
    "122": 0.08402258628916813,
    "123": 0.04447247706422018,
    "124": 0.017936083993368945,
    "125": 0.06189824220475223,
    "126": 0.037465971485258154,
    "127": 0.0848877647802719,
    "128": 0.0554898063997499,
    "129": 0.05055559312101337,
    "130": 0.06653465346534654,
    "131": 0.08788768878506835,
    "132": 0.0782181841668999,
    "133": 0.07318511889022232,
    "134": 0.020417505951290972,
    "135": 0.0009948575672229462,
    "136": 0.002381153068105192,
    "137": 0,
    "138": 0.04910311880295655,
    "139": 0.03647518878101402,
    "140": 0.06056001251424613,
    "141": 0.06304483188044832,
    "142": 0.03867329325635379,
    "143": 0.008984231756508984,
    "144": 0,
    "145": 0.028397787639638853,
    "146": 0.0006251886345017894,
    "147": 0.00624671075212228,
    "148": 0.0010251494454873453,
    "149": 0.02381217561757958,
    "150": 0.06752184341271202,
    "151": 0.07499737035868308,
    "152": 0.03683304647160069,
    "153": 0.061725211734137295,
    "154": 0,
    "155": 0.06630153398515222,
    "156": 0.07703837545941729,
    "157": 0.0002962017817676411,
    "158": 0.05849975557205193,
    "159": 0,
    "160": 0.02920640715556975,
    "161": 0.0033347799273657523,
    "162": 0.04080487413820747,
    "163": 0.03194103194103194,
    "164": 0.07272280223937055,
    "165": 0.063275187371493,
    "166": 0.058126850553218014,
    "167": 0,
    "168": 0.04130394941812517,
    "169": 0.03650562167756504,
    "170": 0.04764071529326114,
    "171": 0.047790187202875145,
    "172": 0.09269162210338681,
    "173": 0.05120725249079975,
    "174": 0,
    "175": 0.06820806729281527,
    "176": 0.061289612676056336,
    "177": 0.04854129816626738,
    "178": 0.04825576221411409,
    "179": 0.025939711423582392,
    "180": 0.0673918235306889,
    "181": 0.0130736880599744,
    "182": 0.014221861032100772,
    "183": 0,
    "184": 0.0031924839805714546,
    "185": 0.046906232963837904,
    "186": 0.07089881118730787,
    "187": 0,
    "188": 0.05060429928960236,
    "189": 0.11157392686804452,
    "190": 0.06138415701971844,
    "191": 0.08815138038096837,
    "192": 0.06683672375726137,
    "193": 0.046313348339131026,
    "194": 0.06415471823941314,
    "195": 0.014010668253931916,
    "196": 0.04767778251216613
}