{
    "0": 0.0036091111643066272,
    "1": 0.22250639386189258,
    "2": 0.22217729707874254,
    "3": 0.21039982521302164,
    "4": 0,
    "5": 0.2310377358490566,
    "6": 0.20266646234005056,
    "7": 0.22243828204261076,
    "8": 0.21960057301761188,
    "9": 0.16208908495801908,
    "10": 0.22368281564719603,
    "11": 0.13069604406609914,
    "12": 0.20306428333518375,
    "13": 0.17309372270061152,
    "14": 0.18952134540750323,
    "15": 0.23497192934410516,
    "16": 0,
    "17": 0.13756927949327,
    "18": 0,
    "19": 0.19894288650712083,
    "20": 0.238817682448339,
    "21": 0.20222841225626742,
    "22": 0.061562439119423336,
    "23": 0.12595209184236672,
    "24": 0,
    "25": 0,
    "26": 0.02207963766748443,
    "27": 0.1834242900749237,
    "28": 0.2493372048983714,
    "29": 0.24595300261096606,
    "30": 0.20323196943161917,
    "31": 0,
    "32": 0.08201838044043697,
    "33": 0,
    "34": 0.12536100117659643,
    "35": 0,
    "36": 0.006021458287716225,
    "37": 0.20817684300890654,
    "38": 0.2297836588951901,
    "39": 0.20538814053603666,
    "40": 0.1569115815691158,
    "41": 0.1619409529377375,
    "42": 0.23031810911675848,
    "43": 0,
    "44": 0.2728160759140385,
    "45": 0.22554127590598588,
    "46": 0.1994615761135585,
    "47": 0.1868522815158546,
    "48": 0.013894104393541119,
    "49": 0.2122985319782363,
    "50": 0.20251141552511415,
    "51": 0.16145332050048122,
    "52": 0.1732481610530391,
    "53": 0.19939221644936772,
    "54": 0,
    "55": 0.2586378324633358,
    "56": 0.21054774994909387,
    "57": 0.2863126770974498,
    "58": 0.1896378658018686,
    "59": 0,
    "60": 0.18818170921730792,
    "61": 0.18645166518110365,
    "62": 0.19215449607724805,
    "63": 0.22844455408905884,
    "64": 0.3117653520817313,
    "65": 0.04750987630334823,
    "66": 0.0002763406358905077,
    "67": 0.16736554238833182,
    "68": 0.17091509260957272,
    "69": 0.01217296511627907,
    "70": 0.189447701326751,
    "71": 0,
    "72": 0.06090548126511798,
    "73": 0,
    "75": 0.1459227467811159,
    "76": 0.1753095975232198,
    "77": 0.32566619915848527,
    "78": 0.20370838600927096,
    "79": 0.22802275960170698,
    "80": 0.18213082537900055,
    "81": 0.07405993510211872,
    "82": 0.18465888494163707,
    "83": 0.1580910928027359,
    "84": 0.18110816386678455,
    "85": 0,
    "86": 0.11924069295982308,
    "87": 0.25902144599974314,
    "88": 0.22326234495670488,
    "89": 0.16563417019889143,
    "90": 0.23616392057456695,
    "91": 0,
    "92": 0.21122613733497958,
    "93": 0.0006348283668849049,
    "94": 0.23810848400556328,
    "95": 0.1716394472361809,
    "96": 0.2425908952031775,
    "97": 0,
    "98": 0.0034580960130187145,
    "99": 0.2922982697902312,
    "100": 0.024838832006067502,
    "101": 0.22341936022717782,
    "102": 0.0019121534221922276,
    "103": 0.24453581475871022,
    "104": 0.19531519118153634,
    "105": 0,
    "106": 0.1282578133448686,
    "107": 0.15777242924724044,
    "108": 0.17370822905932579,
    "109": 0.2066515345899536,
    "110": 0.19884917561137547,
    "111": 0.0001125640207868225,
    "112": 0.24244256348246676,
    "113": 0.2302158273381295,
    "114": 0.23320848938826466,
    "115": 0.2173694779116466,
    "116": 0.18259709249245032,
    "117": 0.2733287702486881,
    "118": 0.2129202373104812,
    "119": 0.08578687789568076,
    "120": 0.22136292311141,
    "121": 0.05273049645390071,
    "122": 0.1838175400488732,
    "123": 0.2267518009168304,
    "124": 0.13167259786476868,
    "125": 0.24629584649016273,
    "126": 0.05006504236543262,
    "127": 0.18211920529801323,
    "128": 0.25185384926520155,
    "129": 0.2309995722230144,
    "130": 0.25745830396993186,
    "131": 0.3020055053086905,
    "132": 0.2452904625702732,
    "133": 0.17601827179291968,
    "134": 0.13418235511258766,
    "135": 0.0019523504469052195,
    "136": 0.004555555555555556,
    "137": 0,
    "138": 0.22427101200686106,
    "139": 0.17339422510312316,
    "140": 0.26626043184527753,
    "141": 0.2352797459076472,
    "142": 0.049590270551508844,
    "143": 0.06619937694704049,
    "144": 0,
    "145": 0.12853271389856755,
    "146": 0.0032075955863484734,
    "147": 0.0439052570768342,
    "148": 0.0006827802813054759,
    "149": 0.11495258935083881,
    "150": 0.20973782771535582,
    "151": 0.0843578091365702,
    "152": 0.17767842358006292,
    "153": 0.1512526171395567,
    "154": 0,
    "155": 0.20461916461916463,
    "156": 0.1996344274020504,
    "157": 0.0015097188148707303,
    "158": 0.11173509933774835,
    "159": 0,
    "160": 0.16456128371457834,
    "161": 0.025340756383182953,
    "162": 0.10733480872589314,
    "163": 0.16861098149012288,
    "164": 0.14510633298084832,
    "165": 0.22685021767266736,
    "166": 0.25048770971517753,
    "167": 0,
    "168": 0.2145922746781116,
    "169": 0.0506184234816319,
    "170": 0.2342259156663589,
    "171": 0.23362478907807946,
    "172": 0.16180133506027697,
    "173": 0.21736167893158898,
    "174": 0,
    "175": 0.24798498399028376,
    "176": 0.22743259085580306,
    "177": 0.22045171123735624,
    "178": 0.2194990573660113,
    "179": 0.1572108345534407,
    "180": 0.24756591182583962,
    "181": 0.07782672540381791,
    "182": 0.0841168569509738,
    "183": 0,
    "184": 0.02207963766748443,
    "185": 0.23696390003085469,
    "186": 0.21345000491593746,
    "187": 0,
    "188": 0.2818057455540356,
    "189": 0.13575456053067994,
    "190": 0.25898773438601436,
    "191": 0.21360888743669335,
    "192": 0.21585329191301733,
    "193": 0.25067471027147165,
    "194": 0.26507237256135935,
    "195": 0.0980838550559666,
    "196": 0.2092507962886027
}