{
    "0": 0.006785065440658485,
    "1": 0.20432236955398655,
    "2": 0.21793839339641635,
    "3": 0.23413640990838142,
    "4": 0,
    "5": 0.12255572543654945,
    "6": 0.21168790798880946,
    "7": 0.18495624949827405,
    "8": 0.18063537675606642,
    "9": 0.18517424689899586,
    "10": 0.23569423450658605,
    "11": 0.1708229426433915,
    "12": 0.2261029411764706,
    "13": 0.17076511237004297,
    "14": 0.17366502931389638,
    "15": 0.20275590551181102,
    "16": 0,
    "17": 0.11265991980141302,
    "18": 0,
    "19": 0.20215912451937296,
    "20": 0.2288891762575973,
    "21": 0.142330801496429,
    "22": 0.05319969159599075,
    "23": 0.11635242929659173,
    "24": 0,
    "25": 0,
    "26": 0.03084040092521203,
    "27": 0.23967107902125953,
    "28": 0.2096812844476396,
    "29": 0.20905360029847034,
    "30": 0.18240891158041309,
    "31": 0,
    "32": 0.12999246420497362,
    "33": 0,
    "34": 0.23181133968891118,
    "35": 0,
    "36": 0.01914630025903818,
    "37": 0.22560035250055077,
    "38": 0.19219638758606925,
    "39": 0.2146685472496474,
    "40": 0.17522935779816515,
    "41": 0.14238347859037515,
    "42": 0.13657551274083282,
    "43": 0,
    "44": 0.2195598385206407,
    "45": 0.22083909635776855,
    "46": 0.18816815368539505,
    "47": 0.17262040197193781,
    "48": 0.01944709246901811,
    "49": 0.20186461289014998,
    "50": 0.24523722849168791,
    "51": 0.10279348005049119,
    "52": 0.12027921961696796,
    "53": 0.17958015267175573,
    "54": 0,
    "55": 0.2023521272915946,
    "56": 0.20318966387402845,
    "57": 0.228,
    "58": 0.18334354888139748,
    "59": 0,
    "60": 0.17210229938995777,
    "61": 0.1927927927927928,
    "62": 0.26395193591455274,
    "63": 0.22591771372259178,
    "64": 0.15960300429184548,
    "65": 0.05269559758298674,
    "66": 0.00030712294899455623,
    "67": 0.16764275256222547,
    "68": 0.15317090648513076,
    "69": 0.02401489295687248,
    "70": 0.2789289871944121,
    "71": 0,
    "72": 0.03938788504182493,
    "73": 0,
    "74": 0.1459227467811159,
    "76": 0.15918892335628357,
    "77": 0.2497766432673899,
    "78": 0.20916978564137462,
    "79": 0.23449863329017406,
    "80": 0.1644191936477514,
    "81": 0.07796217676572752,
    "82": 0.17029140014214642,
    "83": 0.1370117481674867,
    "84": 0.2099183736331434,
    "85": 0,
    "86": 0.14091518284510818,
    "87": 0.21682061254253768,
    "88": 0.24778761061946902,
    "89": 0.14416838107295457,
    "90": 0.14775160599571735,
    "91": 0,
    "92": 0.21431301356774315,
    "93": 0.0009568645462548321,
    "94": 0.23729285614816878,
    "95": 0.1643558186633432,
    "96": 0.21311957640829535,
    "97": 0,
    "98": 0.003980810452179239,
    "99": 0.190291521797272,
    "100": 0.027570361860999426,
    "101": 0.18653754564216543,
    "102": 0.002480829950383401,
    "103": 0.20194174757281552,
    "104": 0.18995371164066518,
    "105": 0,
    "106": 0.26076115485564305,
    "107": 0.20150709219858157,
    "108": 0.15991902834008098,
    "109": 0.18375741343026591,
    "110": 0.21204247627654768,
    "111": 0.00035671037933332706,
    "112": 0.1942751877568372,
    "113": 0.19214732453092426,
    "114": 0.19420770202020202,
    "115": 0.20214206573925889,
    "116": 0.16531871144619603,
    "117": 0.2216060573744268,
    "118": 0.21042928627864102,
    "119": 0.163778457356439,
    "120": 0.20533655429889097,
    "121": 0.09904227085657141,
    "122": 0.1597272310012458,
    "123": 0.21963908307592261,
    "124": 0.09011681809753384,
    "125": 0.19568916619398752,
    "126": 0.09527073337902674,
    "127": 0.15596505770579608,
    "128": 0.2115089514066496,
    "129": 0.19616117615028586,
    "130": 0.22069197178367483,
    "131": 0.2300334768053563,
    "132": 0.1886981924411174,
    "133": 0.1807154920927376,
    "134": 0.12279425140985992,
    "135": 0.0025982759674756987,
    "136": 0.016539295083837117,
    "137": 0,
    "138": 0.2504825538233111,
    "139": 0.1624763842464758,
    "140": 0.21541893901834408,
    "141": 0.2336631244656162,
    "142": 0.09226722777485534,
    "143": 0.06409507110851353,
    "144": 0,
    "145": 0.2400975015234613,
    "146": 0.00529921158071604,
    "147": 0.04327666151468315,
    "148": 0.0027718316043690654,
    "149": 0.21576975476839236,
    "150": 0.20732067302961724,
    "151": 0.07456295145996565,
    "152": 0.20417673455298585,
    "153": 0.22237369687249398,
    "154": 0,
    "155": 0.21270663214499103,
    "156": 0.1878716744913928,
    "157": 0.0024696048632218844,
    "158": 0.17402992052360916,
    "159": 0,
    "160": 0.16572310859495626,
    "161": 0.0272938443670151,
    "162": 0.2190458337238729,
    "163": 0.1785940468651045,
    "164": 0.1992986930188078,
    "165": 0.21836401771148917,
    "166": 0.21777611568187485,
    "167": 0,
    "168": 0.19141438411020342,
    "169": 0.09670831331090822,
    "170": 0.21011789285181315,
    "171": 0.21003274784161952,
    "172": 0.13617408809854767,
    "173": 0.20179072564479486,
    "174": 0,
    "175": 0.21268971332209105,
    "176": 0.19821851392490697,
    "177": 0.22464375523889354,
    "178": 0.20481290493190532,
    "179": 0.13101745723858227,
    "180": 0.20978147762747137,
    "181": 0.10101590952654782,
    "182": 0.1434935956933358,
    "183": 0,
    "184": 0.03084040092521203,
    "185": 0.14133799973078476,
    "186": 0.19963299208035543,
    "187": 0,
    "188": 0.1572725962231512,
    "189": 0.08395573575587599,
    "190": 0.23234251431688027,
    "191": 0.1977125489882428,
    "192": 0.1816096348690499,
    "193": 0.18308227114716108,
    "194": 0.24447717231222385,
    "195": 0.10500963391136801,
    "196": 0.21096576676871695
}