{
    "0": 0.004092389791942903,
    "1": 0.3043057571359458,
    "2": 0.3289236790606654,
    "3": 0.2904020340060385,
    "4": 0,
    "5": 0.16789976133651552,
    "6": 0.2817748032471959,
    "7": 0.3678343949044586,
    "8": 0.3281735885564232,
    "9": 0.1916801913385154,
    "10": 0.30567103302219784,
    "11": 0.09526163988463124,
    "12": 0.30906081919735207,
    "13": 0.29517264498826684,
    "14": 0.16013015927384827,
    "15": 0.29960983576807915,
    "16": 0,
    "17": 0.08228511530398323,
    "18": 0,
    "19": 0.24453316395971328,
    "20": 0.26164154103852594,
    "21": 0.27802619811668156,
    "22": 0.028834099456748852,
    "23": 0.25426791047527747,
    "24": 0,
    "25": 0,
    "26": 0.01203528151018053,
    "27": 0.27255223561292163,
    "28": 0.25484831415466325,
    "29": 0.30159285839313843,
    "30": 0.37707142857142856,
    "31": 0,
    "32": 0.051756307292934206,
    "33": 0,
    "34": 0.12547963648603164,
    "35": 0,
    "36": 0.005324480080180406,
    "37": 0.24875139768915394,
    "38": 0.33378790309642226,
    "39": 0.24222899434044406,
    "40": 0.10574556564542137,
    "41": 0.2468451382303596,
    "42": 0.14717724663753962,
    "43": 0,
    "44": 0.23752052545155994,
    "45": 0.25924478148698304,
    "46": 0.34462403373155304,
    "47": 0.3497173583344823,
    "48": 0.008471788123046553,
    "49": 0.3746946339819729,
    "50": 0.2209704070902809,
    "51": 0.16297860618859608,
    "52": 0.0984612724757953,
    "53": 0.33414807222266024,
    "54": 0,
    "55": 0.28644374897051555,
    "56": 0.39553264604810995,
    "57": 0.29375656247475973,
    "58": 0.34279877425944844,
    "59": 0,
    "60": 0.3166503689216819,
    "61": 0.4011948876956818,
    "62": 0.22342186145480336,
    "63": 0.2817490176406655,
    "64": 0.22836974789915968,
    "65": 0.08373874736640491,
    "66": 0.00026975401350228195,
    "67": 0.10272287725846128,
    "68": 0.09748507023298848,
    "69": 0.01103477887505367,
    "70": 0.20815016398018282,
    "71": 0,
    "72": 0.07184541299379693,
    "73": 0,
    "74": 0.1753095975232198,
    "75": 0.15918892335628357,
    "77": 0.3145949720670391,
    "78": 0.27386654419001377,
    "79": 0.1903418252176717,
    "80": 0.36151832460732986,
    "81": 0.03838130997079683,
    "82": 0.36193406005483847,
    "83": 0.31464756042181746,
    "84": 0.1899589462880602,
    "85": 0,
    "86": 0.06091328717441477,
    "87": 0.2907615586171921,
    "88": 0.20883652430044183,
    "89": 0.15245276477725775,
    "90": 0.17533393852937362,
    "91": 0,
    "92": 0.3550480957222179,
    "93": 0.0008213761321179874,
    "94": 0.24333276711397994,
    "95": 0.19193548387096773,
    "96": 0.23975774848592804,
    "97": 0,
    "98": 0.0020332496112905156,
    "99": 0.18873351977626848,
    "100": 0.013555959662754174,
    "101": 0.31104709586655055,
    "102": 0.0015814443858724301,
    "103": 0.321087786259542,
    "104": 0.15299354163030196,
    "105": 0,
    "106": 0.136266758336198,
    "107": 0.17221401123263375,
    "108": 0.20817515670521763,
    "109": 0.36441437769989404,
    "110": 0.26631074821386513,
    "111": 7.0482097547223e-05,
    "112": 0.21099200272247745,
    "113": 0.30169117022180675,
    "114": 0.29383947658223747,
    "115": 0.3195562712470925,
    "116": 0.3638690202769211,
    "117": 0.23649330067713586,
    "118": 0.2679795263294873,
    "119": 0.06724177770931218,
    "120": 0.3478633945426463,
    "121": 0.07732208942546867,
    "122": 0.356500253421186,
    "123": 0.14496073298429318,
    "124": 0.06626300528739554,
    "125": 0.29138471694999174,
    "126": 0.07272072720727207,
    "127": 0.35129443825096,
    "128": 0.2463804087035658,
    "129": 0.24788412878457378,
    "130": 0.2979032258064516,
    "131": 0.2792308319074391,
    "132": 0.29153176487517085,
    "133": 0.3839202467187836,
    "134": 0.0897326019883442,
    "135": 0.0018662833219843132,
    "136": 0.004039383993940924,
    "137": 0,
    "138": 0.23953084274543876,
    "139": 0.1805909322465614,
    "140": 0.25695070942343967,
    "141": 0.2553072625698324,
    "142": 0.07354682302531432,
    "143": 0.03198794171830514,
    "144": 0,
    "145": 0.11120911429621462,
    "146": 0.0022497954731388057,
    "147": 0.021632415342374575,
    "148": 0.000528626261233308,
    "149": 0.09703062894552256,
    "150": 0.36244329228775113,
    "151": 0.13397161830255616,
    "152": 0.13335013864381146,
    "153": 0.2125178622463561,
    "154": 0,
    "155": 0.19462077089195734,
    "156": 0.34037735849056605,
    "157": 0.0009028974800952146,
    "158": 0.1746546060033302,
    "159": 0,
    "160": 0.15529558849794606,
    "161": 0.011840688912809472,
    "162": 0.1329769082015698,
    "163": 0.17705692052111568,
    "164": 0.23812934916086778,
    "165": 0.29269297306203146,
    "166": 0.27265867359771945,
    "167": 0,
    "168": 0.23311957751791776,
    "169": 0.07257586626329414,
    "170": 0.2264367816091954,
    "171": 0.2263617904122892,
    "172": 0.2716789667896679,
    "173": 0.2775892857142857,
    "174": 0,
    "175": 0.3306510607168983,
    "176": 0.30416666666666664,
    "177": 0.19708088057414724,
    "178": 0.25641246341883284,
    "179": 0.10738950276243094,
    "180": 0.3176358284941532,
    "181": 0.03926059218059873,
    "182": 0.05668113844669561,
    "183": 0,
    "184": 0.01203528151018053,
    "185": 0.19150546677880573,
    "186": 0.3189714548098263,
    "187": 0,
    "188": 0.14105229489844875,
    "189": 0.18387467489263895,
    "190": 0.23065463874865513,
    "191": 0.3093687707641196,
    "192": 0.333937150507994,
    "193": 0.19698132514709643,
    "194": 0.28674101610904584,
    "195": 0.051492100643651256,
    "196": 0.25151329063952976
}