{
    "0": 0.004693733865289838,
    "1": 0.3869569599838726,
    "2": 0.4273238425649001,
    "3": 0.4407250595395607,
    "4": 0,
    "5": 0.2600509368746589,
    "6": 0.3572994300745287,
    "7": 0.42276668683202256,
    "8": 0.3748445719751315,
    "9": 0.266802740924333,
    "10": 0.4182828906732551,
    "11": 0.168215754990096,
    "12": 0.3701567398119122,
    "13": 0.3175947187141217,
    "14": 0.26829652996845427,
    "15": 0.40454201362604086,
    "16": 0,
    "17": 0.19272529858849077,
    "18": 0,
    "19": 0.3077501881113619,
    "20": 0.4043076033535704,
    "21": 0.3271506678662883,
    "22": 0.05966319165998396,
    "23": 0.21611185627768972,
    "24": 0,
    "25": 0,
    "26": 0.02229447282861124,
    "27": 0.36879278496142565,
    "28": 0.4353109363831308,
    "29": 0.43367799113737077,
    "30": 0.3772532986433748,
    "31": 0,
    "32": 0.0927172125018693,
    "33": 0,
    "34": 0.1888141744049525,
    "35": 0,
    "36": 0.006391632771644393,
    "37": 0.385428185280747,
    "38": 0.4154349406348437,
    "39": 0.3619827194179172,
    "40": 0.20960554546954943,
    "41": 0.24564231738035264,
    "42": 0.22106711512001223,
    "43": 0,
    "44": 0.44364250614250617,
    "45": 0.3847342000257433,
    "46": 0.4013351659139996,
    "47": 0.3486583184257603,
    "48": 0.013671274961597542,
    "49": 0.3945465323058684,
    "50": 0.395733969263381,
    "51": 0.22229830677290838,
    "52": 0.17387000989772353,
    "53": 0.3446808510638298,
    "54": 0,
    "55": 0.4243801652892562,
    "56": 0.4065487571701721,
    "57": 0.5178389398572885,
    "58": 0.35462772153032884,
    "59": 0,
    "60": 0.331064275428721,
    "61": 0.37486749542256914,
    "62": 0.3378253402034615,
    "63": 0.4621066627271384,
    "64": 0.37479488021004265,
    "65": 0.07357367400173902,
    "66": 0.00028900854856864715,
    "67": 0.2075940971646493,
    "68": 0.1945937143787657,
    "69": 0.01412365286443562,
    "70": 0.32371830985915495,
    "71": 0,
    "72": 0.08311339537898782,
    "73": 0,
    "74": 0.32566619915848527,
    "75": 0.2497766432673899,
    "76": 0.3145949720670391,
    "78": 0.340749084764855,
    "79": 0.35066864784546803,
    "80": 0.32993087927985854,
    "81": 0.07400349372717167,
    "82": 0.3306884866517894,
    "83": 0.2737368451654166,
    "84": 0.28537098227696006,
    "85": 0,
    "86": 0.12868462757527735,
    "87": 0.43280377844568485,
    "88": 0.36471337579617835,
    "89": 0.21668704156479218,
    "90": 0.3079547878012369,
    "91": 0,
    "92": 0.391869560427454,
    "93": 0.0008643173409352824,
    "94": 0.40566615620214397,
    "95": 0.2664783427495292,
    "96": 0.40740126120146036,
    "97": 0,
    "98": 0.003260278934975548,
    "99": 0.36432949618777094,
    "100": 0.02537359900373599,
    "101": 0.37150916784203103,
    "102": 0.0020542533579141426,
    "103": 0.4278810408921933,
    "104": 0.27194148936170215,
    "105": 0,
    "106": 0.2086140254003313,
    "107": 0.26793267932679327,
    "108": 0.26216732833406853,
    "109": 0.3726547578923716,
    "110": 0.34990791896869244,
    "111": 7.419223207330192e-05,
    "112": 0.3164201183431953,
    "113": 0.36136868225153457,
    "114": 0.39826385576647905,
    "115": 0.3654530522857925,
    "116": 0.32950437786167563,
    "117": 0.43850063532401523,
    "118": 0.4169842963866443,
    "119": 0.11409578076244743,
    "120": 0.4027172519866701,
    "121": 0.08306329660833874,
    "122": 0.32555263564693154,
    "123": 0.31413359148112296,
    "124": 0.11942000651678071,
    "125": 0.4007470651013874,
    "126": 0.07881334805370561,
    "127": 0.32678896300788357,
    "128": 0.39292418772563176,
    "129": 0.3442791930496245,
    "130": 0.43779904306220097,
    "131": 0.8368117670443251,
    "132": 0.3915037676094791,
    "133": 0.3363307766904699,
    "134": 0.15889830508474576,
    "135": 0.0020598534561398346,
    "136": 0.004903883876029816,
    "137": 0,
    "138": 0.3681150550795594,
    "139": 0.24289813486370157,
    "140": 0.42162941600576787,
    "141": 0.3920301561658589,
    "142": 0.07835623678646934,
    "143": 0.0627601665065642,
    "144": 0,
    "145": 0.17799232578289392,
    "146": 0.00355792750722704,
    "147": 0.0425296442687747,
    "148": 0.0006079348716728782,
    "149": 0.15818206633001228,
    "150": 0.39091738931994524,
    "151": 0.11430323846908734,
    "152": 0.29262944847360434,
    "153": 0.259685946500434,
    "154": 0,
    "155": 0.33091142216048725,
    "156": 0.34649635693082664,
    "157": 0.0018447348193697155,
    "158": 0.1919157415314546,
    "159": 0,
    "160": 0.25655682582380634,
    "161": 0.022014051522248244,
    "162": 0.177812295618051,
    "163": 0.2673236352260285,
    "164": 0.2575836820083682,
    "165": 0.46604015378043573,
    "166": 0.4145991682202782,
    "167": 0,
    "168": 0.34376068376068375,
    "169": 0.07875601297684305,
    "170": 0.3654650788542002,
    "171": 0.3627341123739395,
    "172": 0.25631533101045295,
    "173": 0.40101289134438306,
    "174": 0,
    "175": 0.43283204852773915,
    "176": 0.39939265909691046,
    "177": 0.3367920449632512,
    "178": 0.36231884057971014,
    "179": 0.18304588350146436,
    "180": 0.43180964308077646,
    "181": 0.0856207111665627,
    "182": 0.10176730486008836,
    "183": 0,
    "184": 0.022456249032058232,
    "185": 0.2917647058823529,
    "186": 0.4404975481401746,
    "187": 0,
    "188": 0.28350983358547655,
    "189": 0.17362719716582642,
    "190": 0.41165728199665197,
    "191": 0.38224740321057604,
    "192": 0.36937745372966907,
    "193": 0.30633217470152635,
    "194": 0.46961566352429296,
    "195": 0.1051022050539192,
    "196": 0.3515683068232496
}