{
    "0": 0.005215080551403422,
    "1": 0.3992334717342702,
    "2": 0.3453898361198477,
    "3": 0.3048852266038846,
    "4": 0,
    "5": 0.19990942614996443,
    "6": 0.3749106504646176,
    "7": 0.3370810810810811,
    "8": 0.34799123447772096,
    "9": 0.1939252336448598,
    "10": 0.32700986127360854,
    "11": 0.1288337924701561,
    "12": 0.28743718592964823,
    "13": 0.3581470242150245,
    "14": 0.16456728590847303,
    "15": 0.24650504335515838,
    "16": 0,
    "17": 0.08229195593816532,
    "18": 0,
    "19": 0.2190082644628099,
    "20": 0.2790635331963185,
    "21": 0.28833953183110916,
    "22": 0.03457876773845878,
    "23": 0.2567455532107326,
    "24": 0,
    "25": 0,
    "26": 0.015912305516265914,
    "27": 0.3171589310829817,
    "28": 0.28563950444948527,
    "29": 0.27014467338886455,
    "30": 0.32314501071848417,
    "31": 0,
    "32": 0.07180993059263215,
    "33": 0,
    "34": 0.1797804208600183,
    "35": 0,
    "36": 0.009202250910294604,
    "37": 0.31061368209255535,
    "38": 0.28991563510210516,
    "39": 0.247203374289382,
    "40": 0.1356457980823463,
    "41": 0.21898235894445253,
    "42": 0.1417843733237976,
    "43": 0,
    "44": 0.271350479433641,
    "45": 0.3225550660792951,
    "46": 0.33880844319573516,
    "47": 0.30339495798319327,
    "48": 0.011450717871928124,
    "49": 0.30997086435739724,
    "50": 0.3063204825596643,
    "51": 0.17347378501316735,
    "52": 0.09669188006926091,
    "53": 0.2858903265557609,
    "54": 0,
    "55": 0.29006976143312374,
    "56": 0.3170176437108708,
    "57": 0.34498480243161095,
    "58": 0.3346779802476005,
    "59": 0,
    "60": 0.22423146473779385,
    "61": 0.3369108049311095,
    "62": 0.26958041958041956,
    "63": 0.30783078307830786,
    "64": 0.2672388497652582,
    "65": 0.10166140290347409,
    "66": 0.0003299241174529858,
    "67": 0.13442684766214177,
    "68": 0.12667660208643816,
    "69": 0.014277428278231384,
    "70": 0.3156401268569521,
    "71": 0,
    "72": 0.07458282246836101,
    "73": 0,
    "74": 0.20370838600927096,
    "75": 0.20916978564137462,
    "76": 0.27386654419001377,
    "77": 0.340749084764855,
    "79": 0.25301204819277107,
    "80": 0.3102705442564785,
    "81": 0.050552636347164344,
    "82": 0.3214942226890756,
    "83": 0.30549596485851466,
    "84": 0.18435803897143874,
    "85": 0,
    "86": 0.08818955264843106,
    "87": 0.2807337854286211,
    "88": 0.28868616250319723,
    "89": 0.14722649533978827,
    "90": 0.20142527771955565,
    "91": 0,
    "92": 0.3285983362109559,
    "93": 0.0009650180940892642,
    "94": 0.26926255854532094,
    "95": 0.1552939077691553,
    "96": 0.2265689418231791,
    "97": 0,
    "98": 0.0026324036352240675,
    "99": 0.21974855945521216,
    "100": 0.017738359201773836,
    "101": 0.36999406704242066,
    "102": 0.0020090406830738324,
    "103": 0.3205244495753278,
    "104": 0.15807019168441522,
    "105": 0,
    "106": 0.21351655416264867,
    "107": 0.25122984421973216,
    "108": 0.15891072044122717,
    "109": 0.3029827315541601,
    "110": 0.28878803160194993,
    "111": 0.0002306661816762334,
    "112": 0.21257030622265868,
    "113": 0.26438818565400846,
    "114": 0.37076674974343937,
    "115": 0.2625640135404913,
    "116": 0.3105590062111801,
    "117": 0.3337001608397528,
    "118": 0.2471355543803984,
    "119": 0.09735042735042736,
    "120": 0.2866837705867748,
    "121": 0.10732771249064098,
    "122": 0.3089801194066597,
    "123": 0.20814863717815713,
    "124": 0.06554121151936444,
    "125": 0.2829467244455774,
    "126": 0.10153638467472358,
    "127": 0.322384203727625,
    "128": 0.24753588103060695,
    "129": 0.228274391327528,
    "130": 0.30088346655448045,
    "131": 0.3213838726980154,
    "132": 0.3302859821847164,
    "133": 0.33036831132731065,
    "134": 0.09394686387291153,
    "135": 0.0021604938271604936,
    "136": 0.0076035483225505235,
    "137": 0,
    "138": 0.2586480186480187,
    "139": 0.18322453724403112,
    "140": 0.27287011173184356,
    "141": 0.334496373152144,
    "142": 0.10193808964041354,
    "143": 0.03895050040573438,
    "144": 0,
    "145": 0.16521447721179625,
    "146": 0.002877076889879882,
    "147": 0.02615604356364935,
    "148": 0.0014291738906330538,
    "149": 0.13062673130193905,
    "150": 0.3227589521749579,
    "151": 0.15350616638547632,
    "152": 0.18958212979010206,
    "153": 0.27450352338244716,
    "154": 0,
    "155": 0.3249274895262649,
    "156": 0.33518570624648286,
    "157": 0.0013130252100840337,
    "158": 0.23417721518987342,
    "159": 0,
    "160": 0.1427120834487215,
    "161": 0.014625066477574899,
    "162": 0.18990184127798806,
    "163": 0.1731226018636945,
    "164": 0.2851634534786253,
    "165": 0.3073162214073686,
    "166": 0.2785802360401621,
    "167": 0,
    "168": 0.18752904005203977,
    "169": 0.10176013920492571,
    "170": 0.2290097629009763,
    "171": 0.22879153517727863,
    "172": 0.285179317297998,
    "173": 0.24586055669918552,
    "174": 0,
    "175": 0.32528504359490273,
    "176": 0.26591791229663886,
    "177": 0.25049918315483755,
    "178": 0.2482433514186605,
    "179": 0.10467544257830232,
    "180": 0.32387687188019965,
    "181": 0.05917798363162155,
    "182": 0.07782581840642372,
    "183": 0,
    "184": 0.015912305516265914,
    "185": 0.17173187227120965,
    "186": 0.32581573896353166,
    "187": 0,
    "188": 0.17462699743974575,
    "189": 0.1908845185944636,
    "190": 0.2880850270371061,
    "191": 0.36709511568123393,
    "192": 0.32150900900900903,
    "193": 0.19377224199288257,
    "194": 0.3283230713509598,
    "195": 0.06842682258359219,
    "196": 0.24558529036956125
}