{
    "0": 0.004790285746114856,
    "1": 0.2589547301767319,
    "2": 0.28393398450656787,
    "3": 0.27556262230919765,
    "4": 0,
    "5": 0.1924972617743702,
    "6": 0.2616893548659846,
    "7": 0.2640357273058695,
    "8": 0.2654179990863408,
    "9": 0.2365097588978186,
    "10": 0.2830454705675009,
    "11": 0.20814568239671039,
    "12": 0.2639593908629442,
    "13": 0.20776711963762323,
    "14": 0.20797376596479117,
    "15": 0.2595943382460236,
    "16": 0,
    "17": 0.13649604660840617,
    "18": 0,
    "19": 0.23050039714058776,
    "20": 0.2936071738501591,
    "21": 0.20166907197088535,
    "22": 0.06523997506752545,
    "23": 0.1393769210336584,
    "24": 0,
    "25": 0,
    "26": 0.029477536084570034,
    "27": 0.2761250134249812,
    "28": 0.3267936417012745,
    "29": 0.2808720112517581,
    "30": 0.24514521395428768,
    "31": 0,
    "32": 0.11968962172647915,
    "33": 0,
    "34": 0.18744709154674083,
    "35": 0,
    "36": 0.011116204446481778,
    "37": 0.29800421470187183,
    "38": 0.2605333930972658,
    "39": 0.2927615669837176,
    "40": 0.21222513617107122,
    "41": 0.14177876705700185,
    "42": 0.16022746278641914,
    "43": 0,
    "44": 0.2852760736196319,
    "45": 0.27047835415877824,
    "46": 0.2583844212044717,
    "47": 0.23121435759812142,
    "48": 0.01852597664115989,
    "49": 0.24052016173095836,
    "50": 0.3139092637870144,
    "51": 0.12624277456647398,
    "52": 0.14816262705238467,
    "53": 0.2159359277133176,
    "54": 0,
    "55": 0.27369791666666665,
    "56": 0.24340239912758996,
    "57": 0.35693621710979473,
    "58": 0.23600503566932438,
    "59": 0,
    "60": 0.20457128425306226,
    "61": 0.23934513746774624,
    "62": 0.2939165123236928,
    "63": 0.34104554107482793,
    "64": 0.25514575279490126,
    "65": 0.05472341883044171,
    "66": 0.000284729276325915,
    "67": 0.2262819182063525,
    "68": 0.21781974953808253,
    "69": 0.016564952048823016,
    "70": 0.2870893995909036,
    "71": 0,
    "72": 0.04975684438040346,
    "73": 0,
    "74": 0.22802275960170698,
    "75": 0.23449863329017406,
    "76": 0.1903418252176717,
    "77": 0.35066864784546803,
    "78": 0.25301204819277107,
    "80": 0.2228104674028135,
    "81": 0.08609680741503604,
    "82": 0.22744729210753195,
    "83": 0.1885124375377519,
    "84": 0.2237909769555339,
    "85": 0,
    "86": 0.15318627450980393,
    "87": 0.2756712994197814,
    "88": 0.3242947137770474,
    "89": 0.1601010101010101,
    "90": 0.19088694946214735,
    "91": 0,
    "92": 0.2640525602252581,
    "93": 0.0008821995151738316,
    "94": 0.29767441860465116,
    "95": 0.19651320243737305,
    "96": 0.2764375413086583,
    "97": 0,
    "98": 0.0038939170700905074,
    "99": 0.2625893808002434,
    "100": 0.032053899550837074,
    "101": 0.2332844448278837,
    "102": 0.002292920607623961,
    "103": 0.26473935806965626,
    "104": 0.21732691595705295,
    "105": 0,
    "106": 0.2371753034851847,
    "107": 0.23206034889203206,
    "108": 0.1811448850486036,
    "109": 0.23321110529072814,
    "110": 0.27314989320266364,
    "111": 0.00015996687744655223,
    "112": 0.21342745569240013,
    "113": 0.24574427236656854,
    "114": 0.27424120333064733,
    "115": 0.22430881585811163,
    "116": 0.22279361718218257,
    "117": 0.3600207954250065,
    "118": 0.2638706858890345,
    "119": 0.13439135573189262,
    "120": 0.2421339011118997,
    "121": 0.07155031866014525,
    "122": 0.2222384144564267,
    "123": 0.30123641813413266,
    "124": 0.10202461294164351,
    "125": 0.26922087940344563,
    "126": 0.06826439608030242,
    "127": 0.20766438643026663,
    "128": 0.28300795372378884,
    "129": 0.24085957319803014,
    "130": 0.30334781497572194,
    "131": 0.34983592523897844,
    "132": 0.29280583252921627,
    "133": 0.20547058347495348,
    "134": 0.14883075703527546,
    "135": 0.0021265448269485623,
    "136": 0.009186046511627907,
    "137": 0,
    "138": 0.3091388980534477,
    "139": 0.16985718626557278,
    "140": 0.2904540981301842,
    "141": 0.33078014184397164,
    "142": 0.06703929539295393,
    "143": 0.07279933249895702,
    "144": 0,
    "145": 0.205181967949678,
    "146": 0.004697986577181208,
    "147": 0.0522713130056005,
    "148": 0.001434997378370174,
    "149": 0.1843660307276718,
    "150": 0.2542863266180883,
    "151": 0.08657192575406032,
    "152": 0.3176617432910339,
    "153": 0.20311135804428923,
    "154": 0,
    "155": 0.3333333333333333,
    "156": 0.21886698278013478,
    "157": 0.0026183282980866062,
    "158": 0.16463307840504407,
    "159": 0,
    "160": 0.1966019417475728,
    "161": 0.028536234859371793,
    "162": 0.16708052500886839,
    "163": 0.22812885055447985,
    "164": 0.1889327559857361,
    "165": 0.32212655459887934,
    "166": 0.2938428874734607,
    "167": 0,
    "168": 0.22093425605536332,
    "169": 0.06913846984837378,
    "170": 0.2921966311447233,
    "171": 0.2929466277672902,
    "172": 0.16885830784913353,
    "173": 0.26058437686344665,
    "174": 0,
    "175": 0.2747510251903925,
    "176": 0.23106702153399467,
    "177": 5.029637760702525,
    "178": 0.2800361336946703,
    "179": 0.135706340378198,
    "180": 0.2758460286079777,
    "181": 0.1066639577407558,
    "182": 0.12917298937784522,
    "183": 0,
    "184": 0.029692902176123654,
    "185": 0.18390634262003558,
    "186": 0.3051866984451254,
    "187": 0,
    "188": 0.22748267898383373,
    "189": 0.1050553928434993,
    "190": 0.31854522652453365,
    "191": 0.2563514467184192,
    "192": 0.225501402888912,
    "193": 0.20372938819540762,
    "194": 0.32644224053638776,
    "195": 0.134521536176533,
    "196": 0.2906105531643552
}