{
    "0": 0.004566134775154952,
    "1": 0.3748663101604278,
    "2": 0.38650306748466257,
    "3": 0.33162961069937813,
    "4": 0,
    "5": 0.23015188698016847,
    "6": 0.3778248587570621,
    "7": 0.43412202263195376,
    "9": 0.21240770754547092,
    "10": 0.34614093959731546,
    "11": 0.11986964946274441,
    "12": 0.31620149761742683,
    "13": 0.343988463618338,
    "14": 0.1906729092077481,
    "15": 0.27511230907457324,
    "16": 0,
    "17": 0.0848298889991878,
    "18": 0,
    "19": 0.2347013558079883,
    "20": 0.3022062134173796,
    "21": 0.3534361851332398,
    "22": 0.03251257152765736,
    "23": 0.28569767441860466,
    "24": 0,
    "25": 0,
    "26": 0.014339364970979856,
    "27": 0.33816120906801006,
    "28": 0.34141654465592974,
    "29": 0.30922535846334204,
    "30": 0.41430407499810995,
    "31": 0,
    "32": 0.06248937255568781,
    "33": 0,
    "34": 0.14857549857549857,
    "35": 0,
    "36": 0.0056457304163726185,
    "37": 0.29920557717250323,
    "38": 0.3569210106606229,
    "39": 0.28388794886256813,
    "40": 0.1323449154084046,
    "41": 0.21045936395759718,
    "42": 0.14245858761987795,
    "43": 0,
    "44": 0.28248688072578493,
    "45": 0.2962219993313273,
    "46": 0.40380355915374627,
    "47": 0.38134301270417426,
    "48": 0.008393387028401865,
    "49": 0.36131756756756755,
    "50": 0.2959330345818889,
    "51": 0.1889044604455613,
    "52": 0.1049654305468259,
    "53": 0.32387444514901714,
    "54": 0,
    "55": 0.3241792095766218,
    "56": 0.3578550481776288,
    "57": 0.41099773242630383,
    "58": 0.4021015243451236,
    "59": 0,
    "60": 0.2659121851599728,
    "61": 0.38979065533980584,
    "62": 0.252761968530298,
    "63": 0.3631569033716331,
    "64": 0.3185242121445042,
    "65": 0.10078644568774411,
    "66": 0.0002924297254815952,
    "67": 0.13000728332119446,
    "68": 0.12067109276870626,
    "69": 0.01228630142975821,
    "70": 0.27388535031847133,
    "71": 0,
    "72": 0.08113975576662144,
    "73": 0,
    "74": 0.21960057301761188,
    "75": 0.18063537675606642,
    "76": 0.3281735885564232,
    "77": 0.3748445719751315,
    "78": 0.34799123447772096,
    "79": 0.2654179990863408,
    "80": 0.39698666113760456,
    "81": 0.0468586387434555,
    "82": 0.3888189196753428,
    "83": 0.3677685950413223,
    "84": 0.19495635305528614,
    "85": 0,
    "86": 0.07888062964582422,
    "87": 0.3171448939582962,
    "88": 0.28104575163398693,
    "89": 0.13820078226857888,
    "90": 0.21469992314678962,
    "91": 0,
    "92": 0.3678940568475452,
    "93": 0.0008381985291437984,
    "94": 0.2799781480469817,
    "95": 0.16830717389376607,
    "96": 0.2733073040662794,
    "97": 0,
    "98": 0.0022022389429253073,
    "99": 0.22706896551724137,
    "100": 0.016274089935760173,
    "101": 0.3539398280802292,
    "102": 0.0016882154327596147,
    "103": 0.35725758728548485,
    "104": 0.1582318448353631,
    "105": 0,
    "106": 0.18673330304407088,
    "107": 0.23663066385669126,
    "108": 0.17331156556109298,
    "109": 0.36058804096465147,
    "110": 0.2915839947089947,
    "111": 6.187298360365934e-05,
    "112": 0.20976287674802396,
    "113": 0.3033356497567755,
    "114": 0.41265880217785844,
    "115": 0.29169974420040573,
    "116": 0.3985738022708391,
    "117": 0.3486347113027306,
    "118": 0.26835106382978724,
    "119": 0.07988691437802908,
    "120": 0.3277554853581491,
    "121": 0.09405831363278172,
    "122": 0.3975765735442612,
    "123": 0.20248197828269002,
    "124": 0.06822783695747865,
    "125": 0.3235835011822401,
    "126": 0.08813464410154305,
    "127": 0.396495867768595,
    "128": 0.2760407518004567,
    "129": 0.2447602131438721,
    "130": 0.3387473002159827,
    "131": 0.370428810098385,
    "132": 0.5123549232497192,
    "133": 0.36410876993166286,
    "134": 0.09711941496477303,
    "135": 0.0018583575174380123,
    "136": 0.004397025541545425,
    "137": 0,
    "138": 0.26382900651316393,
    "139": 0.16467192937781172,
    "140": 0.2983757062146893,
    "141": 0.31526227923732536,
    "142": 0.08916099243110552,
    "143": 0.03588495959683726,
    "144": 0,
    "145": 0.13694766530868066,
    "146": 0.0022379187355759146,
    "147": 0.02466367713004484,
    "148": 0.00046356387910254034,
    "149": 0.11250409701737135,
    "150": 0.3600263092986928,
    "151": 0.1688283457720455,
    "152": 0.18929308081755108,
    "153": 0.2501527183872938,
    "154": 0,
    "155": 0.34091275600709564,
    "156": 0.34974640743871516,
    "157": 0.0011858377096391666,
    "158": 0.21093825026409296,
    "159": 0,
    "160": 0.1540923639689072,
    "161": 0.013356164383561644,
    "162": 0.15936615050912817,
    "163": 0.19377639067376537,
    "164": 0.2677233274030945,
    "165": 0.3637195680029288,
    "166": 0.307114765820522,
    "167": 0,
    "168": 0.20927189456958595,
    "169": 0.08766653731729401,
    "170": 0.2645910692183186,
    "171": 0.26430336437939556,
    "172": 0.33461131009433487,
    "173": 0.27114810458698996,
    "174": 0,
    "175": 0.3666436344791847,
    "176": 0.293136679795525,
    "177": 0.2677436921401343,
    "178": 0.2911799871240688,
    "179": 0.10543526292532038,
    "180": 0.3605900409276944,
    "181": 0.0523230755969313,
    "182": 0.06687978463868091,
    "183": 0,
    "184": 0.014427181150759775,
    "185": 0.20157136621562635,
    "186": 0.404213241616509,
    "187": 0,
    "188": 0.18355590468709085,
    "189": 0.2112390194399518,
    "190": 0.29468554615667525,
    "191": 0.41241347836008213,
    "192": 0.3363884868949992,
    "193": 0.194005212858384,
    "194": 0.3495269286754003,
    "195": 0.06823821339950373,
    "196": 0.27372599704579026
}