{
    "0": 0.004651458144814338,
    "1": 0.33668940849175333,
    "2": 0.33629340841816474,
    "3": 0.31632348552670847,
    "4": 0,
    "5": 0.19693504117108876,
    "6": 0.33622119815668206,
    "7": 0.420198440822112,
    "8": 0.39698666113760456,
    "9": 0.18527172684103416,
    "10": 0.3186541675750309,
    "11": 0.09986130374479889,
    "12": 0.31448015122873346,
    "13": 0.3395456550507278,
    "14": 0.1573262839879154,
    "15": 0.2644009665601372,
    "16": 0,
    "17": 0.07019502754205746,
    "18": 0,
    "19": 0.2145242718446602,
    "20": 0.27267156862745096,
    "21": 0.3408449203558681,
    "22": 0.027295642779978393,
    "23": 0.30396162062891197,
    "24": 0,
    "25": 0,
    "26": 0.01157259495917643,
    "27": 0.3184554702096741,
    "28": 0.2916444105303319,
    "29": 0.28950233281493004,
    "30": 0.5005276647067692,
    "31": 0,
    "32": 0.05150336045277679,
    "33": 0,
    "34": 0.13408544479378584,
    "35": 0,
    "36": 0.005579734404642339,
    "37": 0.2680025046963056,
    "38": 0.3464397205292106,
    "39": 0.24357472072494338,
    "40": 0.10678307588985897,
    "41": 0.2144901723808918,
    "42": 0.12603441962651044,
    "43": 0,
    "44": 0.24588815789473684,
    "45": 0.2609282820385244,
    "46": 0.3922792100932529,
    "47": 0.458963282937365,
    "48": 0.007927519818799546,
    "49": 0.35410254485398995,
    "50": 0.25480974775545107,
    "51": 0.1794770206022187,
    "52": 0.08792514480914897,
    "53": 0.3095054906623767,
    "54": 0,
    "55": 0.29883315653886955,
    "56": 0.36657559198542805,
    "57": 0.3429929111163044,
    "58": 0.380391123987621,
    "59": 0,
    "60": 0.2537202931813134,
    "61": 0.3917938799475029,
    "62": 0.23195913375062954,
    "63": 0.32197059992054033,
    "64": 0.2707369518472666,
    "65": 0.10906103714907878,
    "66": 0.00030185424752048295,
    "67": 0.10857314599143436,
    "68": 0.10235810458974931,
    "69": 0.011664815108712904,
    "70": 0.2439740936102023,
    "71": 0,
    "72": 0.08107729275130156,
    "73": 0,
    "74": 0.18213082537900055,
    "75": 0.1644191936477514,
    "76": 0.36151832460732986,
    "77": 0.32993087927985854,
    "78": 0.3102705442564785,
    "79": 0.2228104674028135,
    "81": 0.03784759841097869,
    "82": 0.44023027429732475,
    "83": 0.38152548475029574,
    "84": 0.17568978374347502,
    "85": 0,
    "86": 0.06440874222029237,
    "87": 0.2985109173674871,
    "88": 0.2531914893617021,
    "89": 0.12661764705882353,
    "90": 0.18986576369573105,
    "91": 0,
    "92": 0.3653776391206559,
    "93": 0.0009101724310920636,
    "94": 0.24980766271734112,
    "95": 0.16291451171280802,
    "96": 0.23286052009456265,
    "97": 0,
    "98": 0.0020318682493850925,
    "99": 0.1896836214936509,
    "100": 0.013245976356644353,
    "101": 0.33522473700988203,
    "102": 0.0016140535265192749,
    "103": 0.339513497478493,
    "104": 0.14231585328887542,
    "105": 0,
    "106": 0.16535739790949816,
    "107": 0.22193028551410054,
    "108": 0.1746613784329866,
    "109": 0.347978653410337,
    "110": 0.2648460280207667,
    "111": 8.658908284843447e-05,
    "112": 0.20139513951395138,
    "113": 0.28799214085997127,
    "114": 0.36113097172570685,
    "115": 0.28127404216033236,
    "116": 12.597594819611471,
    "117": 0.29877527769866136,
    "118": 0.23784188834769576,
    "119": 0.06910873561653162,
    "120": 0.3146067415730337,
    "121": 0.09360920085368746,
    "122": 0.47928475033738194,
    "123": 0.16621641903046674,
    "124": 0.05910355939651384,
    "125": 0.28996865203761757,
    "126": 0.08917832731966323,
    "127": 0.38183558693311,
    "128": 0.25298849710548077,
    "129": 0.22482382359627187,
    "130": 0.3207447610432685,
    "131": 0.3093139133767727,
    "132": 0.3533470868606388,
    "133": 0.36601859678782755,
    "134": 0.0815241470979176,
    "135": 0.00204243458202177,
    "136": 0.004381037968995732,
    "137": 0,
    "138": 0.2354169890143896,
    "139": 0.15479651162790697,
    "140": 0.26989984185556143,
    "141": 0.2762767220902613,
    "142": 0.08930741190765493,
    "143": 0.030469314079422383,
    "144": 0,
    "145": 0.12067471164744316,
    "146": 0.0024035572647518326,
    "147": 0.020793002079300207,
    "148": 0.0007256415330826572,
    "149": 0.09921761406909922,
    "150": 0.3456843940714908,
    "151": 0.1746506519605552,
    "152": 0.15130926024887395,
    "153": 0.23241007781465964,
    "154": 0,
    "155": 0.2727151700725554,
    "156": 0.3369146179611957,
    "157": 0.0010590976488032196,
    "158": 0.20610450991651574,
    "159": 0,
    "160": 0.1321699544764795,
    "161": 0.010530060476698683,
    "162": 0.14967845659163986,
    "163": 0.16805566174784006,
    "164": 0.2656405163853029,
    "165": 0.3329933307179286,
    "166": 0.2806024925453016,
    "167": 0,
    "168": 0.19072002520876005,
    "169": 0.08827552664376691,
    "170": 0.22360150848522942,
    "171": 0.2237657954634644,
    "172": 0.3339136162604686,
    "173": 0.2511224647778294,
    "174": 0,
    "175": 0.33539447217462565,
    "176": 0.2946841869493803,
    "177": 0.22803837147820832,
    "178": 0.2601802921976997,
    "179": 0.09613956941351151,
    "180": 0.3339498409410372,
    "181": 0.042936882782310004,
    "182": 0.057527108857907336,
    "183": 0,
    "184": 0.01157259495917643,
    "185": 0.17685076380728554,
    "186": 0.37390719569603226,
    "187": 0,
    "188": 0.14780733285406183,
    "189": 0.22069239223348394,
    "190": 0.2538951569575562,
    "191": 0.36803267887732244,
    "192": 0.3312997918610493,
    "193": 0.18144651750538912,
    "194": 0.31931136558385914,
    "195": 0.05359877488514548,
    "196": 0.25060846353144384
}