{
    "0": 0.002082248828735034,
    "1": 0.05028815765012084,
    "2": 0.05705465355591127,
    "3": 0.060405351702212215,
    "4": 0,
    "5": 0.0424962852897474,
    "6": 0.04859233338635279,
    "7": 0.046242271183488635,
    "8": 0.0468586387434555,
    "9": 0.08190709046454768,
    "10": 0.057814796668299855,
    "11": 0.13597972972972974,
    "12": 0.057692307692307696,
    "13": 0.03499842915488533,
    "14": 0.08625257580217839,
    "15": 0.07040176925912274,
    "16": 0,
    "17": 0.13958192852326365,
    "18": 0,
    "19": 0.08845789971617786,
    "20": 0.07102993404363267,
    "21": 0.03258189503346249,
    "22": 0.16593886462882096,
    "23": 0.02188230295304865,
    "24": 0,
    "25": 0,
    "26": 0.09090909090909091,
    "27": 0.05367965367965368,
    "28": 0.07145085803432137,
    "29": 0.06818557041439656,
    "30": 0.04258662035888531,
    "31": 0,
    "32": 0.1354044548651817,
    "33": 0,
    "34": 0.0624803273528486,
    "35": 0,
    "36": 0.006466910972192283,
    "37": 0.06020196789228379,
    "38": 0.05375962107756069,
    "39": 0.08164111065064235,
    "40": 0.15498154981549817,
    "41": 0.0420863309352518,
    "42": 0.08615188257817485,
    "43": 0,
    "44": 0.07663782447466007,
    "45": 0.06412429378531073,
    "46": 0.04591527332582518,
    "47": 0.0414584186808685,
    "48": 0.030857142857142857,
    "49": 0.055079704972638595,
    "50": 0.0737620103473762,
    "51": 0.027131548734062483,
    "52": 0.1128622267412303,
    "53": 0.04813979706877114,
    "54": 0,
    "55": 0.06637102734663711,
    "56": 0.05468473777253978,
    "57": 0.06689655172413793,
    "58": 0.04439175931981688,
    "59": 0,
    "60": 0.05610772683552421,
    "61": 0.043867345148271626,
    "62": 0.07470119521912351,
    "63": 0.07302839116719242,
    "64": 0.051044583243592505,
    "65": 0.008608631520052899,
    "66": 0.0001510778209807336,
    "67": 0.16095238095238096,
    "68": 0.13519706691109074,
    "69": 0.008551928295370447,
    "70": 0.07485729112610275,
    "71": 0,
    "72": 0.010270604112816524,
    "73": 0,
    "74": 0.07405993510211872,
    "75": 0.07796217676572752,
    "76": 0.03838130997079683,
    "77": 0.07400349372717167,
    "78": 0.050552636347164344,
    "79": 0.08609680741503604,
    "80": 0.03784759841097869,
    "82": 0.040717840446388175,
    "83": 0.030093533956893046,
    "84": 0.07798277982779828,
    "85": 0,
    "86": 0.18439269981120202,
    "87": 0.06950532247964934,
    "88": 0.07183613752743233,
    "89": 0.08234158893534899,
    "90": 0.04832496790008171,
    "91": 0,
    "92": 0.05254237288135593,
    "93": 0.0004197720558534441,
    "94": 0.0845694471200154,
    "95": 0.08185776487663281,
    "96": 0.081554706807459,
    "97": 0,
    "98": 0.004142346074185652,
    "99": 0.07465346534653465,
    "100": 0.09199522102747909,
    "101": 0.0448575814429473,
    "102": 0.0015078407720144752,
    "103": 0.059216114549205195,
    "104": 0.10283566791937138,
    "105": 0,
    "106": 0.07568359375,
    "107": 0.04936831875607386,
    "108": 0.06888888888888889,
    "109": 0.0509467989179441,
    "110": 0.06688166012338755,
    "111": 6.857971412056313e-05,
    "112": 0.07045601901880268,
    "113": 0.06251892219194671,
    "114": 0.04757915898810521,
    "115": 0.06330770489121544,
    "116": 0.03800028897558156,
    "117": 0.06678405232046283,
    "118": 0.06917211328976035,
    "119": 0.09074605451936872,
    "120": 0.05923438549361988,
    "121": 0.019144539322337895,
    "122": 0.03747847054770927,
    "123": 0.11953102659422361,
    "124": 0.11133200795228629,
    "125": 0.06360064037258041,
    "126": 0.01849410669975186,
    "127": 0.03742384682332463,
    "128": 0.07341200971884762,
    "129": 0.07703194500606551,
    "130": 0.0621887198815453,
    "131": 0.07062314540059347,
    "132": 0.05550883095037847,
    "133": 0.04280315478146566,
    "134": 0.11528291909042834,
    "135": 0.0014496853122127147,
    "136": 0.005571651437486071,
    "137": 0,
    "138": 0.086710056686962,
    "139": 0.07276351856466484,
    "140": 0.07423152387181164,
    "141": 0.07682832948421862,
    "142": 0.017584828220641828,
    "143": 0.2084726867335563,
    "144": 0,
    "145": 0.08566275924256087,
    "146": 0.006758832565284178,
    "147": 0.14335664335664336,
    "148": 0.0004362457933441356,
    "149": 0.09674447174447175,
    "150": 0.05171834769954103,
    "151": 0.014583284954601398,
    "152": 0.12672176308539945,
    "153": 0.04568979459809154,
    "154": 0,
    "155": 0.0641705069124424,
    "156": 0.044703919933277735,
    "157": 0.0079155672823219,
    "158": 0.030731372324596544,
    "159": 0,
    "160": 0.09642988590357011,
    "161": 0.11052631578947368,
    "162": 0.04512944494812129,
    "163": 0.09101516919486581,
    "164": 0.03732954896032579,
    "165": 0.06659895531050493,
    "166": 0.07287913527677695,
    "167": 0,
    "168": 0.09179856115107914,
    "169": 0.01896707447245258,
    "170": 0.09024332624616112,
    "171": 0.08947862846406764,
    "172": 0.027393324074517503,
    "173": 0.07517785041338204,
    "174": 0,
    "175": 0.062187812187812185,
    "176": 0.0570902394106814,
    "177": 0.08306772908366535,
    "178": 0.07792207792207792,
    "179": 0.09472259810554803,
    "180": 0.058261933904528766,
    "181": 0.14708056171470807,
    "182": 0.11903540277065161,
    "183": 0,
    "184": 0.09090909090909091,
    "185": 0.07037121384650422,
    "186": 0.05488755288354487,
    "187": 0,
    "188": 0.0864575363427697,
    "189": 0.017552458263133713,
    "190": 0.08898144642180993,
    "191": 0.04807936911727296,
    "192": 0.05089346301741687,
    "193": 0.07652582159624413,
    "194": 0.07198677487225728,
    "195": 0.20287539936102236,
    "196": 0.07672064777327935
}