{
    "0": 0.004611689351481185,
    "1": 0.34031556039173017,
    "2": 0.3464071856287425,
    "3": 0.30800696916900233,
    "4": 0,
    "5": 0.19142144059434674,
    "6": 0.3379839115133233,
    "7": 0.4017597388774569,
    "8": 0.3888189196753428,
    "9": 0.19428256418333595,
    "10": 0.31431535269709543,
    "11": 0.10294564227148496,
    "12": 0.3030604437643458,
    "13": 0.3209598594256219,
    "14": 0.15721749980503782,
    "15": 0.26480500722195477,
    "16": 0,
    "17": 0.07382080969772321,
    "18": 0,
    "19": 0.21632685824369882,
    "20": 0.25824897612240166,
    "21": 0.3226182898366221,
    "22": 0.027316270019458164,
    "23": 0.2907610725222197,
    "24": 0,
    "25": 0,
    "26": 0.011816838995568686,
    "27": 0.3031145717463849,
    "28": 0.29319824065347155,
    "29": 0.29947389720760825,
    "30": 0.4658542022739095,
    "31": 0,
    "32": 0.055966287150672776,
    "33": 0,
    "34": 0.13863723363531963,
    "35": 0,
    "36": 0.005058924978442081,
    "37": 0.28219476744186045,
    "38": 0.3373521211664532,
    "39": 0.25490035935968636,
    "40": 0.11107654013690106,
    "41": 0.21167835801506885,
    "42": 0.12551035838499924,
    "43": 0,
    "44": 0.24586760974859692,
    "45": 0.2635431918008785,
    "46": 0.3989695814806973,
    "47": 0.4472442088446736,
    "48": 0.007576314821625598,
    "49": 0.3579598145285935,
    "50": 0.272210163909887,
    "51": 0.17727739802528705,
    "52": 0.08758169934640522,
    "53": 0.31468128064609174,
    "54": 0,
    "55": 0.2892612806518564,
    "56": 0.3561275451402228,
    "57": 0.3454385121051788,
    "58": 0.3865944482058226,
    "59": 0,
    "60": 0.25587606837606836,
    "61": 0.4062544828575527,
    "62": 0.23965027649080856,
    "63": 0.32451686865378315,
    "64": 0.26287638668779717,
    "65": 0.1044519656339495,
    "66": 0.0003102744124629294,
    "67": 0.1113455227379278,
    "68": 0.10132226322263223,
    "69": 0.011386198792495644,
    "70": 0.2525623268698061,
    "71": 0,
    "72": 0.07977489561691914,
    "73": 0,
    "74": 0.18465888494163707,
    "75": 0.17029140014214642,
    "76": 0.36193406005483847,
    "77": 0.3306884866517894,
    "78": 0.3214942226890756,
    "79": 0.22744729210753195,
    "80": 0.44023027429732475,
    "81": 0.040717840446388175,
    "83": 0.3792492179353493,
    "84": 0.1775275699853474,
    "85": 0,
    "86": 0.0693151721528566,
    "87": 0.2866625019522099,
    "88": 0.24922140942999926,
    "89": 0.13400476666410394,
    "90": 0.1902783805567611,
    "91": 0,
    "92": 0.36760982874162323,
    "93": 0.00089215693328249,
    "94": 0.24377601507892876,
    "95": 0.1667588277115096,
    "96": 0.23304361952725205,
    "97": 0,
    "98": 0.0021488787261006114,
    "99": 0.19769874476987448,
    "100": 0.013939349002743382,
    "101": 0.32848837209302323,
    "102": 0.0017250632523192516,
    "103": 0.3303511014209458,
    "104": 0.14413636006598068,
    "105": 0,
    "106": 0.17049885706602125,
    "107": 0.2182153041825095,
    "108": 0.17751937984496124,
    "109": 0.34913017396520696,
    "110": 0.27645228215767637,
    "111": 8.700418490129375e-05,
    "112": 0.1904146063141879,
    "113": 0.27697841726618705,
    "114": 0.3583432579065767,
    "115": 0.28340337800333043,
    "116": 0.44275431210104577,
    "117": 0.30112014056665937,
    "118": 0.24343638340842008,
    "119": 0.07285613040396882,
    "120": 0.3075809523809524,
    "121": 0.09081934846989141,
    "122": 0.47363742050194896,
    "123": 0.17285881892843175,
    "124": 0.05970943941583631,
    "125": 0.27841123612474517,
    "126": 0.08592640795078088,
    "127": 0.3741915986702931,
    "128": 0.24888512994002768,
    "129": 0.2235202492211838,
    "130": 0.3100526677352874,
    "131": 0.31512605042016806,
    "132": 0.35186800407035906,
    "133": 0.3672207446808511,
    "134": 0.08498191055346009,
    "135": 0.0020209398587776968,
    "136": 0.003995136355740838,
    "137": 0,
    "138": 0.23885375810453854,
    "139": 0.15885947046843177,
    "140": 0.26159853008727607,
    "141": 0.2864756314204063,
    "142": 0.08644450012528189,
    "143": 0.03141203877658375,
    "144": 0,
    "145": 0.1252768549280177,
    "146": 0.002610803754584447,
    "147": 0.021025946913212048,
    "148": 0.000533997864008544,
    "149": 0.10428385980095196,
    "150": 0.35210317162780236,
    "151": 0.16447077959800163,
    "152": 0.15471847739888978,
    "153": 0.2373601789709172,
    "154": 0,
    "155": 0.2757015742642026,
    "156": 0.3371207230471272,
    "157": 0.001028353165858675,
    "158": 0.20221705703558018,
    "159": 0,
    "160": 0.13935401952226015,
    "161": 0.010657193605683837,
    "162": 0.15257504819608922,
    "163": 0.17340442463791184,
    "164": 0.2656858284038627,
    "165": 0.33516394766596674,
    "166": 0.27633635511097215,
    "167": 0,
    "168": 0.18904665314401622,
    "169": 0.08489698307579102,
    "170": 0.23698754433721025,
    "171": 0.23738872403560832,
    "172": 0.3091119870159981,
    "173": 0.251854214849669,
    "174": 0,
    "175": 0.3352168601099572,
    "176": 0.2851950018932223,
    "177": 0.23205629397967162,
    "178": 0.2695701449040719,
    "179": 0.09135971936246473,
    "180": 0.33627376425855515,
    "181": 0.04689954372054753,
    "182": 0.06132941608520015,
    "183": 0,
    "184": 0.011892450879007239,
    "185": 0.16536429262484184,
    "186": 0.38349063902212593,
    "187": 0,
    "188": 0.1542955583851397,
    "189": 0.208797885591032,
    "190": 0.25866179275270185,
    "191": 0.3541018340727008,
    "192": 0.32232727272727274,
    "193": 0.17517084282460138,
    "194": 0.31234137055837563,
    "195": 0.0576219512195122,
    "196": 0.24268117101263798
}