{
    "0": 0.004541892793917056,
    "1": 0.32512419405982457,
    "2": 0.31069798508293445,
    "3": 0.2586498120198333,
    "4": 0,
    "5": 0.18575109624338865,
    "6": 0.3472576856296599,
    "7": 0.37852858636438674,
    "8": 0.3677685950413223,
    "9": 0.15146773149147422,
    "10": 0.2677840051735288,
    "11": 0.08407218107854386,
    "12": 0.23624197002141328,
    "13": 0.3303689515209559,
    "14": 0.12062463483295267,
    "15": 0.20194313316500165,
    "16": 0,
    "17": 0.052202791759638836,
    "18": 0,
    "19": 0.16439402203556233,
    "20": 0.20596337708637175,
    "21": 0.3581031644411926,
    "22": 0.020721722430001012,
    "23": 0.362833733578189,
    "24": 0,
    "25": 0,
    "26": 0.009655793476085651,
    "27": 0.2812302173454315,
    "28": 0.2521117242932763,
    "29": 0.23422214768852367,
    "30": 0.3739448357438572,
    "31": 0,
    "32": 0.043579138504993446,
    "33": 0,
    "34": 0.11868121619100915,
    "35": 0,
    "36": 0.004397905759162304,
    "37": 0.24989302524604193,
    "38": 0.28758563990134284,
    "39": 0.19824600603284548,
    "40": 0.08458705944239873,
    "41": 0.1770505858816805,
    "42": 0.0946977511863008,
    "43": 0,
    "44": 0.2118099423235375,
    "45": 0.2240266610241219,
    "46": 0.38216314599305057,
    "47": 0.35576670691374873,
    "48": 0.005725665919840677,
    "49": 0.30056868867082964,
    "50": 0.2393921237540171,
    "51": 0.17511638989699035,
    "52": 0.063026295397014,
    "53": 0.26977998730696,
    "54": 0,
    "55": 0.23299550159882934,
    "56": 0.29762366365700993,
    "57": 0.29574541681079214,
    "58": 0.37546846557447267,
    "59": 0,
    "60": 0.20385026737967915,
    "61": 0.3649178186567976,
    "62": 0.20227418321588725,
    "63": 0.28379014233619576,
    "64": 0.25078576498022914,
    "65": 0.1437491903096256,
    "66": 0.000323930168926137,
    "67": 0.08729065083739665,
    "68": 0.08078213461941706,
    "69": 0.009596559360657316,
    "70": 0.23762272822226865,
    "71": 0,
    "72": 0.0871759114846144,
    "73": 0,
    "74": 0.1580910928027359,
    "75": 0.1370117481674867,
    "76": 0.31464756042181746,
    "77": 0.2737368451654166,
    "78": 0.30549596485851466,
    "79": 0.1885124375377519,
    "80": 0.38152548475029574,
    "81": 0.030093533956893046,
    "82": 0.3792492179353493,
    "84": 0.1321854165572996,
    "85": 0,
    "86": 0.05276111367481926,
    "87": 0.22231252709146077,
    "88": 0.2263818424566088,
    "89": 0.09730515603094657,
    "90": 0.1701671866995762,
    "91": 0,
    "92": 0.3158585969136478,
    "93": 0.0008797553180521667,
    "94": 0.1886057458204837,
    "95": 0.122240544709825,
    "96": 0.1786483947615627,
    "97": 0,
    "98": 0.0015813161415886145,
    "99": 0.1623369793857804,
    "100": 0.01011365343213338,
    "101": 0.31164832946401533,
    "102": 0.0015034364261168386,
    "103": 0.2807774198831686,
    "104": 0.10895562051554611,
    "105": 0,
    "106": 0.15288195815238848,
    "107": 0.21092374687297322,
    "108": 0.1313545942532365,
    "109": 0.2894423389279913,
    "110": 0.23040518983303201,
    "111": 8.233773291286197e-05,
    "112": 0.14632356794717258,
    "113": 0.22348116974209561,
    "114": 0.3667093880166613,
    "115": 0.22095384446517755,
    "116": 0.3864294580057923,
    "117": 0.2850666224360038,
    "118": 0.19205869659041863,
    "119": 0.05796103129305255,
    "120": 0.250582308650669,
    "121": 0.10092198396322512,
    "122": 0.39417326859187324,
    "123": 0.14206052731308538,
    "124": 0.04025650160313502,
    "125": 0.23093916698097958,
    "126": 0.09515945918051398,
    "127": 0.3890923686719181,
    "128": 0.19317333333333334,
    "129": 0.17391771404017617,
    "130": 0.2503922523399881,
    "131": 0.27145299145299145,
    "132": 0.319400372031951,
    "133": 0.34904677570580267,
    "134": 0.06341792516477243,
    "135": 0.0018075581150952121,
    "136": 0.0031125131440588854,
    "137": 0,
    "138": 0.18107444777747478,
    "139": 0.11917178706046368,
    "140": 0.21401535633178329,
    "141": 0.2523652242064603,
    "142": 0.09800595018563596,
    "143": 0.022776737358910767,
    "144": 0,
    "145": 0.10475300137768156,
    "146": 0.0017695200176952002,
    "147": 0.01596494762288477,
    "148": 0.0004469490866692577,
    "149": 0.08197459237771332,
    "150": 0.29564129074386464,
    "151": 0.22242634551268967,
    "152": 0.12761665939816833,
    "153": 0.23129614802953474,
    "154": 0,
    "155": 0.3005926251097454,
    "156": 0.3156862745098039,
    "157": 0.0008448464367359109,
    "158": 0.21801181102362205,
    "159": 0,
    "160": 0.10155793055777104,
    "161": 0.007799220077992201,
    "162": 0.1449126851970454,
    "163": 0.13496965756393584,
    "164": 0.2782406428420385,
    "165": 0.28683022798287233,
    "166": 0.2194044502617801,
    "167": 0,
    "168": 0.14068378864714542,
    "169": 0.09345272891534251,
    "170": 0.17599112836151926,
    "171": 0.17659126192060323,
    "172": 0.34405446170152054,
    "173": 0.1945463505448174,
    "174": 0,
    "175": 0.274582560296846,
    "176": 0.22234003074802525,
    "177": 0.19279754062362758,
    "178": 0.21125661744218446,
    "179": 0.06898155324755852,
    "180": 0.2785667467773651,
    "181": 0.03611829757013139,
    "182": 0.04746597016424733,
    "183": 0,
    "184": 0.009655793476085651,
    "185": 0.1323552283685002,
    "186": 0.36203453541642194,
    "187": 0,
    "188": 0.1267311209824928,
    "189": 0.25714041632257884,
    "190": 0.21395115423218466,
    "191": 0.3493139883299164,
    "192": 0.27221633085896074,
    "193": 0.13540794979079498,
    "194": 0.25194964349376114,
    "195": 0.04371078885117762,
    "196": 0.1865557258594263
}