{
    "0": 0.004364996882145084,
    "1": 0.20461984475825307,
    "2": 0.24617508340043714,
    "3": 0.23263975933817999,
    "4": 0,
    "5": 0.12343942324599964,
    "6": 0.18643657769534716,
    "7": 0.1980881571959639,
    "8": 0.19495635305528614,
    "9": 0.22852453036658762,
    "10": 0.25088253195374316,
    "11": 0.15023963325692852,
    "12": 0.2408930669800235,
    "13": 0.16664472818217718,
    "14": 0.22062350119904076,
    "15": 0.27166967065377684,
    "16": 0,
    "17": 0.16502335236118318,
    "18": 0,
    "19": 0.28576900976824365,
    "20": 0.2536997885835095,
    "21": 0.1351560178306092,
    "22": 0.06273716164938022,
    "23": 0.10059128135443829,
    "24": 0,
    "25": 0,
    "26": 0.03124212648022172,
    "27": 0.1988370885681653,
    "28": 0.22383760800987518,
    "29": 0.2619047619047619,
    "30": 0.19500170010200613,
    "31": 0,
    "32": 0.1114887831407206,
    "33": 0,
    "34": 0.16272831779282157,
    "35": 0,
    "36": 0.008726899383983572,
    "37": 0.20272028385570667,
    "38": 0.22829358647835146,
    "39": 0.2543934482170278,
    "40": 0.1929664306919388,
    "41": 0.17608815426997246,
    "42": 0.20309635363617845,
    "43": 0,
    "44": 0.23185362927414518,
    "45": 0.24294608557424824,
    "46": 0.19341275402943237,
    "47": 0.18593593593593594,
    "48": 0.019490254872563718,
    "49": 0.2458140363377271,
    "50": 0.21099611901681758,
    "51": 0.09874898644735318,
    "52": 0.18513119533527697,
    "53": 0.2166648223968131,
    "54": 0,
    "55": 0.24787146388354847,
    "56": 0.25214183722037126,
    "57": 0.23231418702827172,
    "58": 0.20538835365333788,
    "59": 0,
    "60": 0.2437454279444038,
    "61": 0.2069121505473627,
    "62": 0.26603289572959105,
    "63": 0.2510376413339058,
    "64": 0.16536522684590294,
    "65": 0.03663773648169403,
    "66": 0.0002791606569580794,
    "67": 0.1791449898213074,
    "68": 0.1581487168238649,
    "69": 0.015534108937070332,
    "70": 0.20092753623188406,
    "71": 0,
    "72": 0.03875951533714698,
    "73": 0,
    "74": 0.18110816386678455,
    "75": 0.2099183736331434,
    "76": 0.1899589462880602,
    "77": 0.28537098227696006,
    "78": 0.18435803897143874,
    "79": 0.2237909769555339,
    "80": 0.17568978374347502,
    "81": 0.07798277982779828,
    "82": 0.1775275699853474,
    "83": 0.1321854165572996,
    "85": 0,
    "86": 0.11830663615560641,
    "87": 0.2534786974609095,
    "88": 0.19576719576719576,
    "89": 0.20706028075970273,
    "90": 0.14107251675807433,
    "91": 0,
    "92": 0.21877301904661686,
    "93": 0.0008037963921908089,
    "94": 0.2608837970540098,
    "95": 0.246493399339934,
    "96": 0.29331823329558326,
    "97": 0,
    "98": 0.0042293233082706765,
    "99": 0.20142879329088367,
    "100": 0.028557114228456915,
    "101": 0.19061178703943393,
    "102": 0.002248010207181481,
    "103": 0.24207011686143573,
    "104": 0.2204690831556503,
    "105": 0,
    "106": 0.17225629648962548,
    "107": 0.13991370960641014,
    "108": 0.23065448443035613,
    "109": 0.23967694232738027,
    "110": 0.22783995883185384,
    "111": 9.49721731532661e-05,
    "112": 0.25026455026455025,
    "113": 0.24106770471291533,
    "114": 0.18264801942885855,
    "115": 0.2731580556404769,
    "116": 0.17567668331966296,
    "117": 0.19572630143214367,
    "118": 0.29756507136859783,
    "119": 0.12854114472923492,
    "120": 0.2626715945089757,
    "121": 0.054692724975849004,
    "122": 0.16770670826833073,
    "123": 0.1909722222222222,
    "124": 0.14001009081735621,
    "125": 0.2485675306957708,
    "126": 0.05224953019639633,
    "127": 0.16478212906784334,
    "128": 0.23465272591486183,
    "129": 0.2616328617692177,
    "130": 0.2332236009116232,
    "131": 0.2424201223657376,
    "132": 0.19773439870537068,
    "133": 0.20540540540540542,
    "134": 0.16205910390848427,
    "135": 0.0021297561905972854,
    "136": 0.007183908045977011,
    "137": 0,
    "138": 0.2901433691756272,
    "139": 0.21877296105804556,
    "140": 0.2413593637020969,
    "141": 0.22270153680237262,
    "142": 0.05049820375516844,
    "143": 0.06646525679758308,
    "144": 0,
    "145": 0.17088708393056218,
    "146": 0.004326328800988875,
    "147": 0.05141257317383558,
    "148": 0.0006798674258519589,
    "149": 0.18400307633147472,
    "150": 0.22570984915705414,
    "151": 0.06166131166131166,
    "152": 0.2007753519689859,
    "153": 0.16649398262532877,
    "154": 0,
    "155": 0.16006082108464267,
    "156": 0.19530516431924883,
    "157": 0.0027659039476992707,
    "158": 0.12653202140514413,
    "159": 0,
    "160": 0.256902199344876,
    "161": 0.030635690579525147,
    "162": 0.13919213973799127,
    "163": 0.2406917599186165,
    "164": 0.16780954845387502,
    "165": 0.2378024328298356,
    "166": 0.25305641478862867,
    "167": 0,
    "168": 0.28641816623821764,
    "169": 0.052603015854556734,
    "170": 0.2650669642857143,
    "171": 0.26365487872616183,
    "172": 0.1277717013025753,
    "173": 0.2658796142334553,
    "174": 0,
    "175": 0.24473395835869963,
    "176": 0.23861517976031957,
    "177": 0.21440931256882176,
    "178": 0.2520064205457464,
    "179": 0.1836829836829837,
    "180": 0.24412579828895048,
    "181": 0.08533145275035262,
    "182": 0.11782742006132282,
    "183": 0,
    "184": 0.03124212648022172,
    "185": 0.20194274028629858,
    "186": 0.21219643820831086,
    "187": 0,
    "188": 0.1697467488021903,
    "189": 0.07800399700224832,
    "190": 0.24079009249098604,
    "191": 0.1901913875598086,
    "192": 0.21813752629830582,
    "193": 0.24646983311938384,
    "194": 0.26269874771352186,
    "195": 0.10268180719980671,
    "196": 0.26731992435963553
}