{
    "0": 0.003444794203242858,
    "1": 0.08670844635674867,
    "2": 0.09674471730439749,
    "3": 0.10766374966852293,
    "4": 0,
    "5": 0.0741725768321513,
    "6": 0.0883713381481782,
    "7": 0.07910839160839161,
    "8": 0.07888062964582422,
    "9": 0.11975504649580404,
    "10": 0.09886488465763457,
    "11": 0.19166356531447712,
    "12": 0.09427609427609428,
    "13": 0.062412787010021564,
    "14": 0.12774504552758437,
    "15": 0.10899134428546194,
    "16": 0,
    "17": 0.16377551020408163,
    "18": 0,
    "19": 0.12141763290308466,
    "20": 0.11636363636363636,
    "21": 0.06242167452407949,
    "22": 0.14038589487691283,
    "23": 0.041554526859726555,
    "24": 0,
    "25": 0,
    "26": 0.0746775288526816,
    "27": 0.09902508489429292,
    "28": 0.1174842380439797,
    "29": 0.10996784565916398,
    "30": 0.07093311312964493,
    "31": 0,
    "32": 0.17536436295251528,
    "33": 0,
    "34": 0.11131869842752608,
    "35": 0,
    "36": 0.012908124525436599,
    "37": 0.1079641418734572,
    "38": 0.0875,
    "39": 0.12280701754385964,
    "40": 0.21385420861860652,
    "41": 0.07046704904600258,
    "42": 0.11763046544428774,
    "43": 0,
    "44": 0.1320754716981132,
    "45": 0.10798713106728214,
    "46": 0.08052695864596056,
    "47": 0.07198027937551356,
    "48": 0.03468586387434555,
    "49": 0.08854227747156092,
    "50": 0.143660687138948,
    "51": 0.050661327508797475,
    "52": 0.13076923076923078,
    "53": 0.0803561491374513,
    "54": 0,
    "55": 0.1051489730980619,
    "56": 0.08811904208323645,
    "57": 0.11867461527797032,
    "58": 0.07278817090107018,
    "59": 0,
    "60": 0.08747117601844735,
    "61": 0.07313445892747791,
    "62": 0.13227250124316262,
    "63": 0.1301185770750988,
    "64": 0.08843464228079613,
    "65": 0.0169363413915472,
    "66": 0.00024516782132801875,
    "67": 0.2177319587628866,
    "68": 0.18688265507704466,
    "69": 0.014238514789175582,
    "70": 0.13585005981656254,
    "71": 0,
    "72": 0.019319796488976484,
    "73": 0,
    "74": 0.11924069295982308,
    "75": 0.14091518284510818,
    "76": 0.06091328717441477,
    "77": 0.12868462757527735,
    "78": 0.08818955264843106,
    "79": 0.15318627450980393,
    "80": 0.06440874222029237,
    "81": 0.18439269981120202,
    "82": 0.0693151721528566,
    "83": 0.05276111367481926,
    "84": 0.11830663615560641,
    "85": 0,
    "87": 0.10526315789473684,
    "88": 0.12698646262507357,
    "89": 0.11694238448374215,
    "90": 0.09105805243445693,
    "91": 0,
    "92": 0.08720868923336497,
    "93": 0.0006382576354524537,
    "94": 0.13498312710911137,
    "95": 0.12354497354497354,
    "96": 0.12681159420289856,
    "97": 0,
    "98": 0.00533689126084056,
    "99": 0.12913203170307366,
    "100": 0.11183261183261184,
    "101": 0.07881857989181763,
    "102": 0.0022947292936536393,
    "103": 0.09342105263157895,
    "104": 0.1615625,
    "105": 0,
    "106": 0.12381716118684843,
    "107": 0.0913835548990645,
    "108": 0.10498747437941243,
    "109": 0.0809222924287773,
    "110": 0.10056018581773467,
    "111": 0.00014597119501751654,
    "112": 0.11818181818181818,
    "113": 0.09281655252804896,
    "114": 0.0904104893307053,
    "115": 0.09836065573770492,
    "116": 0.06473101151256246,
    "117": 0.11366506693609497,
    "118": 0.10810810810810811,
    "119": 0.13943076431084106,
    "120": 0.09311794063567114,
    "121": 0.036887177875549966,
    "122": 0.06452506230960953,
    "123": 0.2234348075818495,
    "124": 0.12195121951219512,
    "125": 0.09675141242937853,
    "126": 0.03537855443304599,
    "127": 0.06249160961202846,
    "128": 0.11505466778805719,
    "129": 0.10740670581549536,
    "130": 0.10354477611940298,
    "131": 0.12974351282435878,
    "132": 0.09101394568522596,
    "133": 0.0684472759944458,
    "134": 0.16258741258741258,
    "135": 0.0022113955979406377,
    "136": 0.011714174150722375,
    "137": 0,
    "138": 0.13167402649538337,
    "139": 0.11054813450023031,
    "140": 0.11861693612934208,
    "141": 0.11657641395908544,
    "142": 0.03373948981046031,
    "143": 0.5833333333333334,
    "144": 0,
    "145": 0.14491803278688525,
    "146": 0.006578947368421052,
    "147": 0.13562895291637386,
    "148": 0.0008544661112636943,
    "149": 0.14753173483779972,
    "150": 0.08340698188245692,
    "151": 0.02723780973347698,
    "152": 0.20973538059457694,
    "153": 0.0796799738754184,
    "154": 0,
    "155": 0.142455023864888,
    "156": 0.07820243595128097,
    "157": 0.007570543702684102,
    "158": 0.055642135642135646,
    "159": 0,
    "160": 0.13892487046632124,
    "161": 0.14750198255352895,
    "162": 0.08046324269889224,
    "163": 0.1304002120328651,
    "164": 0.06730528424743301,
    "165": 0.11426922522002597,
    "166": 0.11637586041299824,
    "167": 0,
    "168": 0.12832550860719874,
    "169": 0.035836529341416144,
    "170": 0.13981149012567326,
    "171": 0.13995081600715403,
    "172": 0.04999032133178475,
    "173": 0.11629192775525249,
    "174": 0,
    "175": 0.09527896995708154,
    "176": 0.09431345353675451,
    "177": 0.14697178930755572,
    "178": 0.11720158672917418,
    "179": 0.12725225225225226,
    "180": 0.09478271395714805,
    "181": 2.192982456140351,
    "182": 0.15121136173767752,
    "183": 0,
    "184": 0.0746775288526816,
    "185": 0.0999580008399832,
    "186": 0.09967412068771772,
    "187": 0,
    "188": 0.13414634146341464,
    "189": 0.03369639210347175,
    "190": 0.14871698820003745,
    "191": 0.08147073878177785,
    "192": 0.08356608200201095,
    "193": 0.1176599956014955,
    "194": 0.11726287665132848,
    "195": 0.2603331276989513,
    "196": 0.1160284779680585
}