{
    "0": 0.004380430471932797,
    "1": 0.29947444726350125,
    "2": 0.33013025838137944,
    "3": 0.36351531291611183,
    "4": 0,
    "5": 0.20010025900242293,
    "6": 0.2898936170212766,
    "7": 0.3412487393417072,
    "8": 0.3171448939582962,
    "9": 0.22909191277946453,
    "10": 0.3947684185265179,
    "11": 0.14496781743709772,
    "12": 0.3723377599599098,
    "13": 0.257379767827529,
    "14": 0.21819515774027878,
    "15": 0.37332556785090276,
    "16": 0,
    "17": 0.129227250449273,
    "18": 0,
    "19": 0.29070108536227635,
    "20": 0.48749803428211985,
    "21": 0.2521040070342922,
    "22": 0.0506269592476489,
    "23": 0.18395750949833295,
    "24": 0,
    "25": 0,
    "26": 0.02053325160894882,
    "27": 0.3111470766740846,
    "28": 0.32363271450075265,
    "29": 0.36402015524989784,
    "30": 0.3206451053498656,
    "31": 0,
    "32": 0.08391915641476275,
    "33": 0,
    "34": 0.16254091653027825,
    "35": 0,
    "36": 0.006265060240963855,
    "37": 0.2681682957926052,
    "38": 0.3741206319916965,
    "39": 0.30422535211267604,
    "40": 0.18186119873817036,
    "41": 0.2241513850955911,
    "42": 0.19767441860465115,
    "43": 0,
    "44": 0.3158312392540669,
    "45": 0.3098872710192579,
    "46": 0.30861811473249584,
    "47": 0.304627358091532,
    "48": 0.011544888348777153,
    "49": 0.3302983764809127,
    "50": 0.26808558813540134,
    "51": 0.15181925211638728,
    "52": 0.1555768310196266,
    "53": 0.28752535496957404,
    "54": 0,
    "55": 0.5842859442923845,
    "56": 0.3616804438908391,
    "57": 0.3883962503166962,
    "58": 0.30610352385769685,
    "59": 0,
    "60": 0.2947118982289848,
    "61": 0.32222222222222224,
    "62": 0.2914697836359115,
    "63": 0.33176380758462715,
    "64": 0.27985219758848695,
    "65": 0.06262130829355296,
    "66": 0.00026608482784311636,
    "67": 0.16692570718060304,
    "68": 0.15661359461114513,
    "69": 0.013563153433173212,
    "70": 0.272,
    "71": 0,
    "72": 0.059872526593972776,
    "73": 0,
    "74": 0.25902144599974314,
    "75": 0.21682061254253768,
    "76": 0.2907615586171921,
    "77": 0.43280377844568485,
    "78": 0.2807337854286211,
    "79": 0.2756712994197814,
    "80": 0.2985109173674871,
    "81": 0.06950532247964934,
    "82": 0.2866625019522099,
    "83": 0.22231252709146077,
    "84": 0.2534786974609095,
    "85": 0,
    "86": 0.10526315789473684,
    "88": 0.29956567672262,
    "89": 0.1994361181184152,
    "90": 0.20212471131639723,
    "91": 0,
    "92": 0.3613409717801825,
    "93": 0.0008032798066065975,
    "94": 0.452896806291125,
    "95": 0.23697251839615557,
    "96": 0.3003935286401399,
    "97": 0,
    "98": 0.003064995943387722,
    "99": 0.2542879417879418,
    "100": 0.022283694482864606,
    "101": 0.30533888022187555,
    "102": 0.0018909549322407816,
    "103": 0.5865760162013598,
    "104": 0.22555572827607648,
    "105": 0,
    "106": 0.18671358498613777,
    "107": 0.2118136439267887,
    "108": 0.23132022471910113,
    "109": 0.32166209660409195,
    "110": 0.30805025593299207,
    "111": 5.561786816711316e-05,
    "112": 0.2562423250102333,
    "113": 0.3841838097782527,
    "114": 0.3194444444444444,
    "115": 0.3211282183982404,
    "116": 0.29713493530499074,
    "117": 0.3021543791274223,
    "118": 0.3157254796001081,
    "119": 0.10312831389183456,
    "120": 0.3764107652238621,
    "121": 0.07340098292260368,
    "122": 0.2838105001098338,
    "123": 0.22597737362165257,
    "124": 0.10731862200349261,
    "125": 0.5614914616951276,
    "126": 0.06944930375760969,
    "127": 0.27902501603592045,
    "128": 0.4707538317172349,
    "129": 0.37919975565058034,
    "130": 0.518486548698029,
    "131": 0.3654783277763529,
    "132": 0.32780586450960564,
    "133": 0.2962156731413262,
    "134": 0.13748236400689764,
    "135": 0.00190951821386604,
    "136": 0.004979982423591446,
    "137": 0,
    "138": 0.32800465048684785,
    "139": 0.21794340924775707,
    "140": 0.4863161131611316,
    "141": 0.2998917358354385,
    "142": 0.0688905474251225,
    "143": 0.05803501025074909,
    "144": 0,
    "145": 0.1607014172471775,
    "146": 0.003762310501272546,
    "147": 0.03967510153077163,
    "148": 0.0005014780405405405,
    "149": 0.1418543046357616,
    "150": 0.34309398212940034,
    "151": 0.10300026465847027,
    "152": 0.21975007619628162,
    "153": 0.219150521609538,
    "154": 0,
    "155": 0.25698757763975155,
    "156": 0.3203478260869565,
    "157": 0.0016783643576441867,
    "158": 0.16686746987951806,
    "159": 0,
    "160": 0.21113032542053137,
    "161": 0.021530359355638167,
    "162": 0.15186201489611917,
    "163": 0.23348214285714286,
    "164": 0.2319863834079304,
    "165": 0.32721749696233293,
    "166": 0.5555738786279684,
    "167": 0,
    "168": 0.30393905008915545,
    "169": 0.07029644848840622,
    "170": 0.32934131736526945,
    "171": 0.328689528475199,
    "172": 0.2332823944775254,
    "173": 0.3516832827626066,
    "174": 0,
    "175": 0.5763081395348837,
    "176": 0.38371040723981903,
    "177": 0.2756785524215008,
    "178": 0.3313848295059151,
    "179": 0.15016171261358385,
    "180": 0.5605285592497868,
    "181": 0.06708689779378658,
    "182": 0.0924030560761136,
    "183": 0,
    "184": 0.02053325160894882,
    "185": 0.2602277520033741,
    "186": 0.3122554067971164,
    "187": 0,
    "188": 0.2114043484206208,
    "189": 0.1389292283860974,
    "190": 0.33020430701270015,
    "191": 0.2927634363097757,
    "192": 0.33304757822546077,
    "193": 0.25692090395480227,
    "194": 0.514670296430732,
    "195": 0.09387755102040816,
    "196": 0.34192037470725994
}