{
    "0": 0.005457050330106815,
    "1": 0.28779346790262494,
    "2": 0.29999005667694145,
    "3": 0.3063602700936615,
    "4": 0,
    "5": 0.1967939423231835,
    "6": 0.30707588749098486,
    "7": 0.290592567793773,
    "8": 0.28104575163398693,
    "9": 0.19846560181109293,
    "10": 0.311456473800273,
    "11": 0.17263188155814288,
    "12": 0.2793879969830837,
    "13": 0.24836726853630425,
    "14": 0.1894020288307528,
    "15": 0.24758497316636852,
    "16": 0,
    "17": 0.10617647058823529,
    "18": 0,
    "19": 0.20636306924516531,
    "20": 0.30151737640724424,
    "21": 0.24754288504975278,
    "22": 0.052900774514102,
    "23": 0.1845454198035694,
    "24": 0,
    "25": 0,
    "26": 0.023554603854389723,
    "27": 0.31007524675070847,
    "28": 0.3040103492884864,
    "29": 0.27805222300635146,
    "30": 0.27274170503254486,
    "31": 0,
    "32": 0.09821554025572572,
    "33": 0,
    "34": 0.21003893507313479,
    "35": 0,
    "36": 0.018688955672426746,
    "37": 0.30920271873988564,
    "38": 0.27127136962075066,
    "39": 0.2607810711105457,
    "40": 0.17501836884643646,
    "41": 0.16200636668674182,
    "42": 0.1518147521790035,
    "43": 0,
    "44": 0.30790464240903387,
    "45": 0.2706160627889474,
    "46": 0.28813841290966563,
    "47": 0.25246153846153846,
    "48": 0.016174801362088535,
    "49": 0.25824547828610117,
    "50": 0.3173076923076923,
    "51": 0.15476059438635112,
    "52": 0.11641328828828829,
    "53": 0.22476774600883917,
    "54": 0,
    "55": 0.30461750516884906,
    "56": 0.26356589147286824,
    "57": 0.3450516301195034,
    "58": 0.25955967555040554,
    "59": 0,
    "60": 0.1998735644294595,
    "61": 0.2636682147804123,
    "62": 0.29476584022038566,
    "63": 0.3241312507567502,
    "64": 0.26530047078371644,
    "65": 0.07684290696276105,
    "66": 0.0003028742768876639,
    "67": 0.17869364677875316,
    "68": 0.199631732392205,
    "69": 0.018276473194505982,
    "70": 0.32612710483432916,
    "71": 0,
    "72": 0.059554657648557247,
    "73": 0,
    "74": 0.22326234495670488,
    "75": 0.24778761061946902,
    "76": 0.20883652430044183,
    "77": 0.36471337579617835,
    "78": 0.28868616250319723,
    "79": 0.3242947137770474,
    "80": 0.2531914893617021,
    "81": 0.07183613752743233,
    "82": 0.24922140942999926,
    "83": 0.2263818424566088,
    "84": 0.19576719576719576,
    "85": 0,
    "86": 0.12698646262507357,
    "87": 0.29956567672262,
    "89": 0.14094650205761317,
    "90": 0.2163269020749909,
    "91": 0,
    "92": 0.2876725190122993,
    "93": 0.0009512305601691077,
    "94": 0.2961015645037189,
    "95": 0.16916515895580253,
    "96": 0.23682864450127877,
    "97": 0,
    "98": 0.003268536039910545,
    "99": 0.2555652282054471,
    "100": 0.025795356835769563,
    "101": 0.27073426291609576,
    "102": 0.002197802197802198,
    "103": 0.3022680412371134,
    "104": 0.20201876599374466,
    "105": 0,
    "106": 0.26595137541376557,
    "107": 0.30394389288641954,
    "108": 0.16774350847251004,
    "109": 0.2432008850373375,
    "110": 0.2760511882998172,
    "111": 0.00040611385955844346,
    "112": 0.20494785350472958,
    "113": 0.26797458477315794,
    "114": 0.3123901949301431,
    "115": 0.2284236019374725,
    "116": 0.25424330658333927,
    "117": 0.3664259927797834,
    "118": 0.24,
    "119": 0.1274241832617467,
    "120": 0.25390464447184546,
    "121": 0.10271969586196812,
    "122": 0.2478195693649496,
    "123": 0.2743619489559165,
    "124": 0.07918552036199095,
    "125": 0.2906193895870736,
    "126": 0.09784297431079958,
    "127": 0.2363265842755719,
    "128": 0.2883047340878666,
    "129": 0.2565583029998745,
    "130": 0.3210455764075067,
    "131": 0.34541731904131034,
    "132": 0.2942060287350925,
    "133": 0.23234743541744665,
    "134": 0.12277426766226307,
    "135": 0.002431751729728165,
    "136": 0.016025033187938555,
    "137": 0,
    "138": 0.26670092497430625,
    "139": 0.16440019426906266,
    "140": 0.3110518015285697,
    "141": 0.32048849893289066,
    "142": 0.09702193306056744,
    "143": 0.05785002929115407,
    "144": 0,
    "145": 0.2098142909851187,
    "146": 0.004286909242994563,
    "147": 0.03953656770456191,
    "148": 0.0031654676258992807,
    "149": 0.18083832335329342,
    "150": 0.26333144902958355,
    "151": 0.11523703128035749,
    "152": 0.26481850206769797,
    "153": 0.2479457218243498,
    "154": 0,
    "155": 0.38019413240266114,
    "156": 0.2512967407292715,
    "157": 0.002542013839853128,
    "158": 0.20020250885976262,
    "159": 0,
    "160": 0.1545603495357728,
    "161": 0.020758768790264854,
    "162": 0.20081632653061224,
    "163": 0.18949741413605622,
    "164": 0.23654847508058519,
    "165": 0.3122203098106713,
    "166": 0.3000359755366351,
    "167": 0,
    "168": 0.20088448137228626,
    "169": 0.09896602658788774,
    "170": 0.2544559723330673,
    "171": 0.25448028673835127,
    "172": 0.20894552723638182,
    "173": 0.24981756263682803,
    "174": 0,
    "175": 0.3066736731476616,
    "176": 0.25805419244719435,
    "177": 0.3143772527032439,
    "178": 0.25961070559610705,
    "179": 0.11805173362685746,
    "180": 0.30125349632238685,
    "181": 0.08715197215777262,
    "182": 0.11327359283113973,
    "183": 0,
    "184": 0.023554603854389723,
    "185": 0.17886178861788618,
    "186": 0.3098381812766802,
    "187": 0,
    "188": 0.20838726378462336,
    "189": 0.13958824654216329,
    "190": 0.30333631599130767,
    "191": 0.28991803278688527,
    "192": 0.24382801664355064,
    "193": 0.2025458629726694,
    "194": 0.3426294820717131,
    "195": 0.10527101687322682,
    "196": 0.25631043576541507
}