{
    "0": 0.0034264374675162176,
    "1": 0.15778091208274564,
    "2": 0.16893487796648296,
    "3": 0.17765006385696042,
    "4": 0,
    "5": 0.09802847754654984,
    "6": 0.12709398348407394,
    "7": 0.14626209322779243,
    "8": 0.13820078226857888,
    "9": 0.20133955754008526,
    "10": 0.17266101087346158,
    "11": 0.12856099342585828,
    "12": 0.18960655297435208,
    "13": 0.11950904392764858,
    "14": 0.1849039749888343,
    "15": 0.2427426536064114,
    "16": 0,
    "17": 0.19457789979409745,
    "18": 0,
    "19": 0.25100105374077974,
    "20": 0.19802445907808092,
    "21": 0.09814323607427056,
    "22": 0.07821612349914236,
    "23": 0.07114738704900864,
    "24": 0,
    "25": 0,
    "26": 0.03077443354751437,
    "27": 0.1431390879817181,
    "28": 0.17413572343149808,
    "29": 0.21652918781725888,
    "30": 0.14068791946308726,
    "31": 0,
    "32": 0.09737206085753804,
    "33": 0,
    "34": 0.11869594145043247,
    "35": 0,
    "36": 0.005908419497784343,
    "37": 0.1512959614225437,
    "38": 0.1751173708920188,
    "39": 0.22098421541318478,
    "40": 0.17830932318564827,
    "41": 0.2675901796735701,
    "42": 0.21789499630268672,
    "43": 0,
    "44": 0.19322900031938678,
    "45": 0.21210844219693778,
    "46": 0.15075864502470007,
    "47": 0.1369363395225464,
    "48": 0.019918973666441592,
    "49": 0.19788501276285403,
    "50": 0.16199252136752137,
    "51": 0.07715867593356109,
    "52": 0.19373479318734793,
    "53": 0.17802900536713487,
    "54": 0,
    "55": 0.18860510805500982,
    "56": 0.20495001219214826,
    "57": 0.16763229045963693,
    "58": 0.13590397105977145,
    "59": 0,
    "60": 0.22192216044479746,
    "61": 0.1510784927951311,
    "62": 0.17552478785171952,
    "63": 0.19110523998238663,
    "64": 0.12267471091000502,
    "65": 0.022756487762660524,
    "66": 0.00023457292090201106,
    "67": 0.18411552346570398,
    "68": 0.1544801914384472,
    "69": 0.013219284603421462,
    "70": 0.1343163230042622,
    "71": 0,
    "72": 0.029530322931292177,
    "73": 0,
    "74": 0.16563417019889143,
    "75": 0.14416838107295457,
    "76": 0.15245276477725775,
    "77": 0.21668704156479218,
    "78": 0.14722649533978827,
    "79": 0.1601010101010101,
    "80": 0.12661764705882353,
    "81": 0.08234158893534899,
    "82": 0.13400476666410394,
    "83": 0.09730515603094657,
    "84": 0.20706028075970273,
    "85": 0,
    "86": 0.11694238448374215,
    "87": 0.1994361181184152,
    "88": 0.14094650205761317,
    "90": 0.11915486915486916,
    "91": 0,
    "92": 0.17324772605671482,
    "93": 0.0006154661182006575,
    "94": 0.20618556701030927,
    "95": 0.27348066298342544,
    "96": 0.2243969948596283,
    "97": 0,
    "98": 0.0036231884057971015,
    "99": 0.1830671475184613,
    "100": 0.03986254295532646,
    "101": 0.1508413985526201,
    "102": 0.002013902423179367,
    "103": 0.17779632721202004,
    "104": 0.21862348178137653,
    "105": 0,
    "106": 0.1136091525874684,
    "107": 0.09308065226972234,
    "108": 0.2562094428283732,
    "109": 0.1825569417420167,
    "110": 0.18092324065451643,
    "111": 5.7568314399754374e-05,
    "112": 0.2284313725490196,
    "113": 0.2010241404535479,
    "114": 0.13815072512364826,
    "115": 0.2405768600458866,
    "116": 0.12706938415127658,
    "117": 0.1436808118081181,
    "118": 0.21424936386768448,
    "119": 0.10352471735757038,
    "120": 0.206445523193096,
    "121": 0.03347668124860977,
    "122": 0.12137757244855103,
    "123": 0.16055419722901385,
    "124": 0.16334661354581673,
    "125": 0.18512877319302132,
    "126": 0.031605283490930496,
    "127": 0.13110094287298946,
    "128": 0.18611937960206798,
    "129": 0.22008429540040314,
    "130": 0.17750257997936017,
    "131": 0.1853502297730121,
    "132": 0.14140191628845183,
    "133": 0.14825753101004135,
    "134": 0.1826219512195122,
    "135": 0.0016109412499589046,
    "136": 0.0049833887043189366,
    "137": 0,
    "138": 0.2077542062911485,
    "139": 0.37228541882109617,
    "140": 0.17973033041932138,
    "141": 0.17308766052484645,
    "142": 0.03140227395776936,
    "143": 0.07921462423832092,
    "144": 0,
    "145": 0.12062848454130766,
    "146": 0.0042561065877128055,
    "147": 0.057936235858759,
    "148": 0.0004965388322574992,
    "149": 0.13964823055732148,
    "150": 0.17949298325033952,
    "151": 0.04019808425555659,
    "152": 0.16092216388952293,
    "153": 0.10944924826672899,
    "154": 0,
    "155": 0.10702307145035064,
    "156": 0.1574898435474112,
    "157": 0.002407980736154111,
    "158": 0.07770025118615685,
    "159": 0,
    "160": 0.25518207282913163,
    "161": 0.03510601320820299,
    "162": 0.09090909090909091,
    "163": 0.21611637035326714,
    "164": 0.09899595934859802,
    "165": 0.18422860283005907,
    "166": 0.19813768890245764,
    "167": 0,
    "168": 0.2969465648854962,
    "169": 0.0318740548295785,
    "170": 0.23569370111156854,
    "171": 0.2348841975814716,
    "172": 0.09243285630268575,
    "173": 0.22340803984347207,
    "174": 0,
    "175": 0.18781600690590702,
    "176": 0.21871412169919632,
    "177": 0.16080567937923065,
    "178": 0.2182952182952183,
    "179": 0.19310943833236827,
    "180": 0.18279830405814657,
    "181": 0.08623798076923077,
    "182": 0.10820895522388059,
    "183": 0,
    "184": 0.03077443354751437,
    "185": 0.18451242829827916,
    "186": 0.16420037268442397,
    "187": 0,
    "188": 0.15331010452961671,
    "189": 0.059182276432883194,
    "190": 0.204442200908632,
    "191": 0.1391149542217701,
    "192": 0.221925458297924,
    "193": 0.22919677885608095,
    "194": 0.1886020595288475,
    "195": 0.10523057876818323,
    "196": 0.2039461883408072
}