{
    "0": 0.003865444808990459,
    "1": 0.20780314371257486,
    "2": 0.23027790228597042,
    "3": 0.2599922390376407,
    "4": 0,
    "5": 0.12409078958899308,
    "6": 0.17823118450301684,
    "7": 0.21593272447780087,
    "8": 0.21240770754547092,
    "10": 0.2223257981822419,
    "11": 0.1494229183841715,
    "12": 0.2306608606557377,
    "13": 0.16528059721039878,
    "14": 0.20625364148378325,
    "15": 0.25961538461538464,
    "16": 0,
    "17": 0.1600916263680326,
    "18": 0,
    "19": 0.28723809523809524,
    "20": 0.2429353454653055,
    "21": 0.14583584428106544,
    "22": 0.06686777275012569,
    "23": 0.10870857482538267,
    "24": 0,
    "25": 0,
    "26": 0.03024293505205751,
    "27": 0.22232905982905982,
    "28": 0.2417551704863052,
    "29": 0.2850748572310542,
    "30": 0.20593548387096774,
    "31": 0,
    "32": 0.10563692853972481,
    "33": 0,
    "34": 0.14289233801428924,
    "35": 0,
    "36": 0.00736695033659342,
    "37": 0.2179610483289252,
    "38": 0.2429192619579269,
    "39": 0.35418265541059096,
    "40": 0.19690768531150524,
    "41": 0.1667387543252595,
    "42": 0.16273315569090216,
    "43": 0,
    "44": 0.23720162137817144,
    "45": 0.21633638211382114,
    "46": 0.2182952182952183,
    "47": 0.20057720057720058,
    "48": 0.013635256878500122,
    "49": 0.25310262529832933,
    "50": 0.22044062051883717,
    "51": 0.08968890405505317,
    "52": 0.15785829679206093,
    "53": 0.22574169083203213,
    "54": 0,
    "55": 0.2222075695634973,
    "56": 0.24626953354482434,
    "57": 0.2520909566126503,
    "58": 0.20841153386794062,
    "59": 0,
    "60": 0.24897480960749854,
    "61": 0.2303538175046555,
    "62": 0.22398639070031187,
    "63": 0.30432794879609876,
    "64": 0.1633313713949382,
    "65": 0.035463546354635465,
    "66": 0.00027127366862758775,
    "67": 0.19309872029250458,
    "68": 0.16179039301310044,
    "69": 0.014185328692454193,
    "70": 0.18935783980031767,
    "71": 0,
    "72": 0.035095949779952194,
    "73": 0,
    "74": 0.16208908495801908,
    "75": 0.18517424689899586,
    "76": 0.1916801913385154,
    "77": 0.266802740924333,
    "78": 0.1939252336448598,
    "79": 0.2365097588978186,
    "80": 0.18527172684103416,
    "81": 0.08190709046454768,
    "82": 0.19428256418333595,
    "83": 0.15146773149147422,
    "84": 0.22852453036658762,
    "85": 0,
    "86": 0.11975504649580404,
    "87": 0.22909191277946453,
    "88": 0.19846560181109293,
    "89": 0.20133955754008526,
    "90": 0.13558472792865017,
    "91": 0,
    "92": 0.2401294498381877,
    "93": 0.0007415246054857372,
    "94": 0.2548798193256977,
    "95": 0.2566867095168982,
    "96": 0.259372197309417,
    "97": 0,
    "98": 0.0037291690945111295,
    "99": 0.18810532687651332,
    "100": 0.02969561989606533,
    "101": 0.18973214285714285,
    "102": 0.002178912964532139,
    "103": 0.23579244617013767,
    "104": 0.21463005659190945,
    "105": 0,
    "106": 0.16316867161504992,
    "107": 0.14401694316978467,
    "108": 0.24706772606886115,
    "109": 0.24137539718565593,
    "110": 0.24822415153906865,
    "111": 5.694598673158509e-05,
    "112": 0.1988256401892024,
    "113": 0.22701383238405207,
    "114": 0.1935073741312087,
    "115": 0.2634658664666166,
    "116": 0.18629227053140096,
    "117": 0.2061760991849386,
    "118": 0.2513360578434455,
    "119": 0.11671037841888347,
    "120": 0.23777467293280832,
    "121": 0.049638093838409815,
    "122": 0.18014255885952912,
    "123": 0.2088525199925609,
    "124": 0.11174648558494163,
    "125": 0.21870522339455517,
    "126": 0.04714368988633052,
    "127": 0.17920089881328558,
    "128": 0.22587268993839835,
    "129": 0.21914961636828645,
    "130": 0.22542056074766356,
    "131": 0.24646547036432845,
    "132": 0.20675234598123216,
    "133": 0.20686996744903205,
    "134": 0.16473372781065088,
    "135": 0.0019345426867943677,
    "136": 0.0059469941822883,
    "137": 0,
    "138": 0.2551454328967511,
    "139": 0.21504986400725296,
    "140": 0.22531645569620254,
    "141": 0.23323813409492725,
    "142": 0.045852480461543624,
    "143": 0.06517967781908303,
    "144": 0,
    "145": 0.15317118226600984,
    "146": 0.004440361353544633,
    "147": 0.05173279758915118,
    "148": 0.00048055178652193576,
    "149": 0.15,
    "150": 0.2450413691488156,
    "151": 0.05788745927957065,
    "152": 0.2227784730913642,
    "153": 0.1468094944512947,
    "154": 0,
    "155": 0.18473937617751726,
    "156": 0.18821548821548822,
    "157": 0.0019782393669634025,
    "158": 0.11164015236388079,
    "159": 0,
    "160": 0.2578324437224414,
    "161": 0.029367469879518073,
    "162": 0.12155377433277548,
    "163": 0.3803357314148681,
    "164": 0.13320286221026237,
    "165": 0.29444603492699684,
    "166": 0.23745339833667908,
    "167": 0,
    "168": 0.27844374342797057,
    "169": 0.047020983305253485,
    "170": 0.27521047708138446,
    "171": 0.27431979127841966,
    "172": 0.12657789218355528,
    "173": 0.28811830698623153,
    "174": 0,
    "175": 0.23563906175203447,
    "176": 0.23513905364439172,
    "177": 0.24004532211071544,
    "178": 0.3026382978723404,
    "179": 0.15958157133318496,
    "180": 0.24466042716582673,
    "181": 0.08903949520916102,
    "182": 0.11020757543334046,
    "183": 0,
    "184": 0.03024293505205751,
    "185": 0.1739483514698717,
    "186": 0.25432407828857534,
    "187": 0,
    "188": 0.17438878440759104,
    "189": 0.07595290609176478,
    "190": 0.24358974358974358,
    "191": 0.18932245175550455,
    "192": 0.21984091913389306,
    "193": 0.19935197817189632,
    "194": 0.25248481501932635,
    "195": 0.11256671518680253,
    "196": 0.2550403225806452
}