{
    "0": 0.004920626640933354,
    "1": 0.21451811148868483,
    "2": 0.21424529064596975,
    "3": 0.20714655618850336,
    "4": 0,
    "5": 0.21066104502333985,
    "6": 0.2117438888524805,
    "7": 0.224345364472753,
    "8": 0.21469992314678962,
    "9": 0.13558472792865017,
    "10": 0.20019731974019567,
    "11": 0.10352058271713939,
    "12": 0.18998881912789198,
    "13": 0.20174353205849269,
    "14": 0.14801915542011318,
    "15": 0.18806668616554548,
    "16": 0,
    "17": 0.0958505217180296,
    "18": 0,
    "19": 0.1533475134204396,
    "20": 0.19537616069736594,
    "21": 0.22482344436412166,
    "22": 0.03876517026039825,
    "23": 0.14803007727225476,
    "24": 0,
    "25": 0,
    "26": 0.014310444316214657,
    "27": 0.19380970576996562,
    "28": 0.22176999526739233,
    "29": 0.20838117106773824,
    "30": 0.20432338375050194,
    "31": 0,
    "32": 0.05780921852547806,
    "33": 0,
    "34": 0.1283034597749062,
    "35": 0,
    "36": 0.03856655290102389,
    "37": 0.2062707676578342,
    "38": 0.20053519299383718,
    "39": 0.17364911931535476,
    "40": 0.11704688753869082,
    "41": 0.14449593557699614,
    "42": 0.14075792730085074,
    "43": 0,
    "44": 0.2487051999171328,
    "45": 0.20492602108620536,
    "46": 0.20494505494505494,
    "47": 0.19236311239193082,
    "48": 0.014050162563864375,
    "49": 0.1984942928843196,
    "50": 0.22441817510158849,
    "51": 0.5949421715863974,
    "52": 0.10757112626381378,
    "53": 0.179696526226604,
    "54": 0,
    "55": 0.20597826086956522,
    "56": 0.19787473836741265,
    "57": 0.26263580538497877,
    "58": 0.19626352015732546,
    "59": 0,
    "60": 0.163349102918861,
    "61": 0.19281379968637077,
    "62": 0.17735608064957578,
    "63": 0.21675946022459186,
    "64": 0.290002610284521,
    "65": 0.07893801114140098,
    "66": 0.0002543805832797139,
    "67": 0.12469352014010508,
    "68": 0.1369536739311659,
    "69": 0.015180747359870024,
    "70": 0.19684516396845164,
    "71": 0,
    "72": 0.1198386107309707,
    "73": 0,
    "74": 0.23616392057456695,
    "75": 0.14775160599571735,
    "76": 0.17533393852937362,
    "77": 0.3079547878012369,
    "78": 0.20142527771955565,
    "79": 0.19088694946214735,
    "80": 0.18986576369573105,
    "81": 0.04832496790008171,
    "82": 0.1902783805567611,
    "83": 0.1701671866995762,
    "84": 0.14107251675807433,
    "85": 0,
    "86": 0.09105805243445693,
    "87": 0.20212471131639723,
    "88": 0.2163269020749909,
    "89": 0.11915486915486916,
    "91": 0,
    "92": 0.19110006776598149,
    "93": 0.0007308306113621788,
    "94": 0.19428458027386386,
    "95": 0.12996199324324326,
    "96": 0.20079161317928967,
    "97": 0,
    "98": 0.0027256208358570565,
    "99": 0.41004905210128595,
    "100": 0.01849267271458479,
    "101": 0.22433699531173465,
    "102": 0.0015593252374427066,
    "103": 0.20881574594773403,
    "104": 0.15109140518417463,
    "105": 0,
    "106": 0.12501041753479455,
    "107": 0.2065544860019105,
    "108": 0.13651599796851194,
    "109": 0.18998986512824512,
    "110": 0.17975715377430584,
    "111": 0.0026133518521902813,
    "112": 0.17824121635504417,
    "113": 0.1851521370571964,
    "114": 0.2338715314181869,
    "115": 0.19137415982076175,
    "116": 0.18952075904997884,
    "117": 0.26462621885157095,
    "118": 0.1894123360854784,
    "119": 0.0694345751700335,
    "120": 0.19619602467443453,
    "121": 0.10299455535390199,
    "122": 0.1924072984108299,
    "123": 0.1926989150090416,
    "124": 0.07975314502729647,
    "125": 0.20005360972122946,
    "126": 0.09792018763149726,
    "127": 0.18995281390263552,
    "128": 0.19436215957955089,
    "129": 0.18431884348960947,
    "130": 0.2154535864978903,
    "131": 0.33201917954182203,
    "132": 0.2307753102031139,
    "133": 0.18098060691965723,
    "134": 0.09055299539170507,
    "135": 0.0017143647172680769,
    "136": 0.03724780134505949,
    "137": 0,
    "138": 0.17909547738693468,
    "139": 0.14083930399181166,
    "140": 0.20989647639851838,
    "141": 0.21260861527084488,
    "142": 0.10106692531522793,
    "143": 0.04272898961284231,
    "144": 0,
    "145": 0.10852425563491327,
    "146": 0.002867383512544803,
    "147": 0.030182031708749266,
    "148": 0.0037487105945102775,
    "149": 0.09417446423181407,
    "150": 0.19244548286604363,
    "151": 0.11290473955889253,
    "152": 0.16138625185862976,
    "153": 0.15256199354170474,
    "154": 0,
    "155": 0.20644286739494458,
    "156": 0.19314353656119956,
    "157": 0.0011527377521613833,
    "158": 0.1214027510445519,
    "159": 0,
    "160": 0.12547613712749273,
    "161": 0.016450822541127057,
    "162": 0.12161803713527851,
    "163": 0.12779117307893909,
    "164": 0.15857588357588356,
    "165": 0.22079706825469536,
    "166": 0.20058221429242182,
    "167": 0,
    "168": 0.16818383658969804,
    "169": 0.09933942172327907,
    "170": 0.1883656509695291,
    "171": 0.18834414548548337,
    "172": 0.1699024783036593,
    "173": 0.18647581441263575,
    "174": 0,
    "175": 0.2086228547509418,
    "176": 0.19793140028288544,
    "177": 0.18490903668356695,
    "178": 0.17547061083365348,
    "179": 0.10589720055071133,
    "180": 0.20587991718426502,
    "181": 0.06164383561643835,
    "182": 0.06062906724511931,
    "183": 0,
    "184": 0.014429181576820964,
    "185": 0.1744889445139758,
    "186": 0.2170393524084315,
    "187": 0,
    "188": 0.22076427255985268,
    "189": 0.16977072763470555,
    "190": 0.23323312947030164,
    "191": 0.22432958177018203,
    "192": 0.19935080357849735,
    "193": 0.16866340243775393,
    "194": 0.21937216408926752,
    "195": 0.0671038763321232,
    "196": 0.17877428998505232
}