{
    "0": 0.004954216208828755,
    "1": 0.3517032427120865,
    "2": 0.3590191036002939,
    "3": 0.37808688640258037,
    "4": 0,
    "5": 0.19163714662776968,
    "6": 0.33619929453262787,
    "7": 0.40800472853162206,
    "8": 0.3678940568475452,
    "9": 0.2401294498381877,
    "10": 0.4155857316578841,
    "11": 0.12783137583892618,
    "12": 0.3599476439790576,
    "13": 0.31369356959489075,
    "14": 0.18981136097197057,
    "15": 0.3294285088679658,
    "16": 0,
    "17": 0.0984238950732944,
    "18": 0,
    "19": 0.2758851035404142,
    "20": 0.3271923360353721,
    "21": 0.30624628197501486,
    "22": 0.03770595690747782,
    "23": 0.24873393065835606,
    "24": 0,
    "25": 0,
    "26": 0.017366888519134774,
    "27": 0.3470432480141218,
    "28": 0.3254611798094466,
    "29": 0.3778393351800554,
    "30": 0.390883420734167,
    "31": 0,
    "32": 0.07323856613102596,
    "33": 0,
    "34": 0.17405857740585773,
    "35": 0,
    "36": 0.0067512426737888565,
    "37": 0.30453050785531605,
    "38": 0.3895094706168043,
    "39": 0.3069087688219663,
    "40": 0.14960369881109642,
    "41": 0.23581821154160537,
    "42": 0.15826213794540528,
    "43": 0,
    "44": 0.2897339178305638,
    "45": 0.31521739130434784,
    "46": 0.41867598193746275,
    "47": 0.3725706192462035,
    "48": 0.010424192383114872,
    "49": 0.36717861205915814,
    "50": 0.29227854097584083,
    "51": 0.1591374232516348,
    "52": 0.11178052716514254,
    "53": 0.32302677942212826,
    "54": 0,
    "55": 0.35090592691165934,
    "56": 0.3978305482263266,
    "57": 0.383302488176023,
    "58": 0.36410176853862863,
    "59": 0,
    "60": 0.30205811138014527,
    "61": 0.40508474576271186,
    "62": 0.2901910067648229,
    "63": 0.36966773847802786,
    "64": 0.2625933576990307,
    "65": 0.08375987610573012,
    "66": 0.00033414270120959657,
    "67": 0.13974275125354263,
    "68": 0.1323561112308687,
    "69": 0.01377715689580423,
    "70": 0.2840929086749956,
    "71": 0,
    "72": 0.06715643723667775,
    "73": 0,
    "74": 0.21122613733497958,
    "75": 0.21431301356774315,
    "76": 0.3550480957222179,
    "77": 0.391869560427454,
    "78": 0.3285983362109559,
    "79": 0.2640525602252581,
    "80": 0.3653776391206559,
    "81": 0.05254237288135593,
    "82": 0.36760982874162323,
    "83": 0.3158585969136478,
    "84": 0.21877301904661686,
    "85": 0,
    "86": 0.08720868923336497,
    "87": 0.3613409717801825,
    "88": 0.2876725190122993,
    "89": 0.17324772605671482,
    "90": 0.19110006776598149,
    "91": 0,
    "93": 0.0009105647722477625,
    "94": 0.3175242031980855,
    "95": 0.20609689711486118,
    "96": 0.27849355797819625,
    "97": 0,
    "98": 0.0026683519415771364,
    "99": 0.22283140787154884,
    "100": 0.01768438572766046,
    "101": 0.34068058778035576,
    "102": 0.002074501668620907,
    "103": 0.38652101823856433,
    "104": 0.18866468188333885,
    "105": 0,
    "106": 0.2016100805040252,
    "107": 0.23317899001591666,
    "108": 0.21571729957805907,
    "109": 0.35530399853934636,
    "110": 0.3105743628756181,
    "111": 0.00011709496401581683,
    "112": 0.23688295560384973,
    "113": 0.32299196787148593,
    "114": 0.35212683681361173,
    "115": 0.323666978484565,
    "116": 0.3664826383844254,
    "117": 0.3084465233426284,
    "118": 0.2969861866889912,
    "119": 0.09587709062621548,
    "120": 0.352935372471633,
    "121": 0.09221604712303239,
    "122": 0.35218205786442797,
    "123": 0.2044081805658578,
    "124": 0.07637333333333333,
    "125": 0.33326683291770576,
    "126": 0.08695509237951213,
    "127": 0.3451118167691372,
    "128": 0.3092515592515592,
    "129": 0.27899320305862363,
    "130": 0.3694888018479462,
    "131": 0.35422650800164135,
    "132": 0.34854014598540145,
    "133": 0.37142408047783715,
    "134": 0.1135993042722035,
    "135": 0.0022876520615782107,
    "136": 0.005164284110470773,
    "137": 0,
    "138": 0.3177475553557379,
    "139": 0.1974076741076021,
    "140": 0.33139172040773873,
    "141": 0.3129137437012153,
    "142": 0.08691913142295525,
    "143": 0.04022806461830852,
    "144": 0,
    "145": 0.15900204803574752,
    "146": 0.003283802643461128,
    "147": 0.027236538864445842,
    "148": 0.0007313149041977475,
    "149": 0.13818795946751442,
    "150": 0.42658788774002954,
    "151": 0.13398062873325242,
    "152": 0.18893505357533347,
    "153": 0.25994856524093124,
    "154": 0,
    "155": 0.281630271711952,
    "156": 0.35271798048629394,
    "157": 0.0014427040395713108,
    "158": 0.20466188524590165,
    "159": 0,
    "160": 0.18241807404093502,
    "161": 0.014782427649385801,
    "162": 0.1759480696959344,
    "163": 0.21916445623342176,
    "164": 0.2699200280193801,
    "165": 0.37027812370278124,
    "166": 0.3542826552462527,
    "167": 0,
    "168": 0.2499713204083974,
    "169": 0.08657074340527578,
    "170": 0.309780717020536,
    "171": 0.3100811123986095,
    "172": 0.2749462311809133,
    "173": 0.32669543091049896,
    "174": 0,
    "175": 0.40028061735818804,
    "176": 0.3419393575502852,
    "177": 0.26703251190722715,
    "178": 0.3148807596849034,
    "179": 0.11834950421153641,
    "180": 0.4029358897543439,
    "181": 0.059542463177687244,
    "182": 0.08243727598566308,
    "183": 0,
    "184": 0.017366888519134774,
    "185": 0.1976430640167782,
    "186": 0.38973491257755216,
    "187": 0,
    "188": 0.17367113760556382,
    "189": 0.17253421425200566,
    "190": 0.30287648054145516,
    "191": 0.34376686454398275,
    "192": 0.3441957031955227,
    "193": 0.22365950344252034,
    "194": 0.3745251160827353,
    "195": 0.07410580424073678,
    "196": 0.3009178321678322
}