{
    "0": 0.00034871689333264733,
    "1": 0.0009011715229798738,
    "2": 0.0009003177154251955,
    "3": 0.0008563187308455021,
    "4": 0,
    "5": 0.0007150544768307607,
    "6": 0.0009680472175866727,
    "7": 0.0008965406650436608,
    "8": 0.0008381985291437984,
    "9": 0.0007415246054857372,
    "10": 0.0008596652538255104,
    "11": 0.0006340756976789698,
    "12": 0.0008057168244215029,
    "13": 0.0009459535776811431,
    "14": 0.0006604096093482922,
    "15": 0.0007946392414251549,
    "16": 0,
    "17": 0.0005685048322910744,
    "18": 0,
    "19": 0.0007016786311869164,
    "20": 0.0008064761556955477,
    "21": 0.0009315486821738003,
    "22": 0.00043649061545176777,
    "23": 0.0009280471421988876,
    "24": 0,
    "25": 0,
    "26": 0.0003100035769643496,
    "27": 0.0009862006065504483,
    "28": 0.0008333270202498466,
    "29": 0.000775229148615988,
    "30": 0.0008636957468427928,
    "31": 0,
    "32": 0.0006698557052004445,
    "33": 0,
    "34": 0.0010168848415860368,
    "35": 0,
    "36": 0.000154375781527394,
    "37": 0.0009001642799810965,
    "38": 0.0008132507647541595,
    "39": 0.0007674067025301398,
    "40": 0.0006663269705640261,
    "41": 0.0007327595875610321,
    "42": 0.0005918219550371057,
    "43": 0,
    "44": 0.0007696762787295007,
    "45": 0.0008820270035959563,
    "46": 0.0008815643760564201,
    "47": 0.0008485762775787291,
    "48": 0.00017490857051995548,
    "49": 0.0008358021835332044,
    "50": 0.0009213527270530307,
    "51": 0.0007317038850662051,
    "52": 0.0005504616013714357,
    "53": 0.0007513930529620509,
    "54": 0,
    "55": 0.0007857952398942199,
    "56": 0.000872652415830064,
    "57": 0.0008578717256014508,
    "58": 0.0008842566083685466,
    "59": 0,
    "60": 0.0007596879202023809,
    "61": 0.0008390302269759162,
    "62": 0.0009424569243982337,
    "63": 0.000856482358737257,
    "64": 0.0007930919467813068,
    "65": 0.0007527507173127777,
    "66": 7.979062938848461e-05,
    "67": 0.0006509548645151171,
    "68": 0.000666682353310274,
    "69": 0.0004739889451193723,
    "70": 0.0009512894841314427,
    "71": 0,
    "72": 0.0006261148979905256,
    "73": 0,
    "74": 0.0006348283668849049,
    "75": 0.0009568645462548321,
    "76": 0.0008213761321179874,
    "77": 0.0008643173409352824,
    "78": 0.0009650180940892642,
    "79": 0.0008821995151738316,
    "80": 0.0009101724310920636,
    "81": 0.0004197720558534441,
    "82": 0.00089215693328249,
    "83": 0.0008797553180521667,
    "84": 0.0008037963921908089,
    "85": 0,
    "86": 0.0006382576354524537,
    "87": 0.0008032798066065975,
    "88": 0.0009512305601691077,
    "89": 0.0006154661182006575,
    "90": 0.0007308306113621788,
    "91": 0,
    "92": 0.0009105647722477625,
    "94": 0.0008336775121227418,
    "95": 0.0006680545629680266,
    "96": 0.000769988912159665,
    "97": 0,
    "98": 0.00016128041287785696,
    "99": 0.0007969898307162946,
    "100": 0.0002543275420832605,
    "101": 0.0009241807901381905,
    "102": 0.00014476074667593136,
    "103": 0.0007991157448206844,
    "104": 0.0007330234879441031,
    "105": 0,
    "106": 0.0010326734853489449,
    "107": 0.0009120799099688863,
    "108": 0.0007346515818208532,
    "109": 0.0008255918601105252,
    "110": 0.0008436466626995187,
    "111": 2.6435444644178915e-05,
    "112": 0.0006769334912844813,
    "113": 0.0007644276253547777,
    "114": 0.000893097013570718,
    "115": 0.0007523711089494164,
    "116": 0.0009173457175005196,
    "117": 0.0008977466558937068,
    "118": 0.00082474856623571,
    "119": 0.0008361008009376831,
    "120": 0.0007969325614615442,
    "121": 0.0008395584055000991,
    "122": 0.0008412827422965593,
    "123": 0.000813839929312189,
    "124": 0.00044224026281707046,
    "125": 0.0008155621337521899,
    "126": 0.0008389095496971338,
    "127": 0.0009168964830978307,
    "128": 0.000807366841596149,
    "129": 0.0007591733445803458,
    "130": 0.0008419533317296127,
    "131": 0.0008461579142207415,
    "132": 0.0008207570189513535,
    "133": 0.0008558601031383955,
    "134": 0.0006611362098005572,
    "135": 0.0002219451534359068,
    "136": 0.00013910785495687656,
    "137": 0,
    "138": 0.0008059935213473141,
    "139": 0.0006882472122121348,
    "140": 0.0008352379289136592,
    "141": 0.000862590799031477,
    "142": 0.0008447482650170249,
    "143": 0.00041249543875235994,
    "144": 0,
    "145": 0.0009858666769361113,
    "146": 0.00014045163001919506,
    "147": 0.0003971437422060541,
    "148": 0.00017839053510789441,
    "149": 0.0009335542745116344,
    "150": 0.0008250947743997622,
    "151": 0.0008880258593130232,
    "152": 0.0007479956055258175,
    "153": 0.001006422277410526,
    "154": 0,
    "155": 0.0009372419795145682,
    "156": 0.000914999455357467,
    "157": 5.570986303332246e-05,
    "158": 0.0011179195517142598,
    "159": 0,
    "160": 0.0006642389384680305,
    "161": 0.0002862800295822697,
    "162": 0.001107681401290818,
    "163": 0.0006989368394076121,
    "164": 0.0010633054010280966,
    "165": 0.000890774445341929,
    "166": 0.0008582387118824289,
    "167": 0,
    "168": 0.0006908328805402468,
    "169": 0.0008070163737619636,
    "170": 0.0007633352352460407,
    "171": 0.000763199888989107,
    "172": 0.0009000654593061313,
    "173": 0.0007575757575757576,
    "174": 0,
    "175": 0.0008903120581171771,
    "176": 0.0007921539041870992,
    "177": 0.0008580731660601418,
    "178": 0.0007719705886848984,
    "179": 0.0005337687211529404,
    "180": 0.0008446009073853996,
    "181": 0.0005533334387301789,
    "182": 0.0007709736295550381,
    "183": 0,
    "184": 0.0003100035769643496,
    "185": 0.0006474687056792255,
    "186": 0.0008839368616527391,
    "187": 0,
    "188": 0.0006727497680173213,
    "189": 0.000826894914911882,
    "190": 0.0008327030764176961,
    "191": 0.0009013331007312428,
    "192": 0.0008481574894538312,
    "193": 0.0006865747633631363,
    "194": 0.0008769608769608769,
    "195": 0.0005137324639399328,
    "196": 0.0008053197119256345
}