{
    "0": 0.004440677341489931,
    "1": 0.28020882771713335,
    "2": 0.308056338028169,
    "3": 0.33825417201540436,
    "4": 0,
    "5": 0.18246445497630331,
    "6": 0.27192614351657574,
    "7": 0.29813780260707634,
    "8": 0.2799781480469817,
    "9": 0.2548798193256977,
    "10": 0.35210742260350614,
    "11": 0.17342063351619183,
    "12": 0.3494056364364899,
    "13": 0.23564625850340137,
    "14": 0.23804609563123494,
    "15": 0.33467429986074576,
    "16": 0,
    "17": 0.14804469273743018,
    "18": 0,
    "19": 0.29434212709474034,
    "20": 0.45684423465947405,
    "21": 0.2146044114874631,
    "22": 0.06222222222222222,
    "23": 0.15555384556192528,
    "24": 0,
    "25": 0,
    "26": 0.02618195517046525,
    "27": 0.3033257501895786,
    "28": 0.30259792704267063,
    "29": 0.3368804664723032,
    "30": 0.27280655852084423,
    "31": 0,
    "32": 0.1027970782112952,
    "33": 0,
    "34": 0.17519255086791585,
    "35": 0,
    "36": 0.007643590303559729,
    "37": 0.26989659579412106,
    "38": 0.3191639267261625,
    "39": 0.307096570254465,
    "40": 0.21985678343332687,
    "41": 0.20292692981552096,
    "42": 0.2091548088462198,
    "43": 0,
    "44": 0.31169778296382733,
    "45": 0.2971500949968334,
    "46": 0.2705608313922236,
    "47": 0.25799863852961197,
    "48": 0.012801484230055659,
    "49": 0.2896496995805464,
    "50": 0.2747555778390574,
    "51": 0.13820055581287632,
    "52": 0.162821482602118,
    "53": 0.26487236996689095,
    "54": 0,
    "55": 0.4716323296354992,
    "56": 0.31370499419279907,
    "57": 0.35654149405318725,
    "58": 0.271419960389219,
    "59": 0,
    "60": 0.2855781015933542,
    "61": 0.28175880783736545,
    "62": 0.2908716540837337,
    "63": 0.3154639175257732,
    "64": 0.25210424906196127,
    "65": 0.05507801734885369,
    "66": 0.0002685490677510934,
    "67": 0.19248826291079812,
    "68": 0.18111254851228978,
    "69": 0.014930808448652586,
    "70": 0.2814350400557297,
    "71": 0,
    "72": 0.05376271491583401,
    "73": 0,
    "74": 0.23810848400556328,
    "75": 0.23729285614816878,
    "76": 0.24333276711397994,
    "77": 0.40566615620214397,
    "78": 0.26926255854532094,
    "79": 0.29767441860465116,
    "80": 0.24980766271734112,
    "81": 0.0845694471200154,
    "82": 0.24377601507892876,
    "83": 0.1886057458204837,
    "84": 0.2608837970540098,
    "85": 0,
    "86": 0.13498312710911137,
    "87": 0.452896806291125,
    "88": 0.2961015645037189,
    "89": 0.20618556701030927,
    "90": 0.19428458027386386,
    "91": 0,
    "92": 0.3175242031980855,
    "93": 0.0008336775121227418,
    "95": 0.2430939226519337,
    "96": 0.3106135986733002,
    "97": 0,
    "98": 0.0032355915065722953,
    "99": 0.2563617856623528,
    "100": 0.027756797583081572,
    "101": 0.28014725689144293,
    "102": 0.002131598137656364,
    "103": 0.43578975887293414,
    "104": 0.24350530552506403,
    "105": 0,
    "106": 0.1994008388256441,
    "107": 0.2176698853894053,
    "108": 0.228747823333861,
    "109": 0.27694303318560154,
    "110": 0.30621583831193594,
    "111": 6.56229492828349e-05,
    "112": 0.26502478314745975,
    "113": 0.34074074074074073,
    "114": 0.28372505543237253,
    "115": 0.31184619734238056,
    "116": 0.24944252210688198,
    "117": 0.28645712965102843,
    "118": 0.3100313012371441,
    "119": 0.12042131740292407,
    "120": 0.33114711934156377,
    "121": 0.07493188010899182,
    "122": 0.24217487141807495,
    "123": 0.25669264656048796,
    "124": 0.11866359447004608,
    "125": 0.4231229434639545,
    "126": 0.07109281055278213,
    "127": 0.23659058487874465,
    "128": 0.4196619071065157,
    "129": 0.34248814778486186,
    "130": 0.4426491994177584,
    "131": 0.352003327325662,
    "132": 0.2898656389959379,
    "133": 0.26906139366203263,
    "134": 0.15413675859463544,
    "135": 0.0020714655618850335,
    "136": 0.006093507644582318,
    "137": 0,
    "138": 0.3293715402149137,
    "139": 0.23263224984066283,
    "140": 0.4399158984311823,
    "141": 0.3074252136752137,
    "142": 0.06981284502490911,
    "143": 0.07167900272691859,
    "144": 0,
    "145": 0.17992503123698458,
    "146": 0.004342273307790549,
    "147": 0.045741626794258375,
    "148": 0.0005179793353507266,
    "149": 0.15990045108103904,
    "150": 0.30741733690795353,
    "151": 0.08578818795803995,
    "152": 0.24669204277687148,
    "153": 0.21223333070928127,
    "154": 0,
    "155": 0.25665019451161813,
    "156": 0.27740117968130995,
    "157": 0.0014944890715486642,
    "158": 0.15509141336955906,
    "159": 0,
    "160": 0.23298429319371727,
    "161": 0.027083730688537096,
    "162": 0.15692622252513205,
    "163": 0.25030355594102344,
    "164": 0.20827435336507527,
    "165": 0.31477347340774786,
    "166": 0.44776851397743994,
    "167": 0,
    "168": 0.31390134529147984,
    "169": 0.07179761950323396,
    "170": 0.32809803244735936,
    "171": 0.3262326060814293,
    "172": 0.19153246753246753,
    "173": 0.34547778843080856,
    "174": 0,
    "175": 0.43930396354094736,
    "176": 0.33093333333333336,
    "177": 0.29369779802581625,
    "178": 0.3180987202925046,
    "179": 0.16605301914580264,
    "180": 0.44018089625873646,
    "181": 0.08839881393624907,
    "182": 0.11016359206404455,
    "183": 0,
    "184": 0.02618195517046525,
    "185": 0.24782067247820672,
    "186": 0.28851358666233623,
    "187": 0,
    "188": 0.21971830985915494,
    "189": 0.11424,
    "190": 0.329704033123754,
    "191": 0.2769994679907785,
    "192": 0.2991195809651176,
    "193": 0.25809022796110315,
    "194": 0.4830140074062148,
    "195": 0.11297474455369193,
    "196": 0.34167075363740396
}