{
    "0": 0.0036704964728822955,
    "1": 0.16785880167208547,
    "2": 0.19324980246077436,
    "3": 0.22121688958825073,
    "4": 0,
    "5": 0.11171563293434893,
    "6": 0.13594954449894883,
    "7": 0.18688524590163935,
    "8": 0.16830717389376607,
    "9": 0.2566867095168982,
    "10": 0.1971746677840297,
    "11": 0.1387802071346375,
    "12": 0.21855197519212619,
    "13": 0.13024993558361248,
    "14": 0.2163884007029877,
    "15": 0.3343528961957561,
    "16": 0,
    "17": 0.20591979630808402,
    "18": 0,
    "19": 0.29658681365274536,
    "20": 0.23512658227848102,
    "21": 0.12256938173499489,
    "22": 0.08027168879283729,
    "23": 0.08926270843302536,
    "24": 0,
    "25": 0,
    "26": 0.03005710850616171,
    "27": 0.1822844320974463,
    "28": 0.20133655623489266,
    "29": 0.2846435709526982,
    "30": 0.18226171806935007,
    "31": 0,
    "32": 0.09961783439490446,
    "33": 0,
    "34": 0.12959833614974653,
    "35": 0,
    "36": 0.006012304250559284,
    "37": 0.17517191458559536,
    "38": 0.2216019417475728,
    "39": 0.27279620853080566,
    "40": 0.18732430360337338,
    "41": 0.1999274749184093,
    "42": 0.19699349338119812,
    "43": 0,
    "44": 0.23908083441981748,
    "45": 0.20021285087135826,
    "46": 0.18714830277727354,
    "47": 0.1741399965771008,
    "48": 0.03485502776064158,
    "49": 0.2518049398353388,
    "50": 0.17973079968329375,
    "51": 0.08520730850316233,
    "52": 0.19718309859154928,
    "53": 0.22109843584617195,
    "54": 0,
    "55": 0.2168353007307476,
    "56": 0.2471867966991748,
    "57": 0.20587849363600577,
    "58": 0.16935415787252006,
    "59": 0,
    "60": 0.30164100828962953,
    "61": 0.20278535805024936,
    "62": 0.20002959017606156,
    "63": 0.2431408215855692,
    "64": 0.14464520036337944,
    "65": 0.026324180239009273,
    "66": 0.00022606445175472786,
    "67": 0.1829863788229247,
    "68": 0.16670851117248306,
    "69": 0.014210816777041942,
    "70": 0.14405151960230483,
    "71": 0,
    "72": 0.0328617276137956,
    "73": 0,
    "74": 0.1716394472361809,
    "75": 0.1643558186633432,
    "76": 0.19193548387096773,
    "77": 0.2664783427495292,
    "78": 0.1552939077691553,
    "79": 0.19651320243737305,
    "80": 0.16291451171280802,
    "81": 0.08185776487663281,
    "82": 0.1667588277115096,
    "83": 0.122240544709825,
    "84": 0.246493399339934,
    "85": 0,
    "86": 0.12354497354497354,
    "87": 0.23697251839615557,
    "88": 0.16916515895580253,
    "89": 0.27348066298342544,
    "90": 0.12996199324324326,
    "91": 0,
    "92": 0.20609689711486118,
    "93": 0.0006680545629680266,
    "94": 0.2430939226519337,
    "96": 0.27252703243892673,
    "97": 0,
    "98": 0.003958120531154239,
    "99": 0.19956397786349153,
    "100": 0.034524530587522716,
    "101": 0.16589861751152074,
    "102": 0.0019007793195210036,
    "103": 0.2105899419729207,
    "104": 0.27754997437211687,
    "105": 0,
    "106": 0.13003014811901953,
    "107": 0.11028828352287755,
    "108": 0.44312483504882555,
    "109": 0.2322511594719943,
    "110": 0.21780840426969328,
    "111": 5.735479677283677e-05,
    "112": 0.22308546059933407,
    "113": 0.23197768315959477,
    "114": 0.15408462505236697,
    "115": 0.2841930116472546,
    "116": 0.1627005245951494,
    "117": 0.17225325884543763,
    "118": 0.26773575039219105,
    "119": 0.1067193675889328,
    "120": 0.2395861693438606,
    "121": 0.03871158392434988,
    "122": 0.15249604373471443,
    "123": 0.1877502001601281,
    "124": 0.15005931198102015,
    "125": 0.2161559888579387,
    "126": 0.03735916914382179,
    "127": 0.15453393410306956,
    "128": 0.21786218803955423,
    "129": 0.241503326739795,
    "130": 0.20289106866288073,
    "131": 0.22735674676524953,
    "132": 0.16702290076335877,
    "133": 0.18544948220346358,
    "134": 0.20767888307155322,
    "135": 0.0017861202221284057,
    "136": 0.00470756062767475,
    "137": 0,
    "138": 0.24843462246777165,
    "139": 0.26830318690783805,
    "140": 0.20742713419144843,
    "141": 0.20508855777340457,
    "142": 0.035863556694081165,
    "143": 0.07692307692307693,
    "144": 0,
    "145": 0.13516176712103795,
    "146": 0.005017301038062283,
    "147": 0.05482790130977764,
    "148": 0.0005198856251624642,
    "149": 0.14546915812738598,
    "150": 0.22288313505948215,
    "151": 0.04362151375933918,
    "152": 0.1864030215507665,
    "153": 0.11744320369657296,
    "154": 0,
    "155": 0.130328120208525,
    "156": 0.17193556723231976,
    "157": 0.0030404378230465185,
    "158": 0.08984615384615384,
    "159": 0,
    "160": 0.312710911136108,
    "161": 0.034535923527597906,
    "162": 0.10341401734104046,
    "163": 0.2766910205043601,
    "164": 0.1081921248323784,
    "165": 0.23889761530772527,
    "166": 0.23042745518614985,
    "167": 0,
    "168": 0.378499735868991,
    "169": 0.03801972539160704,
    "170": 0.2746710526315789,
    "171": 0.2736949846468782,
    "172": 0.1060994867745756,
    "173": 0.3054820415879017,
    "174": 0,
    "175": 0.2208067940552017,
    "176": 0.25522648083623695,
    "177": 0.20070128569043247,
    "178": 0.2654320987654321,
    "179": 0.2028788701792504,
    "180": 0.21181784885850324,
    "181": 0.08767123287671233,
    "182": 0.10835380835380835,
    "183": 0,
    "184": 0.03005710850616171,
    "185": 0.2075365579302587,
    "186": 0.2094157685762904,
    "187": 0,
    "188": 0.17263475310968715,
    "189": 0.06776270550728261,
    "190": 0.21565103741218755,
    "191": 0.15511690952219587,
    "192": 0.21843921843921843,
    "193": 0.22806331835059604,
    "194": 0.21677729134303064,
    "195": 0.11256768310059846,
    "196": 0.2572164000735429
}