{
    "0": 0.004155980305895127,
    "1": 0.26113776559287183,
    "2": 0.3119642641554992,
    "3": 0.2946708463949843,
    "4": 0,
    "5": 0.17958464676432412,
    "6": 0.23326351068286552,
    "7": 0.2923166926677067,
    "8": 0.2733073040662794,
    "9": 0.259372197309417,
    "10": 0.29824342842905194,
    "11": 0.16564295621161085,
    "12": 0.295573792546751,
    "13": 0.20607463906292564,
    "14": 0.285977105478332,
    "15": 0.33238015138772076,
    "16": 0,
    "17": 0.17518072289156628,
    "18": 0,
    "19": 0.3156114972759722,
    "20": 0.300428527701255,
    "21": 0.1917062361506806,
    "22": 0.07144514033866853,
    "23": 0.1326495596141381,
    "24": 0,
    "25": 0,
    "26": 0.026227303295225286,
    "27": 0.24293785310734464,
    "28": 0.3066237754057611,
    "29": 0.3156192236598891,
    "30": 0.2587917042380523,
    "31": 0,
    "32": 0.09912298592698347,
    "33": 0,
    "34": 0.1562084391246524,
    "35": 0,
    "36": 0.006996381182147165,
    "37": 0.2616142945163278,
    "38": 0.29324586977648204,
    "39": 0.30757234448102583,
    "40": 0.1972310969116081,
    "41": 0.213270672485174,
    "42": 0.25178244041556325,
    "43": 0,
    "44": 0.2872962165487542,
    "45": 0.2928813559322034,
    "46": 0.25523245045378773,
    "47": 0.2519104318464546,
    "48": 0.01717983043284248,
    "49": 0.29168184578020645,
    "50": 0.2656875834445928,
    "51": 0.13832226916113458,
    "52": 0.21073420074349442,
    "53": 0.26547361221930926,
    "54": 0,
    "55": 0.29711160964666294,
    "56": 0.30708661417322836,
    "57": 0.32631287238464735,
    "58": 0.25231992929739283,
    "59": 0,
    "60": 0.2884017182639609,
    "61": 0.26002831524303915,
    "62": 0.2702506883060426,
    "63": 0.3231807951987997,
    "64": 0.24130596618100605,
    "65": 0.04635709716583335,
    "66": 0.0002626699629171817,
    "67": 0.20238353196099676,
    "68": 0.1989212513484358,
    "69": 0.014662568830836215,
    "70": 0.21765444787027521,
    "71": 0,
    "72": 0.0528073948656935,
    "73": 0,
    "74": 0.2425908952031775,
    "75": 0.21311957640829535,
    "76": 0.23975774848592804,
    "77": 0.40740126120146036,
    "78": 0.2265689418231791,
    "79": 0.2764375413086583,
    "80": 0.23286052009456265,
    "81": 0.081554706807459,
    "82": 0.23304361952725205,
    "83": 0.1786483947615627,
    "84": 0.29331823329558326,
    "85": 0,
    "86": 0.12681159420289856,
    "87": 0.3003935286401399,
    "88": 0.23682864450127877,
    "89": 0.2243969948596283,
    "90": 0.20079161317928967,
    "91": 0,
    "92": 0.27849355797819625,
    "93": 0.000769988912159665,
    "94": 0.3106135986733002,
    "95": 0.27252703243892673,
    "97": 0,
    "98": 0.003556345854634363,
    "99": 0.2911329229745467,
    "100": 0.029769959404600813,
    "101": 0.25280847565987763,
    "102": 0.0020067284424246,
    "103": 0.2899755501222494,
    "104": 0.24597938144329898,
    "105": 0,
    "106": 0.17188084257758943,
    "107": 0.16611944271896353,
    "108": 0.26749123130884256,
    "109": 0.2834398605461941,
    "110": 0.25567089580930413,
    "111": 6.617633156232866e-05,
    "112": 0.3136544730170228,
    "113": 0.29123455036226736,
    "114": 0.24881749219098617,
    "115": 0.32688104901654697,
    "116": 0.2343466245558626,
    "117": 0.26867295141406816,
    "118": 0.35993794173418375,
    "119": 0.11552663970458942,
    "120": 0.3179717237629146,
    "121": 0.06036648440963499,
    "122": 0.2274713682941531,
    "123": 0.23734409391049155,
    "124": 0.14829518916394208,
    "125": 0.2943951165371809,
    "126": 0.0573185461732733,
    "127": 0.2215568862275449,
    "128": 0.2967712034605283,
    "129": 0.2982872647108699,
    "130": 0.29009433962264153,
    "131": 0.349530481442838,
    "132": 0.2806518648146123,
    "133": 0.24587851538393724,
    "134": 0.18134598012646794,
    "135": 0.0019092929356161383,
    "136": 0.005766871165644172,
    "137": 0,
    "138": 0.3305932809149392,
    "139": 0.2416934619506967,
    "140": 0.2976066597294485,
    "141": 0.29320113314447593,
    "142": 0.05603535523918764,
    "143": 0.07350230414746543,
    "144": 0,
    "145": 0.16629247118694807,
    "146": 0.004028776978417266,
    "147": 0.05260739719733517,
    "148": 0.0004749532031402788,
    "149": 0.16014606155451225,
    "150": 0.2891552245752851,
    "151": 0.07873806998939555,
    "152": 0.23987915407854984,
    "153": 0.1827129137233114,
    "154": 0,
    "155": 0.20634090195668098,
    "156": 0.2442964935641367,
    "157": 0.002018389773491814,
    "158": 0.13720437496421004,
    "159": 0,
    "160": 0.28172817281728174,
    "161": 0.028506271379703536,
    "162": 0.13817638791286016,
    "163": 0.25491340727768047,
    "164": 0.1779204107830552,
    "165": 0.31599829956071984,
    "166": 0.29789771880125243,
    "167": 0,
    "168": 0.3193629505448449,
    "169": 0.05754510135784898,
    "170": 0.34603421461897355,
    "171": 0.3461314717859221,
    "172": 0.17073297883432384,
    "173": 0.31510767160161507,
    "174": 0,
    "175": 0.29354476214258957,
    "176": 0.30900447427293065,
    "177": 0.26475763877779557,
    "178": 0.30615586116568433,
    "179": 0.20930232558139536,
    "180": 0.282542393558619,
    "181": 0.08436830835117773,
    "182": 0.1110223642172524,
    "183": 0,
    "184": 0.026227303295225286,
    "185": 0.2602930914166085,
    "186": 0.27760718753553965,
    "187": 0,
    "188": 0.2358256555634302,
    "189": 0.10873376623376624,
    "190": 0.3118560915780867,
    "191": 0.25430799927444225,
    "192": 0.2823734729493892,
    "193": 0.30386121992165643,
    "194": 0.3107004727116459,
    "195": 0.11083798882681564,
    "196": 0.31372209724865896
}