{
    "0": 0.00046305728944785046,
    "1": 0.002556727388942154,
    "2": 0.0026554547466253594,
    "3": 0.0030969845150774244,
    "4": 0,
    "5": 0.0023699891657638136,
    "6": 0.002500994713806628,
    "7": 0.0022007580388800586,
    "8": 0.0022022389429253073,
    "9": 0.0037291690945111295,
    "10": 0.0027083494544610383,
    "11": 0.00424038602134815,
    "12": 0.0028482868392393397,
    "13": 0.002064528519300941,
    "14": 0.0039713041250320266,
    "15": 0.0035989203239028293,
    "16": 0,
    "17": 0.004185559818625741,
    "18": 0,
    "19": 0.003981344556933227,
    "20": 0.003311884935654807,
    "21": 0.0019138755980861245,
    "22": 0.0043469670025686625,
    "23": 0.001352447930754666,
    "24": 0,
    "25": 0,
    "26": 0.003721314864585487,
    "27": 0.002992945200598589,
    "28": 0.0033222591362126247,
    "29": 0.0032716395587960366,
    "30": 0.002303603071470762,
    "31": 0,
    "32": 0.005005840146837978,
    "33": 0,
    "34": 0.0035600182565038796,
    "35": 0,
    "36": 0.0014018691588785046,
    "37": 0.002968311271560369,
    "38": 0.0025816249050873196,
    "39": 0.003391626921038686,
    "40": 0.004955699053911999,
    "41": 0.0028004667444574095,
    "42": 0.003463434128147063,
    "43": 0,
    "44": 0.0035776445561786887,
    "45": 0.0032211579215054675,
    "46": 0.0024378352023403218,
    "47": 0.0021139166177334117,
    "48": 0.0027151211361737676,
    "49": 0.002891712959439921,
    "50": 0.003457814661134163,
    "51": 0.0016933207902163688,
    "52": 0.004163997437540038,
    "53": 0.0028079509347520874,
    "54": 0,
    "55": 0.0030493117267816694,
    "56": 0.00287399788231735,
    "57": 0.003159032338515255,
    "58": 0.0021014535053411943,
    "59": 0,
    "60": 0.002880773162345507,
    "61": 0.0022826824603615274,
    "62": 0.004010071808262613,
    "63": 0.003249390739236393,
    "64": 0.0025628248024489216,
    "65": 0.0006206954175967151,
    "66": 6.169507210611552e-05,
    "67": 0.004544765944553855,
    "68": 0.0042417815482502655,
    "69": 0.001728608470181504,
    "70": 0.003157811636535881,
    "71": 0,
    "72": 0.0007847348422269949,
    "73": 0,
    "74": 0.0034580960130187145,
    "75": 0.003980810452179239,
    "76": 0.0020332496112905156,
    "77": 0.003260278934975548,
    "78": 0.0026324036352240675,
    "79": 0.0038939170700905074,
    "80": 0.0020318682493850925,
    "81": 0.004142346074185652,
    "82": 0.0021488787261006114,
    "83": 0.0015813161415886145,
    "84": 0.0042293233082706765,
    "85": 0,
    "86": 0.00533689126084056,
    "87": 0.003064995943387722,
    "88": 0.003268536039910545,
    "89": 0.0036231884057971015,
    "90": 0.0027256208358570565,
    "91": 0,
    "92": 0.0026683519415771364,
    "93": 0.00016128041287785696,
    "94": 0.0032355915065722953,
    "95": 0.003958120531154239,
    "96": 0.003556345854634363,
    "97": 0,
    "99": 0.003743371113652906,
    "100": 0.002266172229089411,
    "101": 0.00247270972800193,
    "102": 0.0005824451045488962,
    "103": 0.002840036843721216,
    "104": 0.004628369180506398,
    "105": 0,
    "106": 0.0035842293906810036,
    "107": 0.0023146617287216455,
    "108": 0.003915984336062656,
    "109": 0.0028712361039534714,
    "110": 0.003279239889010342,
    "111": 8.494412564180006e-05,
    "112": 0.0036271708067707187,
    "113": 0.0029330726157674875,
    "114": 0.0024293417076494636,
    "115": 0.0029884198729921555,
    "116": 0.0021391518263008716,
    "117": 0.002885215221459763,
    "118": 0.0035703659625111574,
    "119": 0.0044975404075896,
    "120": 0.003131179960448253,
    "121": 0.001413172078348889,
    "122": 0.0019058411455650562,
    "123": 0.0040480863591756625,
    "124": 0.0038691523039043265,
    "125": 0.0027667300708974583,
    "126": 0.0014077590440333934,
    "127": 0.002115229653505238,
    "128": 0.003164860458425242,
    "129": 0.003146963180530788,
    "130": 0.002876397107166338,
    "131": 0.003304060516476828,
    "132": 0.002433428352916638,
    "133": 0.0021142890703001118,
    "134": 0.004876462938881665,
    "135": 0.0005898606066250659,
    "136": 0.0014289116456299119,
    "137": 0,
    "138": 0.003721820501914079,
    "139": 0.003681710213776722,
    "140": 0.003321952569899419,
    "141": 0.003184150008844861,
    "142": 0.0013008228460793805,
    "143": 0.003909304143862392,
    "144": 0,
    "145": 0.004219877845641311,
    "146": 0.0016759776536312849,
    "147": 0.004448938321536906,
    "148": 0.0003613218822090664,
    "149": 0.004282933160285529,
    "150": 0.0023395233221231173,
    "151": 0.0010185839604207375,
    "152": 0.0042889693070633965,
    "153": 0.0024281667341157424,
    "154": 0,
    "155": 0.0028674362179251524,
    "156": 0.0022523857506964616,
    "157": 0.001076426264800861,
    "158": 0.0021489009267135245,
    "159": 0,
    "160": 0.004388448471121178,
    "161": 0.0037680552648105504,
    "162": 0.0028719912472647702,
    "163": 0.0038085565570648724,
    "164": 0.002168788307402169,
    "165": 0.0030973070635808312,
    "166": 0.003423706856666975,
    "167": 0,
    "168": 0.00390625,
    "169": 0.001444142626276519,
    "170": 0.0035147392290249433,
    "171": 0.003505597647857062,
    "172": 0.001626268101912801,
    "173": 0.0030587275693311584,
    "174": 0,
    "175": 0.0028087696028711866,
    "176": 0.0029965753424657533,
    "177": 0.0038282462493533366,
    "178": 0.0033132530120481927,
    "179": 0.004174397031539889,
    "180": 0.0025500347732014526,
    "181": 0.005017921146953405,
    "182": 0.004971135343168698,
    "183": 0,
    "184": 0.003721314864585487,
    "185": 0.0037381060262800182,
    "186": 0.0026122922864813872,
    "187": 0,
    "188": 0.004039923954372623,
    "189": 0.001197254296812643,
    "190": 0.003888722704157942,
    "191": 0.002510760401721664,
    "192": 0.002581692114774655,
    "193": 0.003548941041785919,
    "194": 0.003062921151658353,
    "195": 0.004468275245755138,
    "196": 0.0032559605083499633
}