{
    "0": 0.004462467133281487,
    "1": 0.23652094717668487,
    "2": 0.2525122942056874,
    "3": 0.2389973431904817,
    "4": 0,
    "5": 0.21830655013626538,
    "6": 0.21716772151898733,
    "7": 0.23598151216534402,
    "8": 0.22706896551724137,
    "9": 0.18810532687651332,
    "10": 0.2358222027589227,
    "11": 0.1608492263404102,
    "12": 0.22626545369722417,
    "13": 0.2068691681556482,
    "14": 0.21909043748919246,
    "15": 0.25300515168860904,
    "16": 0,
    "17": 0.1557566828036203,
    "18": 0,
    "19": 0.2185859833281877,
    "20": 0.2551423511783136,
    "21": 0.20499309998745452,
    "22": 0.06627243066884177,
    "23": 0.12549948201864733,
    "24": 0,
    "25": 0,
    "26": 0.02505919494869771,
    "27": 0.21415963914493039,
    "28": 0.2719809322033898,
    "29": 0.27497581870940996,
    "30": 0.21786331112755983,
    "31": 0,
    "32": 0.08916274012323305,
    "33": 0,
    "34": 0.1697386840877275,
    "35": 0,
    "36": 0.04226197622763837,
    "37": 0.24609375,
    "38": 0.23451754856713533,
    "39": 0.2437200956937799,
    "40": 0.180128934395146,
    "41": 0.1787091536431906,
    "42": 0.2134711332858161,
    "43": 0,
    "44": 0.29784109267146425,
    "45": 0.2640128968253968,
    "46": 0.21992688939896285,
    "47": 0.20277088171698565,
    "48": 0.024098785102569208,
    "49": 0.23095849379546426,
    "50": 0.2749519538757207,
    "51": 0.2547647099591101,
    "52": 0.1762582715059154,
    "53": 0.2079975825946817,
    "54": 0,
    "55": 0.24840923268870868,
    "56": 0.22897444055573232,
    "57": 0.30494998717619903,
    "58": 0.20857418111753373,
    "59": 0,
    "60": 0.2139599695971624,
    "61": 0.20622995103832517,
    "62": 0.23658728081654018,
    "63": 0.27998924152770305,
    "64": 0.2837314396384764,
    "65": 0.05296910244977181,
    "66": 0.00025371149159292375,
    "67": 0.19379391100702575,
    "68": 0.2111689351481185,
    "69": 0.018243872168786843,
    "70": 0.21748586341887777,
    "71": 0,
    "72": 0.07615527672496998,
    "73": 0,
    "74": 0.2922982697902312,
    "75": 0.190291521797272,
    "76": 0.18873351977626848,
    "77": 0.36432949618777094,
    "78": 0.21974855945521216,
    "79": 0.2625893808002434,
    "80": 0.1896836214936509,
    "81": 0.07465346534653465,
    "82": 0.19769874476987448,
    "83": 0.1623369793857804,
    "84": 0.20142879329088367,
    "85": 0,
    "86": 0.12913203170307366,
    "87": 0.2542879417879418,
    "88": 0.2555652282054471,
    "89": 0.1830671475184613,
    "90": 0.41004905210128595,
    "91": 0,
    "92": 0.22283140787154884,
    "93": 0.0007969898307162946,
    "94": 0.2563617856623528,
    "95": 0.19956397786349153,
    "96": 0.2911329229745467,
    "97": 0,
    "98": 0.003743371113652906,
    "100": 0.028798411122144985,
    "101": 0.23543063434760186,
    "102": 0.0019351166761525328,
    "103": 0.23799150419344298,
    "104": 0.23008356545961003,
    "105": 0,
    "106": 0.1627933999535208,
    "107": 0.20298453793599425,
    "108": 0.20166352793471437,
    "109": 0.22122265385401757,
    "110": 0.22041763341067286,
    "111": 0.0009980509759243742,
    "112": 0.24996099235450148,
    "113": 0.2306259314456036,
    "114": 0.2441860465116279,
    "115": 0.23735050597976082,
    "116": 0.18976897689768976,
    "117": 0.29342527642373084,
    "118": 0.2520567375886525,
    "119": 0.1106308037143772,
    "120": 0.23619025468077684,
    "121": 0.07567024876361879,
    "122": 0.19568706818340428,
    "123": 0.28095152279690033,
    "124": 0.12477249747219414,
    "125": 0.24240934234787953,
    "126": 0.07246003094378546,
    "127": 0.19440092636741366,
    "128": 0.25817627494456763,
    "129": 0.234923887587822,
    "130": 0.25634911172051983,
    "131": 0.3679272517321016,
    "132": 0.253539644012945,
    "133": 0.18837282284638318,
    "134": 0.1458212138840411,
    "135": 0.0018725442043222003,
    "136": 0.040980607391145264,
    "137": 0,
    "138": 0.2518563418699803,
    "139": 0.20047058823529412,
    "140": 0.2590216519647153,
    "141": 0.27819449927622053,
    "142": 0.07110068346424564,
    "143": 0.06926670729230144,
    "144": 0,
    "145": 0.1550728622491064,
    "146": 0.003562475260588468,
    "147": 0.05018211250505868,
    "148": 0.004400044277175116,
    "149": 0.14928909952606634,
    "150": 0.2232188360004077,
    "151": 0.08991924727793002,
    "152": 0.23615214180206795,
    "153": 0.16909336535574904,
    "154": 0,
    "155": 0.22495894909688013,
    "156": 0.20703950577141927,
    "157": 0.0025600630169358013,
    "158": 0.12745420642755292,
    "159": 0,
    "160": 0.1968721251149954,
    "161": 0.027465918203688853,
    "162": 0.1424090870560312,
    "163": 0.1903193941389529,
    "164": 0.16004126964860108,
    "165": 0.2859176805591509,
    "166": 0.25292397660818716,
    "167": 0,
    "168": 0.24924605286499912,
    "169": 0.07355333488264001,
    "170": 0.2738430917233372,
    "171": 0.27356930201786306,
    "172": 0.1586127629803608,
    "173": 0.24598698481561823,
    "174": 0,
    "175": 0.24050632911392406,
    "176": 0.2505229481973668,
    "177": 0.2504419563936358,
    "178": 0.24112070185368614,
    "179": 0.17248697665444723,
    "180": 0.24080598987007268,
    "181": 0.0863364810175371,
    "182": 0.100160113858744,
    "183": 0,
    "184": 0.02505919494869771,
    "185": 0.22079925937355346,
    "186": 0.24910957469097003,
    "187": 0,
    "188": 0.28236118409528815,
    "189": 0.1315641255011099,
    "190": 0.296078431372549,
    "191": 0.23059341403538475,
    "192": 0.227817993795243,
    "193": 0.2487852283770651,
    "194": 0.26303014818599896,
    "195": 0.11086607858861267,
    "196": 0.24554102259215219
}